:020000040800F2
:100000000000022049140008890D0008950D000821
:10001000AB0D0008B30D0008BB0D00080000000088
:10002000000000000000000000000000C30D0008F8
:10003000D10D000800000000DF0D0008ED0D0008E4
:1000400099140008991400089914000899140008DC
:1000500099140008991400089914000899140008CC
:10006000991400089914000899140008F90D000863
:100070000D0E00089914000899140008991400083E
:100080009914000899140008210E0008991400081A
:10009000991400089914000899140008991400088C
:1000A000991400089914000899140008991400087C
:1000B000991400083D0E00089914000899140008CE
:1000C000991400089914000899140008991400085C
:1000D000991400089914000899140008991400084C
:1000E000991400089914000899140008991400083C
:1000F000991400089914000899140008991400082C
:10010000991400089914000899140008991400081B
:10011000510E000899140008991400089914000859
:1001200099140008991400089914000899140008FB
:1001300099140008991400089914000899140008EB
:1001400099140008991400089914000899140008DB
:1001500099140008991400089914000899140008CB
:1001600099140008991400089914000899140008BB
:1001700099140008991400089914000899140008AB
:10018000991400089914000899140008991400089B
:100190009914000800000000991400089914000840
:1001A000991400089914000899140008991400087B
:1001B000991400089914000899140008991400086B
:1001C000991400089914000899140008991400085B
:0801D0009914000899140008BD
:1001D80010B5054C237833B9044B13B10448AFF379
:1001E80000800123237010BD7C0200200000000065
:1001F800A4FC000808B5034B1BB103490348AFF33F
:10020800008008BD0000000080020020A4FC000857
:1002180053B94AB9002908BF00281CBF4FF0FF3165
:100228004FF0FF3000F088B9ADF1080C6DE904CE4D
:1002380000F006F8DDF804E0DDE9022304B07047B9
:100248002DE9F047089D0F4604468C46002B48D1FF
:100258008A42164661D9B2FA82F34BB1C3F1200241
:1002680001FA03FC20FA02F29E4042EA0C0C9C4080
:100278004FEA164EB7B2BCFBFEF1220C0EFB11CCB6
:1002880042EA0C4201FB07F0904209D9B21801F189
:10029800FF3C80F0EE80904240F2EB80023932441D
:1002A800121AA4B2B2FBFEF00EFB102244EA02447A
:1002B80000FB07F7A74209D9341900F1FF3280F093
:1002C800DA80A74240F2D7803444023840EA01403D
:1002D800E41B00211DB1DC400023C5E90043BDE853
:1002E800F0878B4206D90DB1C5E900010021084607
:1002F800BDE8F087B3FA83F1002948D1BB4202D3A5
:10030800824200F20781841A67EB030201209446B7
:10031800002DE4D0C5E9004CE1E7002A00F0928006
:10032800B2FA82F3002B40F0A8808A1A4FEA164EE0
:100338001FFA86FC0121200CB2FBFEF70EFB1722E8
:1003480040EA02420CFB07F0904207D9B21807F1C5
:10035800FF3802D2904200F2E2804746121AA4B255
:10036800B2FBFEF00EFB102244EA02440CFB00FC38
:10037800A44507D9341900F1FF3202D2A44500F28E
:10038800CB801046A4EB0C0440EA0740A2E7C1F179
:1003980020068B4022FA06FC4CEA030C07FA01F40B
:1003A80020FA06F3F7404FEA1C49234300FA01F804
:1003B8001FFA8CFEB7FBF9F01C0C09FB107744EA16
:1003C800074400FB0EF7A74202FA01F20AD91CEB18
:1003D800040400F1FF3A80F09B80A74240F2988025
:1003E80002386444E41B9FB2B4FBF9F309FB1344DD
:1003F80047EA044403FB0EFEA64509D91CEB040496
:1004080003F1FF3780F08280A6457FD9023B644420
:1004180043EA0040A4EB0E04A0FB02E7BC4273468B
:10042800B94663D360D05DB1B8EB030264EB09044D
:1004380004FA06F622FA01F31E43CC40C5E900642B
:1004480000214CE76208480842EAC1710B0C43EAF4
:1004580000438AB242EA0342B3FBF6F1E407B4462A
:100468003746B6461F23B0FBF6F0D21B41EA0041DF
:1004780061E7614614E7104628E7C3F1200120FA36
:1004880001F29E4027FA01F19F403A434FEA164E87
:100498001FFA86FCB1FBFEF70EFB1710110C41EAA0
:1004A800004107FB0CF8884504FA03F43AD971189F
:1004B80007F1FF3001D288451FD8A1EB0801B1FB35
:1004C800FEF808FB0CF70EFB181192B242EA014243
:1004D800BA422FD2B21808F1FF31C6D2BA42C4D2FA
:1004E800A8F102013244C0E7F0459CD2BEEB0203FA
:1004F80067EB0C070138B94695E7A6EB08084144B5
:10050800B81EB1FBFEF808FB0CF7DCE73B467FE7BB
:10051800504667E70846FBE63444023832E7023FB4
:1005280032441BE7A1EB08013846B1FBFEF808FB93
:100538000CF7C8E7414698E7704700BF80B500AFA1
:1005480009F030F800F016F800F03EFB00F00AFB66
:1005580000F05CF800F0DEF800F086F900F0B6FA7A
:1005680000F03CFA05F0EEFF642009F08BF805F086
:10057800F7FFFCE780B594B000AF07F11803382205
:10058800002118460FF0F4FA3B1D00221A605A6049
:100598009A60DA601A6100200AF0E2FC0223BB616B
:1005A8004FF480737B624023BB6202237B63022388
:1005B800BB630423FB6355233B6402237B64022350
:1005C800BB640223FB6407F11803184609F07CF8A2
:1005D8000346002B01D000F049FB0F237B60032367
:1005E800BB600023FB6000233B6100237B613B1D54
:1005F8000421184609F07AFB0346002B01D000F0CD
:1006080035FB00BF5037BD4680BD000080B592B0B5
:1006180000AF07F13C0300221A605A609A603B461B
:100628003C22002118460FF0A3FA384B4FF0A042A5
:100638001A60364B4FF440325A60344B00229A60AD
:10064800324B0022DA60314B00221A612F4B002214
:100658005A612E4B04229A612C4B00221A772B4B9D
:1006680000225A77294B01221A62284B002283F86C
:100678002420264B002283F83820244B0022DA63FA
:10068800224B002283F84020204806F039FA03461E
:10069800002B01D000F0EAFA0023FB6307F13C03CA
:1006A80019461A4808F076FE0346002B01D000F0E0
:1006B800DDFA174B3B6009237B600123BB607F2376
:1006C800FB6004233B6100237B6101233B62002321
:1006D80087F82430002387F82530002387F8263050
:1006E8008423BB628023FB62002387F830303B46BB
:1006F8001946064808F022F90346002B01D000F0FD
:10070800B5FA00BF4837BD4680BD00BF980200203B
:100718000002B02580B598B000AF07F14003202251
:10072800002118460FF024FA3B1D3C2200211846F0
:100738000FF01EFA474B484A1A60464B4FF44032B6
:100748005A60444B00229A60424B0022DA60414BC7
:1007580000221A613F4B01225A613E4B04229A61E2
:100768003C4B00221A773B4B00225A77394B022226
:100778001A62384B002283F82420364B4FF4A862C3
:10078800DA62344B4FF480621A63324B012283F8E9
:100798003820304B0022DA632E4B002283F84020A9
:1007A8002C4806F0ADF90346002B01D000F05EFAA4
:1007B8002A4B3B6406237B640323BB647F23FB64CF
:1007C80004233B6500237B6507F140031946214854
:1007D80006F0AEFE0346002B01D000F047FA204B8E
:1007E8003B640C237B6407F140031946194806F063
:1007F8009FFE0346002B01D000F038FA194B7B60AE
:100808000923BB600123FB607F233B6104237B61D9
:100818000023BB6101237B62002387F82830002373
:1008280087F82930002387F82A308423FB62802345
:100838003B63002387F834303B1D1946054808F010
:100848007DF80346002B01D000F010FA00BF603796
:10085800BD4680BD0403002000010050000052473F
:100868000008302E0200300480B598B000AF07F1C0
:10087800540300221A605A609A6007F13803002274
:100888001A605A609A60DA601A615A619A613B1D6F
:100898003422002118460FF06BF94E4B4E4A1A606D
:1008A8004C4B00225A604B4B20229A60494B41F234
:1008B8009A02DA60474B00221A61464B00225A61BD
:1008C800444B00229A6143480AF06BFD0346002B13
:1008D80001D000F0CBF970237B654FF4E003BB65D2
:1008E8000023FB6507F1540319463A480CF02CFB2A
:1008F8000346002B01D000F0B9F96023BB63002345
:10090800FB6300233B6408237B640023BB64002350
:10091800FB6400233B6507F13803002219462D4884
:100928000BF088FB0346002B01D000F09FF907F17C
:1009380038030422194627480BF07CFB0346002B9A
:1009480001D000F093F907F138030822194621482D
:100958000BF070FB0346002B01D000F087F9002351
:100968007B6407F138030C2219461A480BF062FB26
:100978000346002B01D000F079F900237B600023A7
:10098800BB600023FB6080233B6100237B614FF445
:100998000053BB610023FB6100233B6200237B62A1
:1009A8004FF00073BB620023FB6200233B6300230C
:1009B8007B633B1D194607480CF05CFB0346002B84
:1009C80001D000F053F9034800F0EAFB00BF60379C
:1009D800BD4680BDD0030020002C014080B590B0FA
:1009E80000AF07F11C032422002118460FF0C0F8BD
:1009F80007F1100300221A605A609A603B460022F1
:100A08001A605A609A60DA602E4B2F4A1A602D4B92
:100A180000225A602B4B00229A602A4B4FF6FF7235
:100A2800DA60284B00221A61264B00229A61254879
:100A38000AF0BCFE0346002B01D000F017F903238F
:100A4800FB6100233B6201237B620023BB6200231E
:100A5800FB6200233B6301237B630023BB6300230A
:100A6800FB6307F11C03194616480BF047F80346C9
:100A7800002B01D000F0FAF800233B610023BB6192
:100A880007F1100319460F480CF05EFA0346002BD5
:100A980001D000F0EBF800233B6001237B600023CA
:100AA800BB600023FB603B460822194605480BF053
:100AB80024FA0346002B01D000F0D8F800BF4037D5
:100AC800BD4680BD1C0400200004004080B500AF76
:100AD800224B234A1A60214B4FF461225A601F4B64
:100AE80000229A601D4B0022DA601C4B00221A611A
:100AF8001A4B0C225A61194B00229A61174B00229B
:100B0800DA61164B00221A62144B00225A62134B08
:100B180000229A6211480CF0ACFB0346002B01D06E
:100B280000F0A4F800210D480DF06BFE0346002BE1
:100B380001D000F09BF8002108480DF0A0FE034604
:100B4800002B01D000F092F804480DF021FE034676
:100B5800002B01D000F08AF800BF80BD6804002097
:100B6800004C004080B582B000AF164B9B6C154A14
:100B780043F004039364134B9B6C03F004037B6002
:100B88007B68104B9B6C0F4A43F0010393640D4B39
:100B98009B6C03F001033B603B68002200210B20A3
:100BA8000AF0AFFB0B200AF0C6FB002200210C2044
:100BB8000AF0A7FB0C200AF0BEFB00BF0837BD46B1
:100BC80080BD00BF0010024080B58AB000AF254B41
:100BD800DB6C244A43F02003D364224BDB6C03F024
:100BE80020033B613B691F4BDB6C1E4A43F0040347
:100BF800D3641C4BDB6C03F00403FB60FB68194BEC
:100C0800DB6C184A43F00103D364164BDB6C03F02A
:100C18000103BB60BB68134BDB6C124A43F0020351
:100C2800D364104BDB6C03F002037B607B6807F135
:100C3800140300221A605A609A60DA601A614FF44D
:100C480000737B610123BB610023FB6103233B62CB
:100C580007F114031946044809F0CEFC00BF2837F1
:100C6800BD4680BD001002400004004880B400AFBB
:100C780072B600BF00BFFDE780B483B000AF7860F4
:100C880039602B4A3B6813607B682A4A13607B688B
:100C9800002B1FD07B681B68274A13607B685B6842
:100CA800264A13607B689B68254A13607B68DB686B
:100CB800244A13607B681B69234A13607B685B695D
:100CC800224A13607B689B69214A13607B68DB6951
:100CD800204A1360204B9B6A204A13601E4BDB6A34
:100CE8001F4A13601C4B1B6B1E4A13601A4BDB6BAD
:100CF8001D4A1360184B5B6B1C4A1360164B9B6BA9
:100D08001B4A1360144B5B681A4A1360124B5B6AE8
:100D1800194A1360194B5B6C184A23F40043536457
:100D2800164B1B68154A23F00103136000BFFDE74B
:100D38007C0500208005002084050020880500200F
:100D48008C050020900500209405002098050020BF
:100D58009C050020A005002000ED00E05C050020B7
:100D68006005002064050020680500206C0500204F
:100D7800700500207405002078050020002C014033
:100D880080B500AF09F088F900BF80BD1EF0040FE0
:100D98000CBFEFF30880EFF309807146FFF76CBFD3
:100DA80000BF80B400AF00BFFDE780B400AF00BF54
:100DB800FDE780B400AF00BFFDE780B400AF00BF1F
:100DC800BD465DF8047B704780B400AF00BFBD46E8
:100DD8005DF8047B704780B400AF00BFBD465DF886
:100DE800047B704780B500AF08F02EFC00BF80BDC3
:100DF80080B500AF024809F064FF00BF80BD00BFA6
:100E08007003002080B500AF024809F05AFF00BF08
:100E180080BD00BFFC04002080B500AF034806F089
:100E2800FFF8034806F0FCF800BF80BD98020020D8
:100E38000403002080B500AF02480AF00FFF00BF8E
:100E480080BD00BF1C04002080B500AF02480CF034
:100E5800E1FA00BF80BD00BF6804002080B582B001
:100E680000AF0F4B1B6E0E4A43F0010313660C4B89
:100E78001B6E03F001037B607B68094B9B6D084A7E
:100E880043F080539365064B9B6D03F080533B60A2
:100E98003B680AF009F900BF0837BD4680BD00BFAE
:100EA8000010024080B5A2B000AF786007F174036B
:100EB80000221A605A609A60DA601A6107F120030A
:100EC8005422002118460EF053FE7B681B68B3F1CC
:100ED800A04F45D14FF400433B624FF000537B666F
:100EE80007F12003184609F039F90346002B01D011
:100EF800FFF7BCFE644B1B680133634A1360624B07
:100F08001B68012B0BD1614BDB6C604A43F4005327
:100F1800D3645E4BDB6C03F40053FB61FB695B4BF2
:100F2800DB6C5A4A43F00403D364584BDB6C03F080
:100F38000403BB61BB6908237B670323BB670023EA
:100F4800FB6707F174031946514809F055FB002265
:100F5800002112200AF0D5F912200AF0ECF98EE0EF
:100F68007B681B684B4A934240F089804FF40043EA
:100F78003B624FF000537B6607F12003184609F0E7
:100F8800EDF80346002B01D0FFF770FE3E4B1B68BF
:100F980001333D4A13603C4B1B68012B0BD13B4B83
:100FA800DB6C3A4A43F40053D364384BDB6C03F4EC
:100FB80000537B617B69354BDB6C344A43F001039A
:100FC800D364324BDB6C03F001033B613B692F4B6D
:100FD800DB6C2E4A43F00403D3642C4BDB6C03F028
:100FE8000403FB60FB6811237B670323BB670023B3
:100FF800FB6707F1740319464FF0904009F0FCFABB
:1010080020237B670323BB670023FB6707F1740377
:1010180019461F4809F0F0FA1F4B204A1A601E4B68
:1010280024225A601C4B00229A601B4B0022DA6073
:10103800194B80221A61184B4FF480725A61164B73
:101048004FF480629A61144B2022DA61124B00221D
:101058001A62114809F052FC0346002B01D0FFF731
:1010680005FE7B680C4A5A650B4A7B68936200222E
:10107800002112200AF045F912200AF05CF900BF9D
:101088008837BD4680BD00BFA4050020001002407F
:1010980000080048000100507003002008000240CA
:1010A80080B485B000AF78607B681B680A4A9342B9
:1010B8000BD10A4B1B6E094A43F400631366074BB6
:1010C8001B6E03F40063FB60FB6800BF1437BD466A
:1010D8005DF8047B704700BF002C014000100240FF
:1010E80080B58AB000AF786007F1140300221A6057
:1010F8005A609A60DA601A617B681B68254A9342D5
:1011080043D1254B9B6D244A43F002039365224B40
:101118009B6D03F002033B613B691F4BDB6C1E4A6E
:1011280043F00403D3641C4BDB6C03F00403FB6043
:10113800FB684FF4E0737B610223BB610023FB6112
:1011480000233B6202237B6207F11403194613480C
:1011580009F052FA002200211D200AF0D2F81D20C1
:101168000AF0E9F87B681B68DA687B681B6822F07C
:101178001F02DA607B681B686FF01F021A611D206E
:101188000AF001F91D200AF0E4F800BF2837BD462F
:1011980080BD00BF00040040001002400008004865
:1011A80080B58AB000AF786007F1140300221A6096
:1011B8005A609A60DA601A617B681B68284A934211
:1011C80049D1284BDB6C274A43F00403D364254BF1
:1011D800DB6C03F004033B613B69224BDB6C214A67
:1011E80043F00203D3641F4BDB6C03F00203FB6084
:1011F800FB6807237B610223BB610023FB6100239B
:101208003B6202237B6207F114031946164809F072
:10121800F3F94FF4C0437B610223BB610023FB61F8
:1012280000233B6206237B6207F1140319460F482B
:1012380009F0E2F94FF400437B610223BB6100230C
:10124800FB6100233B6204237B6207F11403194608
:10125800064809F0D1F900BF2837BD4680BD00BF58
:10126800002C01400010024000080048000400481B
:1012780080B59EB000AF786007F1640300221A6061
:101288005A609A60DA601A6107F11003542200214B
:1012980018460EF06DFC7B681B68374A934267D18D
:1012A80008233B6100233B6207F11003184608F04E
:1012B80055FF0346002B01D0FFF7D8FC2F4B9B6D41
:1012C8002E4A43F4002393652C4B9B6D03F40023B3
:1012D800FB60FB68294BDB6C284A43F00403D364AA
:1012E800264BDB6C03F00403BB60BB684FF4406320
:1012F8007B660223BB660023FB6600233B6705234E
:101308007B6707F1640319461D4809F075F91D4B01
:101318001D4A1A601B4B1F225A601A4B10229A60F2
:10132800184B0022DA60174B80221A61154B0022F5
:101338005A61144B00229A61124B0022DA61114B58
:1013480000221A620F4809F0D9FA0346002B01D08F
:10135800FFF78CFC7B680B4ADA670A4A7B68936262
:1013680000220021342009F0CCFF342009F0E3FFEB
:1013780000BF7837BD4680BD004C004000100240D9
:1013880000080048FC0400201C00024080B586B01C
:1013980000AF7860144A154BD31A7B617B693B61B7
:1013A800134B1B68002B02D1114B124A1A60104BC9
:1013B8001A687B6813443A699A4207D20EF034FCE3
:1013C80003460C221A604FF0FF3309E0084B1B68F4
:1013D800FB60074B1A687B681344054A1360FB6877
:1013E80018461837BD4680BD0000022000040000E2
:1013F800A8050020D007002080B400AF01231846BC
:10140800BD465DF8047B704780B582B000AF786058
:1014180039600EF009FC034616221A604FF0FF33BC
:1014280018460837BD4680BD80B582B000AF7860E9
:101438004FF0FF317868FFF7E7FF00BFFDE70000D6
:101448000D48854605F0E4F80C480D490D4A00237F
:1014580002E0D458C4500433C4188C42F9D30A4A61
:101468000A4C002301E013600432A242FBD30EF0C1
:10147800E1FBFFF763F8FEE7000002200000002010
:101488007C020020EC0001087C020020D00700202C
:10149800FEE7000080B582B000AF78600B467B8025
:1014A8007B88002B10D00B4BD3F88830202B14BF2F
:1014B80001230023DBB2002B08D17B881A46796808
:1014C80004480BF027FF02E000BF00E000BF083728
:1014D800BD4680BD6804002080B483B000AF78604A
:1014E8007A68137823F0010313707A68137823F06D
:1014F800020313707A68137823F0040313707A6870
:10150800137823F0080313707B6818460C37BD4620
:101518005DF8047B704780B400AF62B600BFBD467B
:101528005DF8047B704780B400AF72B600BFBD465B
:101538005DF8047B7047000080B487B000AF87ED8A
:10154800030AC7ED020A87ED011A3F4B1B68DB6AE5
:101558007B61D7ED037AB7EE007AF4EEC77AF1EE45
:1015680010FA03DD4FF07E53FB6009E0D7ED037AF4
:10157800F5EEC07AF1EE10FA02D54FF00003FB60E9
:10158800D7ED027AB7EE007AF4EEC77AF1EE10FAE8
:1015980003DD4FF07E53BB6009E0D7ED027AF5EE2C
:1015A800C07AF1EE10FA02D54FF00003BB60D7ED18
:1015B800017AB7EE007AF4EEC77AF1EE10FA03DD9D
:1015C8004FF07E537B6009E0D7ED017AF5EEC07AE3
:1015D800F1EE10FA02D54FF000037B607B6907EE4D
:1015E800903AB8EE677AD7ED037A67EE277A164B0A
:1015F8001B68FCEEE77A17EE902A5A637B6907EEC0
:10160800903AB8EE677AD7ED027A67EE277A0E4BF2
:101618001B68FCEEE77A17EE902A9A637B6907EE5F
:10162800903AB8EE677AD7ED017A67EE277A064BDB
:101638001B68FCEEE77A17EE902ADA6300BF1C37C6
:10164800BD465DF8047B7047D003002080B500AF2D
:101658000021104809F0FCFE04210E4809F0F8FEAC
:1016680008210C4809F0F4FE00210A480BF04CFB55
:10167800042108480BF048FB082106480BF044FBFE
:10168800044B1B685A6C034B1B6842F400425A64B3
:1016980000BF80BDD003002080B500AF1D4B1B6884
:1016A8001A6A41F211131340002B0CBF01230023C7
:1016B800DBB2002B14D0174B1B681A6A44F2444360
:1016C8001340002B0CBF01230023DBB2002B07D0F3
:1016D800104B1B685A6C0F4B1B6822F400425A646B
:1016E80000210C4809F0C6FF04210A4809F0C2FF8E
:1016F8000821084809F0BEFF002106480BF0C6FB88
:10170800042104480BF0C2FB082102480BF0BEFB81
:1017180000BF80BDD003002080B500AFFFF7BCFF3D
:1017280000BF80BD80B500AF1C4B1B685B6C03F429
:101738000043002B0CBF01230023DBB2002B1FD07A
:101748000021164809F084FE0421144809F080FE9F
:101758000821124809F07CFE002110480BF0D4FA49
:1017680004210E480BF0D0FA08210C480BF0CCFAF3
:101778000A4B1B685A6C094B1B6842F400425A64B6
:10178800064B1B6800225A63044B1B6800229A63AD
:10179800024B1B680022DA6300BF80BDD003002023
:1017A80080B400AF0C4B1B685B6C03F40043002B48
:1017B8000CBF01230023DBB2002B07D0064B1B68AC
:1017C8005A6C054B1B6842F400425A6400BFBD4680
:1017D8005DF8047B704700BFD003002080B584B05B
:1017E80000AFF860B9607A603B6009210C4807F0E7
:1017F80045F803469AB2FB681A800921094807F0A0
:101808003DF803469AB2BB681A807B6800221A80AA
:101818003B6800221A8000BF1037BD4680BD00BF5C
:10182800980200200403002080B400AF034B1B88FB
:101838009BB21846BD465DF8047B7047AC05002096
:1018480080B483B000AF0346FB71FB790133054ACE
:1018580032F813309BB218460C37BD465DF8047B4E
:10186800704700BFAC05002080B400AF024B18469B
:10187800BD465DF8047B70470000002080B500AFCE
:101888007F21184806F0C2FD7F21174806F0BEFDEB
:10189800164B1B68DA6A154B1B680A3A1A6402224F
:1018A8001349114805F0E8FA0346002B14BF012339
:1018B8000023DBB2002B01D0FFF7D8F9094806F066
:1018C800D7FE094806F004FE0C21084809F0C0FDBF
:1018D800064B1B681A68054B1B6842F001021A6028
:1018E80000BF80BD9802002004030020D003002020
:1018F800AC05002080B582B000AF78607B681F33EC
:101908001846FFF7E9FD7B6818460837BD4680BDD5
:1019180080B5A6B000AF78607B681B68B3F1A04FB4
:101928003ED1214B4FF400729A61002000F07EFCFA
:101938001D4B4FF000729A611C4B1B780133DAB2D1
:101948001A4B1A70194B1B78132B8CBF01230023D9
:10195800DBB2002B24D0154B00221A7007F10803C4
:101968001846FFF7C7FF07F108031946104800F0AB
:101978005DFB104B1B685B6A1A460F4B1A600E4BD7
:101988001B6807EE903AF8EEE77AC7ED247A3B6DCC
:10199800C7F8943007F190030221184604F0ECFBD5
:1019A80000BF9837BD4680BD00040048B60500203A
:1019B8003C0600201C040020B805002080B582B039
:1019C80000AF78607B68002B10D07B681B68DA68F2
:1019D8007B681B6822F01F02DA607B681B686FF067
:1019E8001F021A611D2009F0CEFC00E000BF083775
:1019F800BD4680BD80B582B000AF78607B68002BA3
:101A080003D07B681B68002B01D1012330E07B6881
:101A18001B681A687B681B6822F001021A607B68E1
:101A28001B68DA687B681B6822F01F02DA607B6833
:101A38001B686FF01F021A611D2009F0A4FC7B6867
:101A48001B681A6A7B681B6822F011021A627B689D
:101A58001B681A6A7B681B6842F011021A627B686D
:101A68001B681A687B681B6842F001021A60002331
:101A780018460837BD4680BD80B483B000AF786093
:101A88007B68002B2ED07B681B68002B2AD07B68D4
:101A98001B681A6A7B681B6822F011021A627B684D
:101AA8001B681A6A41F211131340002B0CBF012363
:101AB8000023DBB2002B16D07B681B681A6A44F23D
:101AC80044431340002B0CBF01230023DBB2002B3F
:101AD80009D07B681B681A687B681B6822F00102C2
:101AE8001A6000E000BF0C37BD465DF8047B704704
:101AF80080B586B000AF78607B687B617B69002B1E
:101B080050D07B6918462C231A4600210EF030F875
:101B18007B69264A1A607B6900225A607B694FF00C
:101B2800FF329A607B694FF0FF32DA607B691B688D
:101B38003B613B691B685B6A1A461D4B1A60386932
:101B4800FFF73CFF3869FFF755FF0346FB73FA7B45
:101B58007B699A60FB7B002B06D03869FFF78CFF06
:101B68007B6900221A601EE0124A7B6913601D20FF
:101B780009F009FC1D2009F0DEFB0821386909F08D
:101B88006DFE0346FB73FA7B7B69DA60786900F0C7
:101B980013F802467B69DA6107F068FD02467B6943
:101BA8009A6200E000BF1837BD4680BD1C040020C3
:101BB800B8050020C005002080B487B000AF786069
:101BC8007B687B617B69002B03D07B691B68002BDA
:101BD80001D100230AE07B691B683B613B691B68F4
:101BE8005B6AFB60044AFB681360FB6818461C3795
:101BF800BD465DF8047B7047B805002080B586B007
:101C080000AF78607B68002B2AD07B681B68174A76
:101C1800934225D17B681B7F042B21D1144B1B6871
:101C28007B617B69002B1DD07B691B687A689A42AF
:101C380018D17B681B685B6A3B6107F017FDF86089
:101C48007B691B695A1C7B691A617B693A695A610D
:101C58007B69FA689A617B691B69064A136002E02E
:101C680000BF00E000BF1837BD4680BD000400403B
:101C7800C0050020BC05002080B582B000AF7860A8
:101C88007B68012283F868207B68002283F869203A
:101C98007B683422002118460DF06AFF7B683433D4
:101CA8003422002118460DF063FF7B681846083778
:101CB800BD4680BD80B586B000AFF860B9601346F8
:101CC800FB71FB79002B02D0FB790C2B01D9002387
:101CD8002EE0FB6893F86930002B01D0002327E041
:101CE800FB6893F86830002B01D0FB6801E0FB68C3
:101CF80034337B61FB799BB29B007B827B8A1A46DB
:101D0800B96878690DF0BCFF7B8A7A6913440A4A7E
:101D180010681860FB6893F8683083F00103DAB242
:101D2800FB6883F86820FB68012283F86920012397
:101D380018461837BD4680BDBCFC000880B483B087
:101D480000AF78607B6893F8693083F00103DBB2F9
:101D5800002B01D000230CE07B68002283F8692067
:101D68007B6893F86830002B02D07B68343300E03E
:101D78007B6818460C37BD465DF8047B704780B415
:101D880083B000AF78600B46FB70FB7801339BB2E1
:101D98009B009BB218460C37BD465DF8047B704724
:101DA80080B59EB000AF0346FB710A4AFB791370F9
:101DB80007F10C031846FFF75FFF074B184607F1BA
:101DC8000C036A2219460DF05BFF00BF7837BD4649
:101DD80080BD00BF2E060020C405002080B584B059
:101DE80000AF78600B46FB70194B1B68002B24D0A2
:101DF800184B1B78002B22D1FB781A4679681648B5
:101E0800FFF758FF034683F00103DBB2002B18D11C
:101E18001148FFF793FFF860FB68002B13D0FB789D
:101E280019460D48FFF7ABFF03467B81084B1B683B
:101E38007A891146F868984706E000BF04E000BFB9
:101E480002E000BF00E000BF1037BD4680BD00BF04
:101E5800300600202E060020C405002080B500AF03
:101E68000248FFF709FF00BF80BD00BFC40500207E
:101E780080B500AFFFF7F2FF80BD000080B483B0EB
:101E880000AF87ED010AD7ED017AF0EEE77A9FED12
:101E98000C7AF4EE477AF1EE10FA8CBF0123002396
:101EA800DBB283F00103DBB2002B14BF0123002354
:101EB800DBB218460C37BD465DF8047B704700BF9F
:101EC800FFFF7F7F80B483B000AF78607B681B78AA
:101ED80018460C37BD465DF8047B704780B483B064
:101EE80000AF78607B685B7818460C37BD465DF8B4
:101EF800047B704780B485B000AF78607B684FF092
:101F0800FF321A607B6800221A710023FB600CE024
:101F18000B4AFB6852F82330002B03D17B68FA6820
:101F28001A6005E0FB680133FB60FB68012BEFDDFD
:101F38007B6818461437BD465DF8047B704700BFC0
:101F48003406002090B583B000AF786039607B68B4
:101F58001B68002B01DA02231DE03B681B68002B7D
:101F680001D1042317E04FF479700CF015FD0346F6
:101F78001C463968204601F0AFFB7B681B68084A9D
:101F880042F823407B681B68054A52F823301846FC
:101F980001F056FC002318460C37BD4690BD00BF23
:101FA8003406002080B582B000AF78600B46FB7025
:101FB8007B681B68002B06DB7B681B680A4A52F8A3
:101FC8002330002B01D102230AE07B681B68064AF4
:101FD80052F82330FA781146184601F02DFE0023F6
:101FE80018460837BD4680BD3406002080B582B04B
:101FF80000AF78607B681B68002B06DB7B681B687A
:10200800094A52F82330002B01D1022308E07B68EB
:102018001B68054A52F82330184601F0A8FE002331
:1020280018460837BD4680BD3406002080B584B008
:1020380000AF786039607B681B68002B06DB7B6823
:102048001B68104A52F82330002B0FD107F10C03FC
:102058001846FFF741FA3B68184688231A460021BC
:102068000DF086FD3B683A7BDA7708E07B681B68F1
:10207800044A52F823303968184602F021F910371B
:10208800BD4680BD3406002080B584B000AF7860BE
:1020980039607B681B79002B01D0032331E07B6812
:1020A8001B68002B06DB7B681B68184A52F8233034
:1020B800002B01D1022324E03B681B68002B04D0CD
:1020C8003B681B79DBB2002B01D1012300E0002320
:1020D800002B01D0042314E00421786800F036F8BE
:1020E8000346FB73FB7B002B01D0FB7B09E07B687D
:1020F8001B68064A52F823303968184601F060FE1A
:10210800002318461037BD4680BD00BF34060020A6
:1021180080B483B000AF0346FB71FB79012B0BD071
:10212800FB79022B08D0FB79032B05D0FB79042B14
:1021380002D0FB79052B01D1012300E000231846CA
:102148000C37BD465DF8047B7047000080B584B04D
:1021580000AF78600B46FB707B681B68324A52F808
:102168002330002B01D102235AE07B681B682E4ADA
:1021780052F823301846FFF7B1FE0346FB737B681D
:102188001B68294A52F823301846FFF79BFE03467E
:10219800BB73BB7B022B04D0BB7B032B01D0032377
:1021A8003EE0FB7B1846FFF7B3FF03467B73FB78E3
:1021B8001846FFF7ADFF03463B737B7B83F00103B3
:1021C800DBB2002B11D03B7B83F00103DBB2002B89
:1021D8000BD07B681B68144A52F82330FA781146F2
:1021E800184601F000FD00231AE07B7B002B07D086
:1021F8003B7B83F00103DBB2002B01D003230FE00C
:102208003B7B002B0BD07B681B68074A52F82330B6
:10221800FA781146184601F0E6FC002300E0012395
:1022280018461037BD4680BD3406002080B584B0FE
:1022380000AF78607B68002B0DDB7B68012B0ADC24
:10224800074A7B6852F82330FB60FB68002B02D0FA
:10225800F86802F023F900BF1037BD4680BD00BF03
:102268003406002080B483B000AF78607B684FF0FC
:1022780000029A607B684FF000021A617B680122B5
:102288005A7500BF0C37BD465DF8047B704780B4B3
:1022980083B000AF78607B689B7818460C37BD46E2
:1022A8005DF8047B704780B483B000AF78607B68CA
:1022B800DB8818460C37BD465DF8047B704780B450
:1022C80083B000AF78607B681B7918460C37BD4631
:1022D8005DF8047B704780B483B000AF78600B462C
:1022E800FB707B68FA781A7100BF0C37BD465DF841
:1022F800047B704780B582B000AF78607868FFF7DC
:10230800D2FF0346002B14BF01230023DBB2002BAE
:102318001ED07868FFF7D6FD0346042B0DD07868E9
:10232800FFF7D0FD0346002B07D07868FFF7CAFDFA
:102338000346012B01D0012300E00023002B07D026
:102348007B689B6E9B6898470421786801F03CFC89
:102358007868FFF7B7FD0346042B21D801A252F88D
:1023680023F000BF81230008892300089123000877
:1023780099230008A1230008786800F019F813E0F1
:10238800786800F025F80FE0786800F035F80BE081
:10239800786800F0D3F807E0786800F0C7F903E040
:1023A800786800F005F800BF00BF0837BD4680BD5B
:1023B80080B582B000AF78607B680022A3F8302235
:1023C8000121786801F000FC00BF0837BD4680BDD8
:1023D80080B582B000AF78607B68B3F830227B6844
:1023E800B3F898309A4203D30221786801F0ECFBE5
:1023F80000BF0837BD4680BD80B584B000AF7860A7
:102408007B68DB7883F00103DBB2002B40F08F8020
:102418007868FFF73CFF0346FB73FB7B012B08D072
:10242800FB7B022B05D0FB7B032B02D0FB7B042B11
:1024380001D1012300E00023BB73FB7B082B05D0EF
:10244800FB7B072B02D0FB7B092B01D1012300E08A
:1024580000237B73FB7B052B0CBF012300233B73FD
:102468007B7B002B05D1BB7B002B02D13B7B002B58
:1024780060D07B7B002B0AD0786803F083FC03468E
:1024880083F00103DBB2002B01D0012300E000231D
:10249800002B4ED17B689B6E5B6898470321786858
:1024A80001F092FB7B680022C3F8F0227B6803F5F9
:1024B80073731846FFF7D6FEBB7B002B04D00121AF
:1024C8007868FFF708FF35E07B6893F87131FB7295
:1024D800FB7A022B21D0FB7A022B23D8FB7A002B24
:1024E80016D0FB7A012B1DD17B6893F87031022B33
:1024F80008D07B6893F87031002B01D1052302E0E6
:10250800022300E0062319467868FFF7E4FE11E08D
:1025180005217868FFF7DFFE0CE006217868FFF7F1
:10252800DAFE07E002217868FFF7D5FE02E000BF77
:1025380000E000BF1037BD4680BD000080B588B000
:1025480000AF78607B68DB7883F00103DBB2002B97
:1025580005D17868FFF79BFE0346002B01D10123C4
:1025680000E00023002B20D07B685B7A012B02D08F
:10257800022B05D009E07B689B6E1B69984709E030
:102588007B689B6E5B69984704E07B689B6EDB68A1
:10259800984700BF7B6800225A707B6800221A7136
:1025A8000221786801F010FBBCE07B6803F5B87382
:1025B800FB617868FFF783FE0346013B072B00F2B7
:1025C800A88001A252F823F01B270008F125000873
:1025D800372600088B2600081B270008C926000894
:1025E8001B2700081B270008FB6993ED027A7B680C
:1025F800D3ED6F7A67EE277AFCEEE77A17EE903A1A
:10260800BB607B68D3F8F032BA689A4280F0838066
:102618007B6803F573731846FFF724FE0321786877
:10262800FFF759FE7B680022C3F8F02273E0786850
:1026380001F035FEF0EE407AF0EEE77AC7ED047A65
:10264800FB6993ED0F7AFB69D3ED107A77EE277A61
:10265800C7ED037A97ED047AD7ED037AB4EEE77AFB
:10266800F1EE10FA00DC58E07B681B7A03F00103F6
:10267800DBB2002B51D04FF40071786803F053FBA4
:102688004BE07B681B7A03F00103DBB2002B46D1D9
:10269800FB691B78022B04D106217868FFF71BFE23
:1026A8003DE0FB691B78002B04D105217868FFF712
:1026B80012FE34E04FF48051786803F034FB2EE0CA
:1026C800786801F0ECFDF0EE407AF0EEE77AC7EDBD
:1026D800067AFB6993ED0F7AFB69D3ED107A77EEF2
:1026E800277AC7ED057A97ED067AD7ED057AB4EE25
:1026F800E77AF1EE10FA00DC13E07B681B7A03F04E
:102708000103DBB2002B0CD004217868FFF7E3FD4E
:1027180007E000BF06E000BF04E000BF02E000BF22
:1027280000E000BF2037BD4680BD00BF80B483B045
:1027380000AF786000BF0C37BD465DF8047B70477A
:1027480080B582B000AF87ED010AC7ED000AD7ED6A
:10275800000A97ED010A0CF0E1F9F0EE407AB0EECC
:10276800670A0837BD4680BD80B582B000AF87EDE7
:10277800010AC7ED000AD7ED000A97ED010A0CF02F
:10278800F5F9F0EE407AB0EE670A0837BD4680BD2D
:1027980080B582B000AF786039603B681A687B68A2
:1027A8001A603B685A687B685A603B689A687B681D
:1027B8009A603B68DA687B68DA60786800F004F849
:1027C80000BF0837BD4680BD80B483B000AF7860D5
:1027D8007B684FF000029A617B689A697B685A614E
:1027E8007B685A697B681A6100BF0C37BD465DF883
:1027F800047B704780B588B000AFF86087ED020AA7
:10280800C7ED010AFB68D3ED007A97ED027A67EE0F
:10281800277AC7ED067AFB6893ED047AFB68D3ED57
:10282800016AD7ED027A66EEA76AD7ED017A66EEFD
:10283800A77A77EE277AFB68C3ED047AFB68D3EDB5
:10284800037AF5EEC07AF1EE10FA1ADDFB68D3EDE3
:10285800037AF1EE677AC7ED047AFB6803F10C029C
:10286800FB6810331946104603F08CFB024607F14B
:1028780010031146184603F09EFB03461A68FB68CE
:102888001A614FF00003FB61D7ED017A9FED3E7AA4
:10289800F4EEC77AF1EE10FA11DDFB6893ED027AD7
:1028A800FB68D3ED057AD7ED026A76EEE77A67EE34
:1028B800276A97ED017AC6EE877AC7ED077AFB6833
:1028C80093ED047AD7ED067A37EE277AD7ED077AB3
:1028D80077EE277AFB68C3ED067AFB68D3ED037AB7
:1028E800F5EEC07AF1EE10FA42DD97ED067AD7EDF3
:1028F800077A77EE277AC7ED057AFB6893ED067AB3
:10290800FB68D3ED037AB4EEE77AF1EE10FA0EDD48
:10291800FB6893ED037AD7ED057A77EE677AFB6863
:10292800C3ED047AFB68DA68FB689A6120E0FB680B
:1029380093ED067AFB68D3ED037AF1EE677AB4EE8D
:10294800E77AF1EE10FA13D5FB68D3ED037AB1EE0E
:10295800677AD7ED057A77EE677AFB68C3ED047A74
:10296800FB68D3ED037AF1EE677AFB68C3ED067A6C
:10297800FB68BA685A61FB689B6907EE903AB0EE4B
:10298800670A2037BD4680BD5F70893080B582B048
:1029980000AF786039607A683B6803F5AC73194614
:1029A8001046FFF7F5FE7B6803F11C023B6803F550
:1029B800B67319461046FFF7EBFE7B6803F1380241
:1029C8003B6803F5C07319461046FFF7E1FE7B68C4
:1029D80003F154023B6803F5CA7319461046FFF722
:1029E800D7FE00BF0837BD4680BD80B582B000AFB6
:1029F80078607B681846FFF7E7FE7B681C3318464B
:102A0800FFF7E2FE7B6838331846FFF7DDFE7B6888
:102A180054331846FFF7D8FE00BF0837BD4680BDBF
:102A280080B483B000AF786087ED000A7B683A68AD
:102A38001A607B68074A5A607B684FF000029A6008
:102A48007B6800221A737B6818460C37BD465DF810
:102A5800047B704717B7513880B483B000AF7860F3
:102A680087ED000A7B683A681A6000BF0C37BD46DC
:102A78005DF8047B704780B483B000AF786087ED61
:102A8800000AD7ED007AF5EEC07AF1EE10FA00DC14
:102A980002E07B683A685A6000BF0C37BD465DF8B3
:102AA800047B704780B485B000AF786087ED000A7A
:102AB8007B681B7B83F00103DBB2002B07D07B68AC
:102AC8003A689A607B6801221A733B6844E07B6825
:102AD800D3ED007AF5EEC07AF1EE10FA0DDD7B68E1
:102AE800D3ED016A7B6893ED007A7B68D3ED017AB8
:102AF80037EE277AC6EE877A01E0F7EE007AC7ED5F
:102B0800037AD7ED037AB7EE007AF4EEC77AF1EEDE
:102B180010FA02DD4FF07E53FB60D7ED037AF5EE35
:102B2800C07AF1EE10FA02D54FF00003FB607B6823
:102B380093ED027A7B68D3ED027AD7ED006A76EEE0
:102B4800E76AD7ED037A66EEA77A77EE277A7B688D
:102B5800C3ED027A7B689B6807EE903AB0EE670A8D
:102B68001437BD465DF8047B704780B483B000AF6E
:102B7800786087ED000A7B683A689A607B68002273
:102B88001A7300BF0C37BD465DF8047B704780B4EC
:102B980085B000AFF860B9601346FB71FB68BA688E
:102BA8001A60FB68FA791A7100BF1437BD465DF8E0
:102BB800047B704780B58AB000AFF860B9607A606E
:102BC8003B60FB681B68002B17D0FB681B685B68C1
:102BD800002B12D0FB681B681B68002B0DD0FB680C
:102BE8001B685B68FA681268D26910469847034602
:102BF80083F00103DBB2002B01D0012300E00023A6
:102C0800002B01D0002385E0FB681B681B68FA686D
:102C18001268D2691046984787ED060A4FF00003FC
:102C28007B6200233B62FB681B689B68002B09D012
:102C3800FB681B689B68FA681268D2691046984757
:102C480087ED090AFB681B68DB68002B08D0FB6866
:102C58001B68DB68FA681268D269104698473862C0
:102C6800FB681B6893F82030FB7597F9173007EE5F
:102C7800903AF8EEE77A97ED097A67EE277AC7ED8A
:102C8800097AFB681B7907EE903AB8EEE77AD7ED38
:102C9800067A27EE277A97F9173007EE903AF8EE7A
:102CA800E77A27EE277AFB681B68D3ED0A7A77EE76
:102CB800277AC7ED077A07E0D7ED077A9FED177AED
:102CC80077EEC77AC7ED077AD7ED077A9FED137AC3
:102CD800F4EEC77AF1EE10FAEEDA07E0D7ED077AEC
:102CE8009FED0E7A77EE877AC7ED077AD7ED077AE8
:102CF800F5EEC07AF1EE10FAF0D4BB68FA691A6002
:102D08007B687A6A1A603B68BA691A603B6B3A6AF0
:102D18001A60012318462837BD4680BDDB0FC9401D
:102D280080B584B000AFF86087ED020A0B46FB71EE
:102D3800FB68BA681A60FB79002B01D0FA7900E0C9
:102D48000122FB681A75F868FFF78CFA00BF103784
:102D5800BD4680BD80B485B000AFF86087ED020A3B
:102D6800C7ED010AFB68BA685A60FB685B7D002BF7
:102D78001FD0FB684FF000029A60FB684FF000021A
:102D8800DA60D7ED017A9FED0E7AF4EEC77AF1EEAC
:102D980010FA0BDDFB68D3ED017AF0EEE76A97EDE8
:102DA800017AC6EE877AFB68C3ED037AFB680022D6
:102DB8005A7500BF1437BD465DF8047B704700BFE5
:102DC8006F12833A80B487B000AF786087ED000A4D
:102DD8007B68D3ED037AF5EEC07AF1EE10FA39DDAF
:102DE8007B6893ED017A7B68D3ED027A77EE677A98
:102DF800C7ED057A7B68D3ED037A97ED007A67EE25
:102E0800277AC7ED047AD7ED057AF0EEE77A97EDE1
:102E1800047AB4EEE77AF1EE10FA04DD7B685A68BA
:102E28007B689A601AE07B6893ED027AD7ED057AA1
:102E3800F5EEC07AF1EE10FA02DDD7ED047A03E080
:102E4800D7ED047AF1EE677A77EE877A7B68C3ED7F
:102E5800027A03E07B685A687B689A607B68D3EDE6
:102E6800027A9FED277A27EE877AF3EE0E6AC7EE8D
:102E7800267AC7ED037A7B6893ED047A7B681B7D1D
:102E880007EE903AF8EE676AD7ED037A66EEA76A1E
:102E9800D7ED007A66EEA77A77EE277A7B68C3EDDE
:102EA800047A09E07B68D3ED047A9FED167A77EE11
:102EB800C77A7B68C3ED047A7B68D3ED047A9FED0B
:102EC800117AF4EEC77AF1EE10FAEBDC09E07B68D0
:102ED800D3ED047A9FED0B7A77EE877A7B68C3EDA2
:102EE800047A7B68D3ED047AF5EEC07AF1EE10FA35
:102EF800EDD400BF00BF1C37BD465DF8047B7047AA
:102F0800DB0F4940DB0FC94080B483B000AF786065
:102F18007B681B6907EE903AB0EE670A0C37BD462E
:102F28005DF8047B704780B483B000AF78607B683D
:102F38009B6807EE903AB0EE670A0C37BD465DF81D
:102F4800047B704780B483B000AF0346FB71FB7904
:102F5800052B1BD801A252F823F000BF7D2F0008D3
:102F6800812F0008852F0008892F00088D2F000861
:102F7800912F000801230AE0002308E0002306E05F
:102F8800002304E0002302E0002300E000231846A9
:102F98000C37BD465DF8047B704700BF80B483B032
:102FA80000AF0346FB71FB79013B042B16D801A245
:102FB80052F823F0D12F0008D52F0008D92F000888
:102FC800DD2F0008E12F0008002308E0002306E0B9
:102FD800002304E0002302E0002300E00023184659
:102FE8000C37BD465DF8047B704700BF80B582B0E2
:102FF80000AF78607B6893F809311846FFF7A2FFA5
:10300800034683F00103DBB2002B02D04FF40073B8
:103018004CE17B6893F80831002B0AD10020FFF7B8
:1030280091FF034683F00103DBB2002B01D001239B
:1030380000E00023002B02D04FF4007336E17B68D8
:1030480093F80831022B0AD10220FFF77BFF0346D1
:1030580083F00103DBB2002B01D0012300E0002341
:10306800002B02D04FF4007320E17B6893F8F43012
:10307800002B07D07B68D3ED3E7AF5EEC07AF1EEEF
:1030880010FA0CD97B6893F8E830002B09D07B68DC
:10309800D3ED3C7AF5EEC07AF1EE10FA01D8802330
:1030A80004E17B6893F8E030002B0DD07B68D3F8FF
:1030B800E430184600F0FEF8034683F00103DBB263
:1030C800002B01D0012300E00023002B02D04FF495
:1030D8008073EBE07B6893F8E830002B0DD07B68B9
:1030E800D3F8EC30184600F0E5F8034683F0010306
:1030F800DBB2002B01D0012300E00023002B02D01B
:103108004FF48073D2E07B6893F8FE30002B17D021
:103118007B6893F8E03083F00103DBB2002B0CD11D
:103128007B68D3ED407AF5EEC07AF1EE10FA04D957
:103138007B68B3F80431002B02D14FF48073B5E0FB
:103148007B6893F82D31002B25D07B6893F82E31BE
:10315800002B0CD07B68D3ED4C7AF5EEC07AF1EEFB
:1031680010FA04D97B68B3F83431002B01D18023DD
:103178009CE07B6893F82E311846FFF70FFF034653
:1031880083F00103DBB2002B02D04FF400738DE013
:103198004FF400738AE07B6893F80931052B00F23D
:1031A8008480022B7ED2002B02D0012B2AD07CE017
:1031B8007B68D3F8DC30184600F07CF8034683F0CF
:1031C8000103DBB2002B04D17B6893F80831002B94
:1031D80001D0012300E00023002B02D04FF48073BC
:1031E80064E07B68B3F8FC30002B01D180235DE0FC
:1031F8007B6893F82C31002B02D04FF4007355E014
:10320800002353E07B68D3ED527AF5EEC07AF1EEF5
:1032180010FA2FD47B6893ED517A7B68D3ED527AFC
:10322800B4EEE77AF1EE10FA24D97B68D3ED447A4C
:10323800F5EEC07AF1EE10FA1CD47B68D3ED457A2E
:10324800F5EEC07AF1EE10FA14D97B68D3ED467A20
:10325800F5EEC07AF1EE10FA0CD97B68D3ED537A0B
:10326800F5EEC07AF1EE10FA04D97B68B3F8503164
:10327800002B01D1802319E07B6893F80831022BD9
:1032880004D07B6893F80831002B02D14FF4007307
:103298000CE07B6893F80831012B01D0802305E00E
:1032A800002303E04FF4007300E08023184608373A
:1032B800BD4680BD80B483B000AF78607B68002BCA
:1032C80009D07B681B68002B05D07B685B68002BE6
:1032D80001D0012300E0002318460C37BD465DF8F5
:1032E800047B704780B48DB000AF87ED030AC7ED4B
:1032F800020A87ED011A3860D7ED017A9FED5C7AF2
:10330800F4EEC77AF1EE10FA01D55A4B7B605A4BAE
:103318007B62FB683B62D7ED037ABEEE007A27EE4C
:10332800877AD7ED027ADFED556A67EEA67A77EEEF
:10333800277AC7ED077AD7ED037ABEEE007A27EE33
:10334800877AD7ED027ADFED4D6A67EEA67A77EED7
:10335800677AC7ED067A3B6AFB6297ED077AD7ED85
:103368000B7AB4EEE77AF1EE10FA01DDFB69FB6245
:1033780097ED067AD7ED0B7AB4EEE77AF1EE10FA0C
:1033880001DDBB69FB623B6ABB6297ED077AD7ED4B
:103398000A7AB4EEE77AF1EE10FA01D5FB69BB625E
:1033A80097ED067AD7ED0A7AB4EEE77AF1EE10FADD
:1033B80001D5BB69BB6297ED0B7AD7ED0A7A77EE38
:1033C800277AF1EE677AB6EE007A67EE877AC7ED6C
:1033D800057A97ED087AD7ED057A77EE277AC7ED63
:1033E800087A97ED077AD7ED057A77EE277AC7ED51
:1033F800077A97ED067AD7ED057A77EE277AC7ED43
:10340800067AF7EE006A97ED017AC6EE877AC7ED7D
:10341800047A97ED087AD7ED047A67EE277AB6EE44
:10342800007A77EE877A3B68C3ED007A97ED077AE2
:10343800D7ED047A67EE277A3B680433B6EE007A54
:1034480077EE877AC3ED007A97ED067AD7ED047A9E
:1034580067EE277A3B680833B6EE007A77EE877A0C
:10346800C3ED007A00BF3437BD465DF8047B704772
:10347800CDCCCC3DCDCCCC3DD7B35D3FD7B35D3FB4
:1034880080B48BB000AF87ED030AC7ED020A87ED61
:10349800011A3860D7ED017A9FED317AF4EEC77AD8
:1034A800F1EE10FA01D52F4B7B602F4B7B62FB6846
:1034B8003B62D7ED037ABEEE007A27EE877AD7ED26
:1034C800027ADFED2A6A67EEA67A77EE277AC7EDE9
:1034D800077AD7ED037ABEEE007A27EE877AD7ED22
:1034E800027ADFED226A67EEA67A77EE677AC7ED91
:1034F800067AF7EE006A97ED017AC6EE877AC7ED8D
:10350800057A97ED087AD7ED057A67EE277AB6EE51
:10351800007A77EE877A3B68C3ED007A97ED077AF1
:10352800D7ED057A67EE277A3B680433B6EE007A62
:1035380077EE877AC3ED007A97ED067AD7ED057AAC
:1035480067EE277A3B680833B6EE007A77EE877A1B
:10355800C3ED007A00BF2C37BD465DF8047B704789
:10356800CDCCCC3DCDCCCC3DD7B35D3FD7B35D3FC3
:1035780080B483B000AF87ED010A07E0D7ED017A88
:103588009FED157A77EEC77AC7ED017AD7ED017A04
:103598009FED127AF4EEC77AF1EE10FAEEDC07E04E
:1035A800D7ED017A9FED0C7A77EE877AC7ED017A2D
:1035B800D7ED017A9FED0A7AF4EEC77AF1EE10FAA8
:1035C800EED47B6807EE903AB0EE670A0C37BD463A
:1035D8005DF8047B704700BFDB0FC940DB0F494033
:1035E800DB0F49C080B483B000AF78607B684FF0D0
:1035F80000021A607B684FF000025A607B684FF047
:1036080000029A607B684FF00002DA607B684FF036
:1036180000021A617B684FF000025A617B684FF024
:1036280000029A617B6818460C37BD465DF8047B3A
:10363800704780B582B000AF78607B681846FFF7A6
:10364800D1FF7B681C331846FFF7CCFF7B68383303
:103658001846FFF7C7FF7B6854331846FFF7C2FFC9
:103668007B6818460837BD4680BD80B483B000AF7C
:1036780078607B6800221A607B6800221A717B6878
:1036880018460C37BD465DF8047B704780B483B09C
:1036980000AF78607B680F4A1A607B684FF00002C1
:1036A8005A607B684FF000029A607B684FF0000216
:1036B800DA607B684FF000021A617B6801221A7594
:1036C8007B6801225A757B6818460C37BD465DF841
:1036D800047B704700401C4680B582B000AF78601C
:1036E80039607B6800221A707B6800225A707B68F8
:1036F80000229A707B680022DA707B6800221A71B7
:103708007B680022DA807B6808331846FDF7E4FE00
:103718007B6800225A727B680C339FED480A184672
:10372800FFF77EF97B681C339FED440A1846FFF7C4
:1037380077F97B682C339FED410A1846FFF770F93B
:103748007B683C339FED3D0A1846FFF769F97B68B3
:103758004C339FED3A0A1846FFF762F97B6800225E
:103768001A667B684FF000025A667B6803F16802AC
:103778003B68104619464FF4D6731A460CF080FA87
:103788007B6803F505734FF49472002118460CF01A
:10379800EFF97B6803F54F737022002118460CF08F
:1037A800E7F97B6803F54F731846FFF742FF7B681C
:1037B8000022A3F8AE237B680022A3F8B0237B681D
:1037C80003F56D731846FFF750FF7B6803F56F73B9
:1037D8001846FFF74AFF7B6803F571731846FFF731
:1037E80044FF7B6803F573731846FFF74FFF7B6848
:1037F80093ED6F7AF7EE006AC6EE877A7B68C3EDC1
:10380800177A7B68D3ED507AF5EEC07AF1EE10FAAC
:103818000CDD7B68D3ED506A7B6893ED177AC6EEB2
:10382800877AFCEEE77A17EE902A00E000227B68A0
:103838001A667B6818460837BD4680BD0AD7A33B81
:1038480080B586B000AF78607B6800221A707B680C
:1038580000225A707B6893F812227B689A707B6802
:103868000022DA707B6800221A717B680022DA80F5
:1038780007F108031846FDF72FFE7B683A7A1A729B
:103888007B6803F505734FF49472002118460CF019
:103898006FF97B684FF08042C3F804237B680122EC
:1038A800A3F88E227B680122A3F89E227B6801225E
:1038B800A3F8AE227B680022A3F8AE237B6800221F
:1038C800A3F8B0237B68D3F8A0307B617B68D3F87A
:1038D8009C303B617B6893F8A430012B12D1D7ED63
:1038E800047A9FEDB77A67EE876A7B6893ED307A42
:1038F800D7ED057A27EE277AC6EE877A7B68C3ED7F
:10390800857A12E07B6893ED2D7AD7ED057A27EE5C
:10391800277A7B68D3ED2E7A27EE277AD7ED046ACB
:10392800C6EE877A7B68C3ED857A7B6893ED327A39
:10393800D7ED057A27EE277A7B68D3ED337A27EE21
:10394800277AD7ED046AC6EE877A7B68C3ED867A54
:103958007B6893ED2B7A7B68D3ED2C7A77EE276A18
:103968007B6893ED2C7AC6EE877AC7ED037AD7ED9C
:10397800046AD7ED057A86EEA77AD7ED037A67EE63
:10398800277A7B68C3ED877A7B6803F10C027B6832
:10399800D3ED347AB0EE670A1046FFF75DF87B681E
:1039A80003F11C027B68D3ED347AB0EE670A104647
:1039B800FFF752F87B6803F12C027B68D3ED347A69
:1039C800B0EE670A1046FFF747F87B6803F13C0240
:1039D8007B68D3ED357AB0EE670A1046FFF73CF8FE
:1039E8007B6803F14C027B68D3ED367AB0EE670A48
:1039F8001046FFF731F87B6803F10C027B68D3EDC2
:103A0800177AB0EE670A1046FFF735F87B6803F1BE
:103A18001C027B68D3ED177AB0EE670A1046FFF7F1
:103A28002AF87B6803F12C027B68D3ED177AB0EE95
:103A3800670A1046FFF71FF87B6803F13C027B68B2
:103A4800D3ED177AB0EE670A1046FFF714F87B68D3
:103A580003F14C027B68D3ED177AB0EE670A104683
:103A6800FFF709F87B6803F54F727B6868331946DE
:103A78001046FEF78BFF7B6803F56D707B68D3F803
:103A880044117B6893F86C301A46FFF780F87B681E
:103A980003F56F707B68D3F84C117B6893F86C3032
:103AA8001A46FFF774F87B6803F571707B68D3F8E2
:103AB80054117B6893F86C301A46FFF768F87B68F6
:103AC800D3F84431002B0FD07B68D3F844315B69BD
:103AD800002B09D07B68D3F844315B697A68D2F847
:103AE8004421D269104698477B6893F84831002BE7
:103AF80014D07B68D3F84C31002B0FD07B68D3F8F7
:103B08004C315B69002B09D07B68D3F84C315B6979
:103B18007A68D2F84C21D269104698477B6893F8A6
:103B28005031002B14D07B68D3F85431002B0FD0C0
:103B38007B68D3F854315B69002B09D07B68D3F8D4
:103B480054315B697A68D2F85421D2691046984793
:103B58007B6803F573727B68D3ED6F7A7B6893F8A3
:103B68006C301946B0EE670A1046FFF7D9F87B6843
:103B78004FF000025A667B689B6E002B08D07B686A
:103B88009B6E9B68002B03D07B689B6E9B68984755
:103B98007B689B6E002B0ED07B689B6E1B68002B8E
:103BA80009D07B689B6E1B689FED061ADFED050A3E
:103BB8009FED040A984700BF1837BD4680BD00BF77
:103BC80000007A440000000080B483B000AF786041
:103BD8000B46FB707B68FA781A7000BF0C37BD463D
:103BE8005DF8047B704780B582B000AF78600B4603
:103BF800FB707B685B78FA789A420ED0FB78042BCE
:103C080005D0FB78032B02D0FB78022B05D17B680B
:103C180003F54F731846FEF7E8FE7B68FA789A704A
:103C2800FB78002B14BF01230023DAB27B68DA701B
:103C380000BF0837BD4680BD80B584B000AF78604E
:103C48000B46FB707B689B6E002B0BD07B689B6ED2
:103C58009B6A002B06D07B689B6EDB6A002B01D029
:103C6800012300E00023FB73FB7B002B03D07B6860
:103C78009B6E9B6A98477B68FA785A727B6893F8C0
:103C880012227B689A707B680022DA707B680022B7
:103C98005A707B6800221A717B6802221A707B684E
:103CA8004FF00002C3F8E4227B684FF00002C3F82B
:103CB800E8227B684FF00002C3F8EC227B684FF0E3
:103CC8000002C3F8C4227B684FF00002C3F8C82280
:103CD8007B684FF00002C3F8CC227B684FF00002EB
:103CE800C3F8D0227B6803F54F731846FEF77DFEB4
:103CF8007B6803F573731846FEF7B4FA7B689B6E0E
:103D0800002B29D0FB78012B03D0FB78022B0AD09B
:103D180013E07B689B6E1B69002B18D07B689B6E39
:103D28001B69984713E07B689B6E5B69002B10D07A
:103D38007B689B6E5B6998470BE07B689B6EDB68D2
:103D4800002B08D07B689B6EDB68984703E000BFB8
:103D580002E000BF00E000BFFB7B002B03D07B68C4
:103D68009B6EDB6A984700BF1037BD4680BD80B5A3
:103D780082B000AF78607B680022DA807B6893F8B5
:103D880012227B689A707B680022DA707B680022B6
:103D98005A707B6800221A717B6802221A707B684D
:103DA8009B6E002B08D07B689B6E9B68002B03D012
:103DB8007B689B6E9B68984700BF0837BD4680BDEF
:103DC80080B582B000AF786039607B683A68C3F824
:103DD80018237B680022C3F81C23786800F01FF8BA
:103DE80000BF0837BD4680BD80B483B000AF78609F
:103DF8007B68D3ED197AF5EEC07AF1EE10FA02DDA0
:103E08007B685B6E02E07B68D3F87C3107EE903A02
:103E1800B0EE670A0C37BD465DF8047B704780B585
:103E280082B000AF78607B68002283F820237B682B
:103E38004FF00002C3F824237B684FF00002C3F858
:103E480028237B684FF00002C3F82C237B684FF0CF
:103E58000002C3F830237B684FF00002C3F8342314
:103E68007B68002283F838237B6803F57373184650
:103E7800FEF7F8F900BF0837BD4680BD80B48DB0A5
:103E880000AFF860B9607A60FB68D3F818337B62DA
:103E98007B6A002B08D07B6A1B68002B04D07B6AE6
:103EA8001B79DBB2002B01D1012300E00023002B9A
:103EB80001D00023D7E0FB6893F820237B6A1B79A5
:103EC800DBB29A422CBF01230023DBB2002B07D0C0
:103ED8007B6A1B79DBB2013BDAB2FB6883F82023EB
:103EE8007B6A1A68FB6893F8203319460B465B0017
:103EF8000B449B0013443B623B6A1B68FB623B6AB2
:103F08005B68FB613B6A9B68BB61FB6893F838336D
:103F180083F00103DBB2002B08D0FB68012283F891
:103F28003823FB684FF00002C3F82423FB68D3ED65
:103F3800177A97ED0B7AB4EEE77AF1EE10FA02D51C
:103F4800FB68DB6DFB62FB6893EDC97AFB68D3ED18
:103F5800177A77EE277AC7ED057AD7ED056A97EDD8
:103F68000B7AC6EE877AC7ED0A7AD7ED0A7AB7EEEA
:103F7800007AF4EEC77AF1EE10FA02DD4FF07E53C4
:103F8800BB62D7ED0A7AF5EEC07AF1EE10FA02D5E7
:103F98004FF00003BB62FB6893EDCA7AFB68D3ED70
:103FA800CA7AD7ED076A76EEE76AD7ED0A7A66EE3F
:103FB800A77A77EE277ABB68C3ED007AFB6893EDA2
:103FC800CB7AFB68D3EDCB7AD7ED066A76EEE76A53
:103FD800D7ED0A7A66EEA77A77EE277A7B68C3ED83
:103FE800007AFB687A69C3F8242397ED057AD7ED40
:103FF8000B7AB4EEE77AF1EE10FA33DBFB6893F84C
:10400800203301337A6A1279D2B2934234BF012342
:104018000023DBB2002B19D0FB6893F8203301335F
:10402800DAB2FB6883F82023FB684FF00002C3F87C
:104038002423FB68FA69C3F82823FB68BA69C3F824
:104048002C23FB68012283F838230BE0FB68FA6A0B
:10405800C3F82423FB68FA69C3F82823FB68BA6904
:10406800C3F82C23012318463437BD465DF8047B7A
:10407800704780B48DB000AFF860B9607A603B607B
:10408800FB68D3F81C337B627B6A002B08D07B6A01
:104098001B68002B04D07B6A1B79DBB2002B01D193
:1040A800012300E00023002B01D00023F1E0FB688E
:1040B80093F820237B6A1B79DBB29A422CBF012339
:1040C8000023DBB2002B07D07B6A1B79DBB2013BF4
:1040D800DAB2FB6883F820237B6A1A68FB6893F8D6
:1040E80020331B0113443B623B6A1B68FB623B6A3B
:1040F8005B68FB613B6A9B68BB613B6ADB687B6111
:10410800FB6893F8383383F00103DBB2002B08D047
:10411800FB68012283F83823FB684FF00002C3F8DC
:104128002423FB68D3ED177A97ED0B7AB4EEE77A80
:10413800F1EE10FA02D5FB68DB6DFB62FB6893EDCC
:10414800C97AFB68D3ED177A77EE277AC7ED047A38
:10415800D7ED046A97ED0B7AC6EE877AC7ED0A7A2F
:10416800D7ED0A7AB7EE007AF4EEC77AF1EE10FAD4
:1041780002DD4FF07E53BB62D7ED0A7AF5EEC07AC6
:10418800F1EE10FA02D54FF00003BB62FB6893ED25
:10419800CA7AFB68D3EDCA7AD7ED076A76EEE76A82
:1041A800D7ED0A7A66EEA77A77EE277ABB68C3ED71
:1041B800007AFB6893EDCC7AFB68D3EDCC7AD7ED27
:1041C800066A76EEE76AD7ED0A7A66EEA77A77EEA0
:1041D800277A7B68C3ED007AFB6893EDCD7AFB689C
:1041E800D3EDCD7AD7ED056A76EEE76AD7ED0A7A90
:1041F80066EEA77A77EE277A3B68C3ED007AFB680C
:104208003A69C3F8242397ED047AD7ED0B7AB4EE14
:10421800E77AF1EE10FA3BDBFB6893F820330133C1
:104228007A6A1279D2B2934234BF01230023DBB2F7
:10423800002B1DD0FB6893F820330133DAB2FB68FA
:1042480083F82023FB684FF00002C3F82423FB689F
:10425800FA69C3F82823FB68BA69C3F83023FB68F6
:104268007A69C3F83423FB68012283F838230FE006
:10427800FB68FA6AC3F82423FB68FA69C3F82823A1
:10428800FB68BA69C3F83023FB687A69C3F834233A
:10429800012318463437BD465DF8047B704780B467
:1042A80083B000AF78607B68D3F87C3207EE903A31
:1042B800B0EE670A0C37BD465DF8047B7047000016
:1042C80080B582B000AF786039607B681A783B6847
:1042D8001A707B68DA883B685A807B68D3F8542266
:1042E8003B685A607B68D3F87C223B689A607B689D
:1042F800D3F858223B68DA607B68D3F85C223B68C5
:104308001A617B68D3F860223B685A617B68D3F8EE
:1043180064223B689A617B685A783B681A777B68A5
:104328009A783B685A777B681A793B689A773B6832
:104338007A68127ADA777B68D3F844223B681A6283
:104348007B68D3F848223B685A627B68D3F84C22D2
:104358003B689A627B68D3F850223B68DA627B68D4
:10436800D3F8BC223B681A637B68D3F8C0223B6849
:104378005A637B68D3F868223B689A637B68D3F8F2
:104388006C223B68DA637B68D3F870223B681A6456
:104398007B68D3F874223B685A647B68D3F8782228
:1043A8003B689A647B68D3F888223B68DA647B6848
:1043B80093F88C223B6883F850207B68B3F88E22F0
:1043C8003B68A3F852207B68D3F890223B685A6573
:1043D8007B68D3F894223B689A657B68D3F8982267
:1043E8003B68DA657B6893F89C223B6883F8602019
:1043F8007B68B3F89E223B68A3F862207B68D3F8F9
:10440800A0223B685A667B68D3F8A4223B689A6668
:104418007B68D3F8A8223B68DA667B6893F8AC22FD
:104428003B6883F870207B68B3F8AE223B68A3F83A
:1044380072207B68D3F8B0223B685A677B68D3F850
:10444800E4223B689A677B68D3F8E8223B68DA671E
:104458007B68D3F8EC223B68C3F880207B6893F82C
:104468008C32002B0ED07B6893ED9C7A7B68D3ED61
:104478009D7A77EE677AB0EE670AFFF779F8F0EE83
:10448800407A01E0DFED047A3B68C3ED217A00BF92
:104498000837BD4680BD00BF0000000080B584B06D
:1044A80000AF78607B68D3F8F0325A1C7B68C3F899
:1044B800F022786800F02CF9786800F0B3FA786890
:1044C80000F09AFC7868FDF715FF7B681B78012BD4
:1044D80002D1786800F0CEFE7B681B78022B47D1AA
:1044E8007B6893F8FC32002B0FD0786800F0C2FE8E
:1044F8007B68B3F830227B68B3F898309A423FD390
:104508007B68002283F8FC223AE07B681B6E002B54
:1045180036D07B68D3F8F8325A1C7B68C3F8F82287
:104528007B68D3F8F8227B681B6E9A4228D37B6895
:104538000022A3F830227B684FF00002C3F8202243
:104548007B684FF00002C3F824227B684FF000021A
:10455800C3F828227B684FF00002C3F82C227B683E
:10456800012283F8FC227B680022C3F8F82207E0C6
:104578007B680022C3F8F8227B68002283F8FC22BB
:104588007B681B78032B60D17B689A787B685A70AC
:104598007B681B79012B11D17B685B78012B0BD0D1
:1045A8007B685B78022B07D07B685B78032B03D092
:1045B8007B685B78042B01D1012300E00023FB73A7
:1045C800FB7B83F00103DBB2002B02D0786800F09C
:1045D8008EFC7B681B79012B24D17B685B78013BBF
:1045E800032B1BD801A252F823F000BF0546000890
:1045F8000D460008154600081D460008786800F0BA
:1046080007FF22E0786801F08DF81EE0786801F075
:104618006FF91AE0786800F017FF16E0786800F084
:10462800D9FC12E07B681B79022B02D0032B04D043
:1046380007E0786801F076F807E0786801F058F943
:1046480003E0786800F0C6FC00BF7B68D3F88C30C4
:10465800BB607B68D3EDB97AF0EE670A97ED020A82
:10466800FEF782F8F0EE407AF0EE670A9FED270A2F
:10467800FEF766F8F0EE407A7B68C3EDB97A7B689E
:10468800D3EDBA7AF0EE670A97ED020AFEF76CF8F6
:10469800F0EE407AF0EE670A9FED1C0AFEF750F83C
:1046A800F0EE407A7B68C3EDBA7A7B68D3EDBB7ACB
:1046B800F0EE670A97ED020AFEF756F8F0EE407A38
:1046C800F0EE670A9FED110AFEF73AF8F0EE407A2D
:1046D8007B68C3EDBB7A7B681B78032B12D17B68A0
:1046E8009B6E1B687A68D2EDB97A7A6892EDBA7ACD
:1046F8007A68D2EDBB6AB0EE661AF0EE470AB0EE01
:10470800670A984700BF1037BD4680BD000000000B
:1047180090B58FB000AF78607B689B6E7B627B6AD8
:10472800002B00F0798100237B8200233B82002349
:10473800FB810023BB817B6A9C6907F10C0307F1AD
:104748000E0207F1100107F11200A0477B68D3F8A9
:1047580014323B627B68D3F81832FB617B8A07EE20
:10476800903AB8EEE77A7B68D3ED8D7A77EE677A80
:1047780097ED087A67EE277AC7ED0D7A3B8A07EE40
:10478800903AB8EEE77A7B68D3ED8E7A77EE677A5F
:1047980097ED087A67EE277AC7ED0C7AFB8907EE62
:1047A800903AB8EEE77A7B68D3ED8F7A77EE677A3E
:1047B80097ED087A67EE277AC7ED0B7A7B6893F84E
:1047C800A630002B05D0D7ED0D7AF1EE677AC7ED4C
:1047D8000D7A7B6893F8A730002B05D0D7ED0C7ABB
:1047E800F1EE677AC7ED0C7A7B6893F8A830002B56
:1047F80005D0D7ED0B7AF1EE677AC7ED0B7A7B68B7
:1048080093F8A530032B2CD07B6A1B7F03F00103A0
:10481800002B0AD197ED0C7AD7ED0B7A77EE277A31
:10482800F1EE677AC7ED0D7A1CE07B6A1B7F03F017
:104838000203002B0AD197ED0D7AD7ED0B7A77EEAC
:10484800277AF1EE677AC7ED0C7A0BE097ED0D7ACF
:10485800D7ED0C7A77EE277AF1EE677AC7ED0B7A07
:1048680000E000BF7B680C3397ED0D0A1846FEF791
:1048780019F9F0EE407A7B68C3ED917A7B681C33B6
:1048880097ED0C0A1846FEF70DF9F0EE407A7B68B2
:10489800C3ED927A7B682C3397ED0B0A1846FEF726
:1048A80001F9F0EE407A7B68C3ED937A7B6893F860
:1048B800C430002B1CD0BB8907EE903AB8EEE77ADB
:1048C8007B68D3ED907A77EE677A97ED077A67EE93
:1048D800277AC7ED067A7B683C3397ED060A1846B7
:1048E800FEF7E0F8F0EE407A7B68C3ED947A04E0D6
:1048F8007B684FF00002C3F850227B6893F8A93018
:10490800002B1CD07B6A1B6A98470346FB827B6896
:1049180003F14C02FB8A07EE903AB8EEE77A7B681F
:10492800D3ED877A67EE277AB0EE670A1046FEF76E
:10493800B9F8F0EE407A7B68C3ED957A09E07B68B8
:10494800D3ED247AB6EE007A67EE877A7B68C3EDFA
:10495800957A7B68B3F8F43201339AB27B68A3F88E
:10496800F4227B68B3F8F432C3F30803002B3BD17D
:10497800002387F82B3030E097F82B20796813460E
:104988005B001344DB000B44E0331B7883F0010326
:10499800DBB2002B1BD17B6A5B6A97F82B20104691
:1049A80098470346BB8297F82B4097F82B20BB8A81
:1049B8001946786801F022F9F0EE407A7A6804F135
:1049C80094039B0013440833C3ED007A00E000BF52
:1049D80097F82B30013387F82B307B6893F8DC305D
:1049E80097F82B209A42C7D37B68D3F844227B6878
:1049F800C3F8B4227B6893ED917A7B68D3ED927A01
:104A080077EEA77A77EE277A9FED057A67EE877AB1
:104A18007B68C3EDAE7A00E000BF3C37BD4690BD71
:104A28003ACD133F90B595B002AF78607B6893F8A4
:104A38008C3287F847307B68D3F878323B647B68E0
:104A4800002283F88C227B68D3F84431002B01D1F3
:104A5800012200E002227B68A3F88E227B68D3F84B
:104A68004431002B00F099807B68D3F87432BB6323
:104A78004FF000037B637B68D3F878323B637B6835
:104A8800D3F88832FB627B6803F56D7007F1300458
:104A980007F1340207F1380107F12C03009323468C
:104AA800FEF788F8034687F83F307B68D3F844312F
:104AB8001B69002B0CD07B68D3F844311B697A68DA
:104AC800D2F84421D2691046984703461A4606E0B0
:104AD80097F83F30002B01D0002200E002227B68CB
:104AE800A3F88E2297F83F30002B56D07B68B3F896
:104AF8008E32002B28D17B6893F85C31002B23D0B1
:104B08007B68D3ED587AF5EEC07AF1EE10FA1BDD2A
:104B180097F84730002B17D097ED0C7AD7ED107A1D
:104B280077EE677AB0EE670AFEF722FDF0EE407A7C
:104B3800B0EEE77A7B68D3ED587AB4EEE77AF1EE17
:104B480010FA01DD012300E00023002B03D07B686D
:104B58008022A3F88E227B68B3F88E32002B1CD1FA
:104B68007B68012283F88C22BA6B7B68C3F87422B5
:104B78003A6B7B68C3F87822FA6A7B68C3F88822A4
:104B8800D7ED0D7A9FED997A27EE877ADFED986A4F
:104B9800C7EE267A7B68C3EDA17A7B68002283F88A
:104BA8009C227B6893F84831002B01D0022200E058
:104BB80001227B68A3F89E227B6893F84831002B7A
:104BC8005BD07B68D3F84C31002B56D07B68D3F888
:104BD8009032BB624FF000037B627B68D3F894325B
:104BE8003B627B68D3F89832FB617B6803F56F7092
:104BF80007F1200407F1240207F1280107F11C033B
:104C080000932346FDF7D6FF034687F83E307B68BE
:104C1800D3F84C311B69002B0CD07B68D3F84C318E
:104C28001B697A68D2F84C21D26910469847034626
:104C38001A4606E097F83E30002B01D0002200E02B
:104C480002227B68A3F89E2297F83E30002B14D0EE
:104C58007B68B3F89E32002B0FD17B68012283F862
:104C68009C22BA6A7B68C3F890223A6A7B68C3F8C8
:104C78009422FA697B68C3F898227B68002283F83B
:104C8800AC227B6893F85031002B01D0022200E05F
:104C980001227B68A3F8AE227B6893F85031002B81
:104CA80056D07B68D3F85431002B51D04FF0000315
:104CB800BB614FF000037B617B68D3F8A4323B6192
:104CC8007B68D3F8A832FB607B6803F5717007F145
:104CD800100407F1140207F1180107F10C030093FF
:104CE8002346FDF767FF034687F83D307B68D3F816
:104CF80054311B69002B0CD07B68D3F854311B69E5
:104D08007A68D2F85421D2691046984703461A4661
:104D180006E097F83D30002B01D0002200E0022287
:104D28007B68A3F8AE2297F83D30002B10D07B6843
:104D3800B3F8AE32002B0BD17B68012283F8AC228A
:104D48003A697B68C3F8A422FA687B68C3F8A8228A
:104D58007B6893F88C32002B13D07B6893F89C32D5
:104D6800002B0ED07B6893ED9D7A7B68D3EDA47AF7
:104D780077EE677AB0EE670AFEF7FAFBF0EE407A54
:104D880001E0DFED1C7A7B68C3EDA87A7B6893F8B5
:104D98008C32002B20D07B6893F8AC32002B1BD0D0
:104DA8007B68D3ED567AF5EEC07AF1EE10FA13DD92
:104DB8007B68D3ED9E6A7B68D3ED567A86EEA77A38
:104DC8007B68D3EDA97A77EE677AB0EE670AFEF7CB
:104DD800CFFBF0EE407A01E0DFED067A7B68C3EDA9
:104DE800AC7A00BF4C37BD4690BD00BF0000704292
:104DF800DB0FC94000000000B0B584B002AF786096
:104E08007B681B78002B6ED07B681B78012B6AD0DF
:104E18007B6803F56B707B6803F184017B6803F1A1
:104E280098047B68D3ED917A7B6893ED927A7B68DE
:104E3800D3ED936A7B6893ED956A7B6803F51675E5
:104E48007B681B787A680632019200932B46F0EE55
:104E5800461AB0EE661AF0EE470AB0EE670A224626
:104E680001F0C2F87B6893F86631002B36D07B6876
:104E780093F88C32002B31D07B6893F89C32002B4E
:104E88002CD07B68D3EDA87AB0EEE77A7B68D3EDB7
:104E98005A7AB4EEE77AF1EE10FA1FDD7B68B3F8C0
:104EA800B03301339AB27B68A3F8B0237B68B3F8B8
:104EB800B0237B68B3F86C319A422CBF01230023DE
:104EC800DBB2002B10D04FF40061786800F018FFB7
:104ED8007B684FF40072A3F89E2205E07B680022ED
:104EE800A3F8B02300E000BF0837BD46B0BD80B5C9
:104EF80084B000AF78607B6893F87131052B60D877
:104F0800022B58D2002B02D0012B4ED059E07B68DF
:104F1800D3F84431002B05D14FF48071786800F044
:104F280002FF54E07B6893F88C3283F00103DBB214
:104F3800002B29D07B68B3F8AE3301339AB27B6873
:104F4800A3F8AE237B68B3F8AE237B68B3F864316B
:104F58009A422CBF01230023DBB2002B36D07B689A
:104F6800B3F88E32022B04D07B68B3F88E32012B53
:104F780001D1082301E04FF48063FB81FB891946C6
:104F8800786800F0D0FE21E07B680022A3F8AE2309
:104F98007B68D3F874227B68C3F868227B68D3F8EF
:104FA80084227B68C3F87C2211E04FF40071786892
:104FB80000F0B9FE0BE04FF40071786800F0B3FE22
:104FC80005E08021786800F0AEFE00E000BF1037F1
:104FD800BD4680BD80B52DED028B8EB000AF7860E8
:104FE8007B68D3F8E0323B637B68D3F8DC327B63C1
:104FF8007B6893EDAD8A7B68D3ED9A7AB0EE670A49
:1050080009F014FDF0EE407A28EE278A7B68D3ED8C
:10501800AE8A7B68D3ED9A7AB0EE670A09F03EFD56
:10502800F0EE407A68EEA77A78EE277A7B68C3EDCF
:10503800AF7A7B68D3EDAD7AB1EE678A7B68D3ED42
:105048009A7AB0EE670A09F029FDF0EE407A28EE68
:10505800278A7B68D3EDAE8A7B68D3ED9A7AB0EE67
:10506800670A09F0E3FCF0EE407A68EEA77A78EE7A
:10507800277A7B68C3EDB07A7B685B78092B1FD1F0
:105088007B6893EDB57A7B68D3ED9E7A77EE677A85
:10509800B0EE670AFEF76CFA87ED0B0A7B6803F53A
:1050A80064727B68D3ED177AF0EE670A97ED0B0A06
:1050B8001046FDF79FFBF0EE407A7B68C3EDB67AA9
:1050C8007B685B78082B03D07B685B78092B1AD147
:1050D8007B6803F55D727B6893EDB67A7B68D3EDE8
:1050E8009F7A77EE677A7B6893ED177AF0EE470A36
:1050F800B0EE670A1046FDF77DFB87ED0D0A7B6869
:105108007A6BC3F8DC227B6803F54F727B68D3EDBA
:10511800AF7A97ED0C7A77EE677A7B6893ED177A1A
:10512800F0EE470AB0EE670A1046FDF763FBF0EEB3
:10513800407A7B68C3EDB17A7B6803F556727B6869
:10514800D3EDB07A97ED0D7A77EE677A7B6893EDB9
:10515800177AF0EE470AB0EE670A1046FDF74AFBE9
:10516800F0EE407A7B68C3EDB27A7B68D3ED9A7A29
:10517800B0EE670A09F05AFC87ED0A0A7B68D3ED9E
:105188009A7AB0EE670A09F089FC87ED090A7B680C
:1051980093EDB17AD7ED0A7A27EE277A7B68D3EDBB
:1051A800B26AD7ED097A66EEA77A77EE677A7B68F6
:1051B800C3EDB37A7B6893EDB17AD7ED097A27EE20
:1051C800277A7B68D3EDB26AD7ED0A7A66EEA77ABA
:1051D80077EE277A7B68C3EDB47A7B6893F811324F
:1051E800002B20D17B68D3EDB37A7B6893EDB47A3A
:1051F8007B68D3ED956A07F118031846B0EE661A76
:10520800F0EE470AB0EE670AFEF73AF9BA697B682A
:10521800C3F8E422FA697B68C3F8E8223A6A7B6833
:10522800C3F8EC2220E07B68D3EDB37A7B6893ED7A
:10523800B47A7B68D3ED956A07F10C031846B0EE93
:10524800661AF0EE470AB0EE670AFEF74BF8FA68FE
:105258007B68C3F8E4223A697B68C3F8E8227A6974
:105268007B68C3F8EC2200BF00BF3837BD46BDECF1
:10527800028B80BD90B587B000AF786000237B8239
:1052880000233B820023FB810023BB817B689B6E4C
:105298009C6907F10C0307F10E0207F1100107F1F1
:1052A8001200A0477B6893ED887A7B8A07EE903AD4
:1052B800F8EEE77A77EE277A7B68C3ED887A7B6821
:1052C80093ED897A3B8A07EE903AF8EEE77A77EE23
:1052D800277A7B68C3ED897A7B6893ED8A7AFB89A4
:1052E80007EE903AF8EEE77A77EE277A7B68C3ED17
:1052F8008A7A7B6893ED8B7ABB8907EE903AF8EE51
:10530800E77A77EE277A7B68C3ED8B7A7B68B3F808
:10531800303201339AB27B68A3F830227B68B3F845
:1053280030227B68B3F898309A426AD37B68B3F826
:10533800303207EE903AF8EE677AC7ED057A7B6867
:10534800D3ED886A97ED057AC6EE877A7B68C3ED58
:105358008D7A7B68D3ED896A97ED057AC6EE877AF0
:105368007B68C3ED8E7A7B68D3ED8A6A97ED057A00
:10537800C6EE877A7B68C3ED8F7A7B68D3ED8B6A3C
:1053880097ED057AC6EE877A7B68C3ED907A7B68DD
:105398000C339FED1E0A1846FDF7E7FB7B681C33AC
:1053A8009FED1A0A1846FDF7E0FB7B682C339FED4A
:1053B800170A1846FDF7D9FB7B683C339FED130AA3
:1053C8001846FDF7D2FB7B684FF00002C3F8442271
:1053D8007B684FF00002C3F848227B684FF0000258
:1053E800C3F84C227B684FF00002C3F850227B6858
:1053F8004FF00002C3F8B4227B684FF00002C3F8F4
:10540800B82200BF1C37BD4690BD00BF0000000099
:1054180080B483B000AF78607B68D3F80C237B68D6
:10542800C3F8E4227B68D3F810237B68C3F8E8222A
:105438007B68D3F814237B68C3F8EC2200BF0C37D1
:10544800BD465DF8047B704780B592B000AF7860C8
:105458007B68D3F8D832FB607B68D3F80833BB602D
:105468007B685B78042B10D17B681B79012B0CD1EE
:1054780007F1080207F10C0319467868FEF7FEFCED
:105488000346002B01D0012300E0002387F82F30CA
:10549800FA687B68C3F8D822BA687B68C3F808231F
:1054A80097F82F30002B02D04FF0000302E07B6802
:1054B800D3F80433BB627B6803F57373D7ED037AC3
:1054C800D7ED0A0AB0EE670A1846FDF743FC7B6879
:1054D80003F573727B68D3ED177AB0EE670A10464E
:1054E800FDF770FC7B6803F573731846FDF70CFD38
:1054F80087ED090A7B6803F573731846FDF713FDFA
:1055080087ED080AD7ED027AF5EEC07AF1EE10FAC7
:1055180002D54FF00003BB60D7ED027AB7EE007AF0
:10552800F4EEC77AF1EE10FA02DD4FF07E53BB605D
:1055380097ED090A09F07AFA87ED070A97ED090A43
:1055480009F0ACFA87ED060A7B68D3F854327B641D
:10555800D7ED117A9FED6F7AF4EEC77AF1EE10FA73
:1055680001D56D4B7B647B687A6AC3F86C227B68D3
:10557800D3F86C227B68C3F868227B683A6AC3F860
:105588007C2297ED027AD7ED117A27EE277AD7EDAC
:10559800077A67EE277A7B68C3EDB37A97ED027ACC
:1055A800D7ED117A27EE277AD7ED067A67EE277AB4
:1055B8007B68C3EDB47A594B7B61D7ED027A97EDDE
:1055C800077A67EE277AC7ED107AD7ED077ABEEE2D
:1055D800007A27EE877AD7ED067ADFED516A67EE13
:1055E800A67A37EE277AD7ED027A67EE277AC7EDE3
:1055F8000F7AD7ED077ABEEE007A27EE877AD7EDD5
:10560800067ADFED476A67EEA67A37EE677AD7ED56
:10561800027A67EE277AC7ED0E7A7B6893F8113223
:10562800012B56D13B6C7B6397ED0F7AD7ED0D7A42
:10563800B4EEE77AF1EE10FA01DDFB6B7B6397EDD0
:105648000E7AD7ED0D7AB4EEE77AF1EE10FA01DDB5
:10565800BB6B7B633B6C3B6397ED0F7AD7ED0C7AA2
:10566800B4EEE77AF1EE10FA01D5FB6B3B6397EDE8
:105678000E7AD7ED0C7AB4EEE77AF1EE10FA01D58E
:10568800BB6B3B6397ED0D7AD7ED0C7A77EE277AF3
:10569800F1EE677AB6EE007A67EE877AC7ED047A9C
:1056A80097ED107AD7ED047A77EE277AC7ED107A5E
:1056B80097ED0F7AD7ED047A77EE277AC7ED0F7A50
:1056C80097ED0E7AD7ED047A77EE277AC7ED0E7A42
:1056D80000E000BFD7ED107AB6EE007A77EE877A51
:1056E8007B68C3EDB97AD7ED0F7AB6EE007A77EE1C
:1056F800877A7B68C3EDBA7AD7ED0E7AB6EE007A70
:1057080077EE877A7B68C3EDBB7A00BF4837BD4622
:1057180080BD00BFCDCCCC3DCDCCCC3DD7B35D3F1B
:10572800D7B35D3F80B58AB000AF78607B684FF033
:105738000002C3F86C227B68D3F86C227B68C3F83C
:1057480068227B68D3F8E0327B627B68D3F8DC326E
:105758003B627B681B79022B1CD1D7ED097AF0EEEE
:10576800E77A9FED617AF4EEC77AF1EE10FA11D577
:10577800D7ED087AF0EEE77A9FED5B7AF4EEC77A18
:10578800F1EE10FA06D57B68D3F874317B624FF0DE
:1057980000033B627B6893EDAD7A7B68D3EDAE7A0C
:1057A800DFED526A67EEA67A77EE277A7B68C3ED5B
:1057B800AF7A7B68D3EDAD7AF1EE677A9FED4B7ADD
:1057C80027EE877A7B68D3EDAE7A77EE277A7B6807
:1057D800C3EDB07A7B6803F54F727B68D3EDAF7A7F
:1057E80097ED097A77EE677A7B6893ED177AF0EE92
:1057F800470AB0EE670A1046FCF7FCFFF0EE407A65
:105808007B68C3EDB17A7B6803F556727B68D3ED8C
:10581800B07A97ED087A77EE677A7B6893ED177A16
:10582800F0EE470AB0EE670A1046FCF7E3FFF0EE29
:10583800407A7B68C3EDB27A7B68D3F8C4227B6870
:10584800C3F8CC227B68D3F8C8227B68C3F8D0227F
:105858007B6893F81132002B20D17B68D3EDB37AA3
:105868007B6893EDB47A7B68D3ED956A07F11403EE
:105878001846B0EE661AF0EE470AB0EE670AFDF772
:10588800FFFD7A697B68C3F8E422BA697B68C3F8CC
:10589800E822FA697B68C3F8EC2220E07B68D3ED44
:1058A800B37A7B6893EDB47A7B68D3ED956A07F198
:1058B80008031846B0EE661AF0EE470AB0EE670A1B
:1058C800FDF710FDBA687B68C3F8E422FA687B68C4
:1058D800C3F8E8223A697B68C3F8EC2200BF00BF2E
:1058E8002837BD4680BD00BFBD37863500000000A3
:1058F80080B594B000AF78607B68D3F8D832FB628B
:105908007B68D3F8E032BB627B68D3F8DC327B6219
:105918007B685B78032B11D17B681B79012B0DD138
:1059280007F1240307F1280207F12C017868FEF734
:10593800A0FB0346002B01D0012300E0002387F8D9
:105948004730FA6A7B68C3F8D822BA6A7B68C3F81A
:10595800E0227A6A7B68C3F8DC2297F84730002B8C
:1059680002D04FF0000302E07B68D3F80433FB64F5
:1059780097F8473083F00103DBB2002B16D07B6821
:105988001B79032B12D17B68D3ED607AF5EEC07AD0
:10599800F1EE10FA0ADDD7ED0B7AF0EEE76A7B68D4
:1059A80093ED607AC6EE877AC7ED137A7B6803F5C4
:1059B8007373D7ED0B7AD7ED130AB0EE670A184662
:1059C800FDF7C8F97B6803F573727B68D3ED177A26
:1059D800B0EE670A1046FDF7F5F97B6803F57373B7
:1059E8001846FDF791FA87ED100A7B6803F5737383
:1059F8001846FDF798FA87ED0F0A7B683A6CC3F8EA
:105A08006C227B68D3F86C227B68C3F868227B68B9
:105A1800FA6BC3F87C227B68D3F8E032BB637B68FF
:105A2800D3F8DC32BB6497F8473083F00103DBB26C
:105A3800002B0BD0D7ED127AF5EEC07AF1EE10FA02
:105A480004D87868FEF7D0F987ED120A97ED100AA6
:105A580008F0ECFF87ED0D0A97ED100A09F01EF823
:105A680087ED0C0A7B6893EDAD7AD7ED0D7A27EEBA
:105A7800277A7B68D3EDAE6AD7ED0C7A66EEA77A03
:105A880077EE277A7B68C3EDAF7A7B68D3EDAD7A82
:105A9800B1EE677AD7ED0C7A27EE277A7B68D3EDDB
:105AA800AE6AD7ED0D7A66EEA77A77EE277A7B682D
:105AB800C3EDB07A7B6803F54F727B68D3EDAF7A9C
:105AC80097ED0E7A77EE677A7B6893ED177AF0EEAA
:105AD800470AB0EE670A1046FCF78CFEF0EE407AF3
:105AE8007B68C3EDB17A7B6803F556727B68D3EDAA
:105AF800B07A97ED127A77EE677A7B6893ED177A2A
:105B0800F0EE470AB0EE670A1046FCF773FEF0EEB7
:105B1800407A7B68C3EDB27A7B6893EDB17AD7EDB2
:105B28000D7A27EE277A7B68D3EDB26AD7ED0C7A27
:105B380066EEA77A77EE677A7B68C3EDB37A7B68FF
:105B480093EDB17AD7ED0C7A27EE277A7B68D3EDFF
:105B5800B26AD7ED0D7A66EEA77A77EE277A7B6878
:105B6800C3EDB47A7B6893F81132002B20D17B689F
:105B7800D3EDB37A7B6893EDB47A7B68D3ED956AFD
:105B880007F118031846B0EE661AF0EE470AB0EEB1
:105B9800670AFDF775FCBA697B68C3F8E422FA69FD
:105BA8007B68C3F8E8223A6A7B68C3F8EC2220E0F5
:105BB8007B68D3EDB37A7B6893EDB47A7B68D3EDD9
:105BC800956A07F10C031846B0EE661AF0EE470A1C
:105BD800B0EE670AFDF786FBFA687B68C3F8E42233
:105BE8003A697B68C3F8E8227A697B68C3F8EC22D3
:105BF80000BF00BF5037BD4680BD000080B58CB0E7
:105C080000AF78600B467B8013467B707A7813462A
:105C18005B001344DB00E0337A681344BB627B68A3
:105C2800D3F8A0307B627B68D3F89C303B62BB6AB8
:105C38001B7C002B0FD17B8807EE903AB8EEE77AF1
:105C4800D7ED087A67EE276A97ED097AC6EE877A64
:105C5800C7ED0B7A12E07B8807EE903AB8EEE77A48
:105C6800D7ED087A67EE276A97ED097AC6EE877A44
:105C780097ED087A77EE677AC7ED0B7ABB6A5B68AF
:105C8800FB6197ED077AD7ED0B7A67EE276A97EDF8
:105C9800087AD7ED0B7A37EE677AC6EE877AC7EDC2
:105CA800067ABB6A9B687B61BB6ADB683B6197EDE0
:105CB800067AD7ED057AC7EE276AB0EE660A08F0CD
:105CC80085FEF0EE406A97ED047AC6EE877A9FED7E
:105CD8000A7A37EE877AF7EE006AC6EE877AC7ED5A
:105CE800037AD7ED037A9FED057A77EEC77AB0EE9F
:105CF800670A3037BD4680BD0FCF5B3B339388437F
:105D080080B483B000AF78600B467B807B68DA880C
:105D18007B8813439AB27B68DA8000BF0C37BD4694
:105D28005DF8047B704780B582B000AF78600B46A1
:105D38007B807B8819467868FFF7E2FF7B684FF025
:105D48000002C3F8E4227B684FF00002C3F8E8229F
:105D58007B684FF00002C3F8EC227B689B6E002B37
:105D680008D07B689B6E9B68002B03D07B689B6E7A
:105D78009B68984704217868FDF726FF00BF08371D
:105D8800BD4680BD80B584B000AF78607B6868335D
:105D98001946786800F053F8034683F00103DBB234
:105DA800002B05D080217868FFF7AAFF002342E086
:105DB8007B6868331846FDF719F90346FB81FB89B0
:105DC800002B06D0FB8919467868FFF799FF002356
:105DD80031E07B6893F87131002B0DD17B6893F823
:105DE8008C3283F00103DBB2002B05D008217868E0
:105DF800FFF786FF00231EE07B689B78092B0DD1F7
:105E08007B6893F88C3283F00103DBB2002B05D05A
:105E180008217868FFF774FF00230CE07B6893F88B
:105E28007131012B01D8012305E04FF40071786826
:105E3800FFF766FF002318461037BD4680BD80B5C2
:105E480084B000AF786039603B681B68002B01D1D3
:105E5800002393E03B681B79002B01D100238DE0E0
:105E68003B68D3ED557AF5EEC07AF1EE10FA01D819
:105E7800002383E03B6893F83D30022B06D03B6853
:105E880093F83D30032B01D0002377E03B681B6873
:105E98001B7FFB73FB7B03F0F803002B01D000236F
:105EA8006CE0FB7B032B05D0FB7B052B02D0FB7B37
:105EB800062B01D1012300E00023BB733B6893F854
:105EC8003D30022B07D1BB7B83F00103DBB2002BF3
:105ED80001D0002352E03B6893F83D30032B04D1F6
:105EE800FB7B072B01D0002348E03B68D3ED1A7AEF
:105EF800B0EE670AFBF7C2FF034683F00103DBB28B
:105F0800002B19D13B68D3ED1B7AB0EE670AFBF77B
:105F1800B5FF034683F00103DBB2002B0CD13B68CD
:105F2800D3ED1C7AB0EE670AFBF7A8FF034683F0AF
:105F38000103DBB2002B01D0012300E00023002B7A
:105F480001D000231AE03B68D3ED1A7AF5EEC07A47
:105F5800F1EE10FA0FD43B68D3ED1B7AF5EEC07A58
:105F6800F1EE10FA07D43B68D3ED1C7AF5EEC07A4F
:105F7800F1EE10FA01D5002300E00123184610378E
:105F8800BD4680BD80B483B000AF786039603B689F
:105F980093ED007A7B68D3ED007AB4EEE77AF1EE00
:105FA80010FA01D53B6800E07B6818460C37BD46FF
:105FB8005DF8047B704780B483B000AF78603960C7
:105FC8007B6893ED007A3B68D3ED007AB4EEE77A0C
:105FD800F1EE10FA01D53B6800E07B6818460C37F3
:105FE800BD465DF8047B704780B48DB000AFF861A2
:105FF800B9617A6187ED040AC7ED030A87ED021AD1
:10600800C7ED011A3B60FB6B002B00F0A08000235A
:10601800FB85D7ED047AF0EEE77AC7ED0A7AD7ED7B
:10602800037AF0EEE77A97ED0A7AB4EEE77AF1EEC2
:1060380010FA05D5D7ED037AF0EEE77AC7ED0A7ABC
:10604800D7ED027AF0EEE77A97ED0A7AB4EEE77ABE
:10605800F1EE10FA05D5D7ED027AF0EEE77AC7ED42
:106068000A7ABB69D3ED007A97ED0A7AB4EEE77A3B
:10607800F1EE10FA03DDFB8D43F00103FB85BB69EC
:10608800D3ED037A97ED017AB4EEE77AF1EE10FAE0
:1060980003DDFB8D43F00203FB85BB69D3ED047A76
:1060A80097ED017AB4EEE77AF1EE10FA0BD597F88E
:1060B8003830002B07D097F83830012B03D0FB8DF0
:1060C80043F01003FB85002387F8273030E097F86A
:1060D8002720796913465B001344DB000B444833DF
:1060E8001B7883F00103DBB2002B1BD197F8273014
:1060F8009B003A68134493ED007A97F82720796952
:1061080013465B001344DB000B445C33D3ED007A89
:10611800B4EEE77AF1EE10FA05DDFB8D43F02003CB
:10612800FB8500E000BF97F82730013387F8273058
:106138007B6993F8443097F827209A42C7D3FB6BC2
:106148001A88FB8D13439AB2FB6B1A8000E000BFDC
:106158003437BD465DF8047B7047000080B500AF5A
:10616800034B044A1A600020FBF71AFE00BF80BDEB
:10617800300600209D14000880B582B000AF78601A
:106188000B46FB70FB7819467868FBF727FE00BFC3
:106198000837BD4680BD80B400AF04231846BD460D
:1061A8005DF8047B7047000080B500AFFBF75CFB2F
:1061B8000346AC4A1360AB4BAB4A5A63A94B4FF04A
:1061C8008B429A63A74B4FF47A721A86A54BA74A5B
:1061D800C3F8D820A34BA64A9A66A24BA54ADA660A
:1061E800A04BA44A1A679F4B002283F83C209D4B82
:1061F800022283F83D209B4B002283F85C20994BB8
:10620800002283F83E20974B002283F83F20954BCD
:10621800002283F84020934B974ADA64914B974ABF
:106228001A65904B944A1A668E4B944A5A668D4B5F
:10623800012283F841208B4B914A5A64894B914A39
:106248009A64884B012283F87420864B012283F8D4
:106258007820844B002283F88820824B8A4ADA67A8
:10626800804B884AC3F880207E4B884AC3F8842034
:106278007C4B874AC3F88C207A4B07221A71794BDA
:10628800844A9A60774B844ADA60764B834A1A616B
:10629800744B834A5A61734B824ADA61714B824A62
:1062A8001A62704B814A9A626E4B814ADA626D4B70
:1062B800804A5A6200F02FF903466A4AC2F8DC3075
:1062C800684B002283F8E020664B0022C3F8E420E4
:1062D800644B002283F8E820624B0022C3F8EC20CC
:1062E800604B4FF07E52C3F8F0205E4B002283F8DB
:1062F800F4205C4B4FF00002C3F8F820594B012200
:10630800A3F8FC20574B002283F8FE20554B6A4A1D
:10631800C3F80021534B0322A3F80421514B002258
:1063280083F808214F4B002283F809214D4B0022A6
:1063380083F82C214B4B002283F82D21494B002256
:1063480083F82E21474B5C4AC3F83021454B032282
:10635800A3F83421434B4FF07E52C3F80C21414B34
:106368004FF07C52C3F810213E4B4FF07F52C3F8D8
:1063780014213C4B514AC3F818213A4B4FF07E5236
:10638800C3F83821374B4FF08042C3F83C21354BD6
:106398004B4AC3F84021334B4A4AC3F84421314B96
:1063A800474AC3F848212F4B434AC3F84C212D4B89
:1063B8006422A3F850212B4B032283F8A821294BF0
:1063C800012283F8A921FFF7E6FE03461A46254B6A
:1063D80083F8AA21234B3C4AC3F85421214B3B4A5A
:1063E800C3F858211F4B4FF00002C3F85C211D4B26
:1063F8004FF07C52C3F864211A4B354AC3F86C211C
:10640800184B4FF00002C3F87021164B2F4AC3F8FF
:106418007821144B2E4AC3F88021124B2D4AC3F819
:106428008421104B294AC3F88C210E4B4FF00002EF
:10643800C3F894210B4B4FF00002C3F89821094B85
:10644800254AC3F8A02107492448FBF77BFD0346EA
:10645800002B14BF01230023DBB2002B40D000BF68
:10646800FDE700BF3000002085EB51400000F041FF
:1064780017B751380AD7A33C17B7D13800003C42A8
:10648800007C924800401C460050C34700A04D4580
:106498000000AA420000A04000009042CDCCCC3DB4
:1064A8006F12033A0000204200803B45000058422A
:1064B800000040416666663F3333B33E00007A44CD
:1064C800000048420000FA4300409C46CDCC4C3EB8
:1064D800CDCC4C3D6F12833A000048433C06002067
:1064E8000448FBF705FBFFF739FEFBF7C7F900BFC8
:1064F80080BD00BF4406002080B500AF0248FBF70E
:10650800F9FC00BF80BD00BF3C06002080B500AF8D
:10651800FFF7F2FF80BD80B400AF00231846BD46E8
:106528005DF8047B7047000080B500AF034904485C
:10653800FBF7AAFD0346184680BD00BF18020020DD
:106548003C06002080B500AF044B01221A70FFF70B
:106558002BFE024B02221A7000BF80BD710600207C
:1065680080B582B000AF254B1B680133234A136006
:10657800234B1B78FB71FB79002B3BD0204B00226F
:106588001A70204AFB791370FB79013B032B2CD836
:1065980001A252F823F000BFB1650008BF650008EA
:1065A800D1650008E3650008FFF7BEFF03461A46F9
:1065B800154B1A601FE000211448FBF7F3FC034653
:1065C8001A46114B1A6016E001211048FBF7EAFC45
:1065D80003461A460C4B1A600DE00C48FBF706FD03
:1065E80003461A46084B1A6005E0074B4FF0FF3286
:1065F8001A6000E000BF0837BD4680BD7406002061
:1066080070060020780600207C0600203C0600204A
:1066180080B400AF064BD3F88830054A43F47003C2
:10662800C2F8883000BFBD465DF8047B704700BFE4
:1066380000ED00E080B483B000AF786039607B681B
:106648009B6823F47C123B681A437B689A6000BFFE
:106658000C37BD465DF8047B704780B483B000AF4B
:10666800786039607B689B6823F0E0723B681A4366
:106678007B689A6000BF0C37BD465DF8047B7047A5
:1066880080B483B000AF78607B689B6803F0E073E8
:1066980018460C37BD465DF8047B704780B487B058
:1066A80000AFF860B9607A603B60FB6860331A46F7
:1066B800BB689B0013447B617B691A68084B1340D5
:1066C8007A6802F0F8413A680A43134343F00042FB
:1066D8007B691A6000BF1C37BD465DF8047B7047B4
:1066E80000F0FF0380B485B000AF786039607B6844
:1066F80060331A463B689B001344FB60FB681B68C9
:1067080003F0F84318461437BD465DF8047B70471C
:1067180080B487B000AFF860B9607A60FB68603316
:106728001A46BB689B0013447B617B691B6823F096
:1067380000427B681A437B691A6000BF1C37BD465C
:106748005DF8047B704780B487B000AFF860B9602B
:106758007A60FB6860331A46BB689B0013447B6110
:106768007B691B6823F080727B681A437B691A6017
:1067780000BF1C37BD465DF8047B704780B487B006
:1067880000AFF860B9607A60FB6860331A46BB688E
:106798009B0013447B617B691B6823F000727B6854
:1067A8001A437B691A6000BF1C37BD465DF8047B3D
:1067B800704780B483B000AF786039607B685B69EC
:1067C80023F000423B681A437B685A6100BF0C37CC
:1067D800BD465DF8047B704780B483B000AF786035
:1067E8007B68DB6803F44063002B01D1012300E0E0
:1067F800002318460C37BD465DF8047B704780B40B
:1068080087B000AFF860B9607A60FB6830331A4629
:10681800BB681B0A9B0003F00C0313447B617B6974
:106828001A68BB6803F01F031F2101FA03F3DB4357
:106838001A407B689B0E03F01F01BB6803F01F031F
:1068480001FA03F31A437B691A6000BF1C37BD467F
:106858005DF8047B704780B483B000AF78607B68D4
:10686800DB6C03F4C073002B01D1012300E000238B
:1068780018460C37BD465DF8047B704780B487B076
:1068880000AFF860B9607A60FB6814331A46BB68D9
:106898005B0E9B0003F0040313447B617B691A6859
:1068A800BB681B0D03F01F03072101FA03F3DB4349
:1068B8001A40BB681B0D03F01F03796801FA03F344
:1068C8001A437B691A6000BF1C37BD465DF8047B1C
:1068D8007047000080B485B000AFF860B9607A6096
:1068E800FB68D3F8B020BB68C3F31203DB431A403C
:1068F8007B6803F018030849D940BB680B40C3F311
:1069080012031A43FB68C3F8B02000BF1437BD4612
:106918005DF8047B704700BFFFFF070080B483B0B9
:1069280000AF78607B689B6803F01F0318460C373C
:10693800BD465DF8047B704780B483B000AF7860D3
:106948007B689B6803F4604318460C37BD465DF8C6
:10695800047B704780B483B000AF78607B689B6825
:1069680023F0204323F03F037A68936000BF0C377D
:10697800BD465DF8047B704780B483B000AF786093
:106988007B689B6803F00053B3F1005F01D10123DA
:1069980000E0002318460C37BD465DF8047B7047BD
:1069A80080B483B000AF78607B689B6823F01043A5
:1069B80023F03F0343F080527B689A6000BF0C3796
:1069C800BD465DF8047B704780B483B000AF786043
:1069D8007B689B6803F08053B3F1805F01D101238A
:1069E80000E0002318460C37BD465DF8047B70476D
:1069F80080B483B000AF78607B689B6823F0004365
:106A080023F03F0343F001027B689A6000BF0C3714
:106A1800BD465DF8047B704780B483B000AF7860F2
:106A28007B689B6823F0004323F03F0343F0020296
:106A38007B689A6000BF0C37BD465DF8047B7047E1
:106A480080B483B000AF78607B689B6803F0010373
:106A5800012B01D1012300E0002318460C37BD4665
:106A68005DF8047B704780B483B000AF78607B68C2
:106A78009B6803F00203022B01D1012300E00023ED
:106A880018460C37BD465DF8047B704780B483B068
:106A980000AF78607B689B6823F0004323F03F03D6
:106AA80043F004027B689A6000BF0C37BD465DF86E
:106AB800047B704780B483B000AF78607B689B68C4
:106AC80003F00403042B01D1012300E0002318463E
:106AD8000C37BD465DF8047B704780B483B000AFC7
:106AE80078607B689B6803F00803082B01D10123B9
:106AF80000E0002318460C37BD465DF8047B70475C
:106B080090B589B000AF78600023FB770023FB6065
:106B18007B68002B01D10123A9E17B685B69002B0D
:106B28007B68DB6D002B09D17868FAF7BBF97B68C5
:106B380000221A667B68002283F858207B681B684D
:106B48001846FFF719FF0346002B04D07B681B6823
:106B58001846FFF7FFFE7B681B681846FFF734FFEF
:106B68000346002B15D17B681B681846FFF718FFF2
:106B78009C4B1B689B099C4AA2FB03239B0901337E
:106B88005B00FB6002E0FB68013BFB60FB68002BDD
:106B9800F9D17B681B681846FFF716FF0346002BE0
:106BA8000DD17B68DB6D43F010027B68DA657B688A
:106BB8001B6E43F001027B681A660123FB777B6832
:106BC8001B681846FFF776FF78617B68DB6D03F07A
:106BD8001003002B40F042817B69002B40F03E817E
:106BE8007B68DB6D23F4817343F002027B68DA650E
:106BF8007B681B681846FFF723FF0346002B41D12B
:106C08007B681B68B3F1A04F04D07B681B68774A88
:106C180093420FD14FF0A040FFF712FF044673488C
:106C2800FFF70EFF03462343002B0CBF012300236D
:106C3800DBB212E06E48FFF703FF04466D48FFF72A
:106C4800FFFE03461C436C48FFF7FAFE0346234346
:106C5800002B0CBF01230023DBB2002B12D07B6872
:106C68001B68B3F1A04F04D07B681B685F4A93424E
:106C780001D1624A00E0624A7B685B6819461046A7
:106C8800FFF7D8FC7B685B7F5A037B68DB6B1A4392
:106C98007B68DB681A437B689B681A437B6893F8B8
:106CA80024301B041343BB617B6893F82430012B09
:106CB80006D17B689B6A013B5B04BA691343BB61DD
:106CC8007B68DB6A002B09D07B68DB6A03F4787287
:106CD8007B681B6B1343BA691343BB617B681B68F2
:106CE800DA68484B13407A681268B9690B43D36075
:106CF8007B681B681B6923F040617B685A6B7B6863
:106D08001B680A431A617B681B681846FFF7E5FE93
:106D180038617B69002B7FD13B69002B7CD17B6874
:106D28001B7F9A037B6893F838305B001343BB6181
:106D38007B681B68DB6823F4804323F002037A68CE
:106D48001268B9690B43D3607B681B69002B17D0A5
:106D58007B681B681A697B681B6842F480321A6179
:106D68007B681B68D3F8C03023F47F5323F03F03BC
:106D78007A6811697A6812680B43C2F8C03013E068
:106D88007B681B681A697B681B6822F480321A6169
:106D98007B681B68D3F8C0307A68126823F47F5385
:106DA80023F03F03C2F8C0307B6893F84030012BD2
:106DB8002AD17B681B681B6923F4FF6323F0040353
:106DC8007A68516C7A68926C11437A68D26C114374
:106DD8007A68126D0A431A437B681B6842F0010205
:106DE8001A6119E020020020632D3E0500010050C1
:106DF8000004005000050050000600500003005039
:106E0800000700500740F0FF7B681B681A697B6821
:106E18001B6822F001021A617B685B69012B0CD1A7
:106E28007B681B681B6B23F00F017B681B6A5A1E6B
:106E38007B681B680A431A6307E07B681B681A6B48
:106E48007B681B6822F00F021A637B68DB6D23F0F6
:106E5800030343F001027B68DA6507E07B68DB6DBA
:106E680043F010027B68DA650123FB77FB7F184645
:106E78002437BD4690BD00BF80B586B000AFF8602E
:106E8800B9607A60FB681B68B3F1A04F04D0FB6857
:106E98001B685A4A934201D1594B00E0594B184696
:106EA800FFF73CFD3861FB681B681846FFF702FED8
:106EB8000346002B40F09B80FB6893F85830012B69
:106EC80001D1022396E0FB68012283F85820FB6871
:106ED8001B684D4A934208D03B69002B05D03B699B
:106EE800052B02D03B69092B7AD1F86800F060FFC6
:106EF8000346FB75FB7D002B6DD1FB68DB6D23F42E
:106F0800706323F0010343F48072FB68DA65FB6861
:106F18001B683A4A934209D0FB681B683B4A934274
:106F280002D0FB681B6803E0394B01E04FF0A04337
:106F3800FA681268934202D03B69002B05D1FB68BE
:106F4800DB6D23F48012FB68DA65FB68DB6D03F404
:106F58008053002B06D0FB681B6E23F00602FB68EB
:106F68001A6602E0FB6800221A66FB685B6D294A14
:106F7800DA62FB685B6D284A1A63FB685B6D274A17
:106F88005A63FB681B681C221A60FB68002283F89E
:106F98005820FB681B685A68FB681B6842F010029F
:106FA8005A60FB681B68DA68FB681B6842F00102DC
:106FB800DA60FB68586DFB681B6840331946BA688D
:106FC8007B6803F043FD0346FB75FB681B681846A6
:106FD800FFF75CFD0DE0FB68002283F8582008E00D
:106FE8000123FB75FB68002283F8582001E0022387
:106FF800FB75FB7D18461837BD4680BD0001005063
:107008000003005000070050000600500005005023
:1070180000040050A37F00087B80000897800008C8
:1070280080B58AB000AF786000237B627B681B68FC
:107038001B68FB617B681B685B68BB617B681B68BE
:10704800B3F1A04F04D07B681B688E4A934201D1EC
:107058008D4B00E08D4B1846FFF760FC7861FB69AB
:1070680003F00203002B17D0BB6903F00203002BC7
:1070780012D07B68DB6D03F01003002B05D17B6811
:10708800DB6D43F400627B68DA65786801F04CFCDC
:107098007B681B6802221A60FB6903F00403002B5B
:1070A80004D0BB6903F00403002B0BD1FB6903F088
:1070B8000803002B00F09480BB6903F00803002B41
:1070C80000F08E807B68DB6D03F01003002B05D188
:1070D8007B68DB6D43F400727B68DA657B681B684C
:1070E8001846FFF779FB0346002B72D07B681B68B4
:1070F800644A934209D07B681B68654A934202D070
:107108007B681B6803E0634B01E04FF0A0437A689B
:107118001268934208D07B69002B05D07B69052B48
:1071280002D07B69092B04D17B681B68DB683B6252
:1071380014E07B681B68534A934209D07B681B683C
:10714800534A934202D07B681B6803E0514B01E02D
:107158004FF0A0433B613B69DB683B623B6A03F449
:107168000053002B35D17B681B681B6803F00803AC
:10717800082B2ED17B681B681846FFF79BFC03463B
:10718800002B1AD17B681B685A687B681B6822F041
:107198000C025A607B68DB6D23F480727B68DA65C9
:1071A8007B68DB6D03F48053002B12D17B68DB6DA9
:1071B80043F001027B68DA650BE07B68DB6D43F026
:1071C80010027B68DA657B681B6E43F001027B68FE
:1071D8001A66786800F084F97B681B680C221A60CC
:1071E800FB6903F02003002B04D0BB6903F02003E4
:1071F800002B0BD1FB6903F04003002B00F0B38098
:10720800BB6903F04003002B00F0AD807B68DB6DA9
:1072180003F01003002B05D17B68DB6D43F40052AB
:107228007B68DA657B681B681846FFF714FBF86013
:107238007B681B681846FFF7CFFAB8607B681B6845
:10724800104A934209D07B681B68114A934202D0C6
:107258007B681B6803E00F4B01E04FF0A0437A689E
:107268001268934208D07B69002B05D07B69062BF6
:1072780002D07B69072B0FD17B681B68DB683B62F8
:107288001FE000BF0001005000030050000700503D
:1072980000050050000400507B681B688B4A93422D
:1072A80009D07B681B688A4A934202D07B681B68B6
:1072B80003E0884B01E04FF0A0433B613B69DB688A
:1072C8003B62FB68002B47D03B6A03F00073002B3E
:1072D80007D0BB68002B3FD03B6A03F40053002B58
:1072E8003AD17B681B681B6803F04003402B33D1FD
:1072F8003B6A03F40013002B2ED17B681B681846E9
:10730800FFF7EBFB0346002B1AD17B681B685A6812
:107318007B681B6822F060025A607B68DB6D23F48F
:1073280080527B68DA657B68DB6D03F48073002B21
:1073380012D17B68DB6D43F001027B68DA650BE0F4
:107348007B68DB6D43F010027B68DA657B681B6E37
:1073580043F001027B681A667868FAF7D9FA7B6805
:107368001B6860221A60FB6903F08003002B11D0B0
:10737800BB6903F08003002B0CD07B68DB6D43F402
:1073880080327B68DA65786800F0BEF87B681B6835
:1073980080221A60FB6903F48073002B12D0BB694A
:1073A80003F48073002B0DD07B68DB6D43F400324F
:1073B8007B68DA65786801F0A3FA7B681B684FF48C
:1073C80080721A60FB6903F40073002B12D0BB694A
:1073D80003F40073002B0DD07B68DB6D43F480222F
:1073E8007B68DA65786801F095FA7B681B684FF46A
:1073F80000721A60FB6903F01003002B43D0BB69CD
:1074080003F01003002B3ED07B68DB6B002B02D10E
:1074180001237B6221E07B69002B15D07B681B6808
:10742800B3F1A04F04D07B681B68284A934201D16E
:10743800294B00E0294B1846FFF77EFA0346002B3C
:107448000BD001237B6208E07B681B68DB6803F0D4
:107458000103002B01D001237B627B6A012B0ED133
:107468007B68DB6D43F480627B68DA657B681B6E42
:1074780043F002027B681A66786800F04FF87B6870
:107488001B6810221A60FB6903F48063002B18D074
:10749800BB6903F48063002B13D07B68DB6D43F476
:1074A80080427B68DA657B681B6E43F008027B6864
:1074B8001A667B681B684FF480621A60786801F06E
:1074C80015FA00BF2837BD4680BD00BF0001005037
:1074D8000005005000040050000300500007005051
:1074E80080B483B000AF786000BF0C37BD465DF84C
:1074F800047B704780B483B000AF786000BF0C375E
:10750800BD465DF8047B704780B483B000AF7860F7
:1075180000BF0C37BD465DF8047B704780B483B06C
:1075280000AF786000BF0C37BD465DF8047B70473C
:1075380080B5B6B000AF78603960002387F8D730DF
:107548000023FB607B6893F85830012B02D102239B
:1075580000F013BC7B68012283F858207B681B6805
:107568001846FFF7A7FA0346002B40F0F3837B6821
:1075780018683B6859683B681B681A46FFF73FF96B
:107588007B681B681846FFF795FAC7F8D0007B6838
:107598001B681846FFF7A1FAC7F8CC00D7F8D03017
:1075A800002B40F0D981D7F8CC30002B40F0D481A3
:1075B8003B689B68B3F1004F0FD17B6818683B6844
:1075C8001B6800221946FFF759F97B681B684FF0C2
:1075D80000411846FFF7EDF80EE07B6818683B6835
:1075E80019683B689B681A46FFF748F97B681B686F
:1075F80000211846FFF7DDF83B685A697B681B686D
:10760800DB68DB0803F003035B0002FA03F3C7F847
:10761800C8303B681B69042B22D07B6818683B681C
:1076280019693B681A68D7F8C830FFF737F87B68DC
:1076380018683B6819693B689B691A46FFF783F825
:107648007B6818683B6819693B681B7F012B02D16E
:107658004FF0007300E000231A46FFF78FF87BE134
:107668007B681B6800211846FFF73CF80346C3F304
:107678001203002B0AD17B681B6800211846FFF70C
:1076880031F803469B0E03F01F021EE07B681B685F
:1076980000211846FFF726F80346C7F8BC30D7F88C
:1076A800BC3093FAA3F3C7F8C030D7F8C030C7F896
:1076B800B830D7F8B830002B01D1202304E0D7F830
:1076C800B830B3FA83F3DBB21A463B681B68C3F3DE
:1076D8001203002B05D13B681B689B0E03F01F03A8
:1076E80018E03B681B68C7F8B030D7F8B03093FA99
:1076F800A3F3C7F8AC30D7F8AC30C7F8B430D7F834
:10770800B430002B01D1202304E0D7F8B430B3FA09
:1077180083F3DBB29A4206D17B681B680022002102
:107728001846FEF7F5FF7B681B6801211846FEF72F
:10773800D9FF0346C3F31203002B0AD17B681B68E9
:1077480001211846FEF7CEFF03469B0E03F01F02E9
:107758001EE07B681B6801211846FEF7C3FF03463D
:10776800C7F8A430D7F8A43093FAA3F3C7F8A03029
:10777800D7F8A030C7F8A830D7F8A830002B01D127
:10778800202304E0D7F8A830B3FA83F3DBB21A4613
:107798003B681B68C3F31203002B05D13B681B68C9
:1077A8009B0E03F01F0318E03B681B68C7F898306E
:1077B800D7F8983093FAA3F3C7F89430D7F89430F1
:1077C800C7F89C30D7F89C30002B01D1202304E067
:1077D800D7F89C30B3FA83F3DBB29A4206D17B68C0
:1077E8001B68002201211846FEF792FF7B681B6880
:1077F80002211846FEF776FF0346C3F31203002B57
:107808000AD17B681B6802211846FEF76BFF034606
:107818009B0E03F01F021EE07B681B6802211846BE
:10782800FEF760FF0346C7F88C30D7F88C3093FA20
:10783800A3F3C7F88830D7F88830C7F89030D7F85E
:107848009030002B01D1202304E0D7F89030B3FA10
:1078580083F3DBB21A463B681B68C3F31203002BA1
:1078680005D13B681B689B0E03F01F0316E03B68BD
:107878001B68C7F88030D7F8803093FAA3F3FB670A
:10788800FB6FC7F88430D7F88430002B01D1202350
:1078980004E0D7F88430B3FA83F3DBB29A4206D116
:1078A8007B681B68002202211846FEF731FF7B68BF
:1078B8001B6803211846FEF715FF0346C3F312039E
:1078C800002B0AD17B681B6803211846FEF70AFFC4
:1078D80003469B0E03F01F0217E07B681B68032119
:1078E8001846FEF7FFFE03467B677B6F93FAA3F308
:1078F8003B673B6FBB67BB6F002B01D1202303E0C5
:10790800BB6FB3FA83F3DBB21A463B681B68C3F359
:107918001203002B05D13B681B689B0E03F01F0365
:1079280011E03B681B68BB66BB6E93FAA3F37B66EA
:107938007B6EFB66FB6E002B01D1202303E0FB6E00
:10794800B3FA83F3DBB29A4206D17B681B68002244
:1079580003211846FEF7DCFE7B681B681846FFF714
:107968006FF80346002B40F03D817B6818683B6840
:1079780019683B68DB681A46FEF7ACFF3B68DB68B2
:10798800A24A934240F02E817B6818683B681B68C6
:10799800C3F31203002B0BD13B681B689B0E01330A
:1079A80003F01F03092B94BF01230023DBB219E066
:1079B8003B681B68FB65FB6D93FAA3F3BB65BB6D66
:1079C8003B663B6E002B01D1202303E03B6EB3FAEC
:1079D80083F3DBB2013303F01F03092B94BF0123A8
:1079E8000023DBB2002B79D03B681B68C3F312037A
:1079F800002B07D13B681B689B0E01339B0603F0E5
:107A0800F84215E03B681B683B653B6D93FAA3F3AE
:107A1800FB64FB6C7B657B6D002B01D1202303E0AD
:107A28007B6DB3FA83F3DBB201339B0603F0F842B4
:107A38003B681B68C3F31203002B09D13B681B6822
:107A48009B0E013303F01F03012101FA03F317E032
:107A58003B681B687B647B6C93FAA3F33B643B6CC9
:107A6800BB64BB6C002B01D1202303E0BB6CB3FAD1
:107A780083F3DBB2013303F01F03012101FA03F39F
:107A880042EA03013B681B68C3F31203002B0AD1C7
:107A98003B681B689B0E013303F01F0213465B0013
:107AA80013441B0518E03B681B68BB63BB6B93FA68
:107AB800A3F37B637B6BFB63FB6B002B01D1202360
:107AC80003E0FB6BB3FA83F3DBB2013303F01F026D
:107AD80013465B0013441B050B437EE03B681B68A1
:107AE800C3F31203002B07D13B681B689B0E0133BD
:107AF8009B0603F0F84215E03B681B68FB62FB6AD3
:107B080093FAA3F3BB62BB6A3B633B6B002B01D1C7
:107B1800202303E03B6BB3FA83F3DBB201339B060C
:107B280003F0F8423B681B68C3F31203002B09D12A
:107B38003B681B689B0E013303F01F03012101FA08
:107B480003F317E03B681B683B623B6A93FAA3F3B5
:107B5800FB61FB697B627B6A002B01D1202303E078
:107B68007B6AB3FA83F3DBB2013303F01F0301210D
:107B780001FA03F342EA03013B681B68C3F31203EB
:107B8800002B0DD13B681B689B0E013303F01F02CD
:107B980013465B0013441E3B1B0543F000731BE0B8
:107BA8003B681B687B617B6993FAA3F33B613B6984
:107BB800BB61BB69002B01D1202303E0BB69B3FA89
:107BC80083F3DBB2013303F01F0213465B00134457
:107BD8001E3B1B0543F000730B433A689268194635
:107BE800FEF74CFE3B681A68094B1340002B00F067
:107BF800BE807B681B68B3F1A04F04D07B681B680C
:107C0800044A93420AD1044B09E000BF00007F40B8
:107C1800000008800001005000030050594B18462E
:107C2800FEF72EFDC7F8C4003B681B68564A93420E
:107C380004D03B681B68554A93423AD1D7F8C43000
:107C480003F40003002B34D17B681B68B3F1A04F09
:107C580005D07B681B684E4A934240F085807B685C
:107C68001B68B3F1A04F04D07B681B68494A934254
:107C780001D1494A00E0434AD7F8C43043F400032D
:107C880019461046FEF7E9FC444B1B689B09444A19
:107C9800A2FB03239B095A1C13465B0013449B0059
:107CA800FB6002E0FB68013BFB60FB68002BF9D13D
:107CB8005AE03B681B683B4A934225D1D7F8C43049
:107CC80003F08073002B1FD17B681B68314A9342F5
:107CD80004D17B681B68344A934247D07B681B6891
:107CE800B3F1A04F04D07B681B682A4A934201D1A4
:107CF800294A00E0234AD7F8C43043F08073194674
:107D08001046FEF7AAFC31E03B681B68274A9342FD
:107D18002DD1D7F8C43003F48003002B27D17B681A
:107D28001B681C4A934222D07B681B68B3F1A04FA2
:107D380004D07B681B68174A934201D1164A00E0B9
:107D4800104AD7F8C43043F4800319461046FEF7AA
:107D580084FC0CE07B68DB6D43F020027B68DA650D
:107D6800012387F8D73002E000BF00E000BF7B683E
:107D7800002283F8582097F8D7301846D837BD46E0
:107D880080BD00BF00070050000021C31000C09054
:107D9800000600500001005000030050200200209F
:107DA800632D3E05000052C700050050000084CB3B
:107DB80080B584B000AF78600023BB607B681B6827
:107DC8001846FEF73DFE0346002B76D17B681B68FC
:107DD8009A683C4B1340002B0DD07B68DB6D43F059
:107DE80010027B68DA657B681B6E43F001027B68D2
:107DF8001A66012362E07B681B681846FEF7F8FDE7
:107E08007B681B68B3F1A04F04D07B681B682E4ABF
:107E1800934201D12D4B00E02D4B1846FEF730FC64
:107E2800034603F40003002B13D02A4B1B689B095D
:107E3800294AA2FB03239B095A1C13465B001344DF
:107E48009B00BB6002E0BB68013BBB60BB68002BCA
:107E5800F9D101F00BFCF86028E07B681B68184634
:107E6800FEF7EEFD0346002B04D17B681B6818461D
:107E7800FEF7BEFD01F0FAFB0246FB68D31A022B9F
:107E880014D97B681B681B6803F00103012B0DD014
:107E98007B68DB6D43F010027B68DA657B681B6EDC
:107EA80043F001027B681A66012307E07B681B68C0
:107EB8001B6803F00103012BCFD1002318461037AC
:107EC800BD4680BD3F000080000100500003005007
:107ED8000007005020020020632D3E0580B584B0C5
:107EE80000AF78607B681B681846FEF7BCFDF86039
:107EF8007B681B681846FEF7A3FD0346002B47D096
:107F0800FB68002B44D17B681B689B6803F00D035A
:107F1800012B0CD17B681B681846FEF77DFD7B683A
:107F28001B6803221A6001F0A1FBB86029E07B6896
:107F3800DB6D43F010027B68DA657B681B6E43F0EB
:107F480001027B681A66012323E001F08FFB0246D9
:107F5800BB68D31A022B14D97B681B689B6803F093
:107F68000103002B0DD07B68DB6D43F010027B68AA
:107F7800DA657B681B6E43F001027B681A66012391
:107F880007E07B681B689B6803F00103002BDCD1CA
:107F9800002318461037BD4680BD80B584B000AFB9
:107FA80078607B689B6AFB60FB68DB6D03F05003BD
:107FB800002B4BD1FB68DB6D43F40072FB68DA657C
:107FC800FB681B681B6803F00803002B21D0FB68C3
:107FD8001B681846FEF700FC0346002B32D0FB68EE
:107FE8001B68DB6803F40053002B2BD1FB68DB6DA7
:107FF80023F48072FB68DA65FB68DB6D03F4805359
:10800800002B1FD1FB68DB6D43F00102FB68DA65CA
:1080180018E0FB681B68DB6803F00203002B11D132
:10802800FB68DB6D23F48072FB68DA65FB68DB6D47
:1080380003F48053002B05D1FB68DB6D43F001028C
:10804800FB68DA65F868FFF74BFA0EE0FB68DB6D52
:1080580003F01003002B03D0F868FFF75FFA04E081
:10806800FB685B6D5B6B7868984700BF1037BD464F
:1080780080BD80B584B000AF78607B689B6AFB6088
:10808800F868FFF737FA00BF1037BD4680BD80B5E6
:1080980084B000AF78607B689B6AFB60FB68DB6D2F
:1080A80043F04002FB68DA65FB681B6E43F004028C
:1080B800FB681A66F868FFF731FA00BF1037BD464B
:1080C80080BD80B483B000AF786039607B689B68FE
:1080D80023F0E0723B681A437B689A6000BF0C3754
:1080E800BD465DF8047B704780B483B000AF78600C
:1080F8007B689B6803F0E07318460C37BD465DF853
:10810800047B704780B487B000AFF860B9607A60CC
:108118003B60FB6860331A46BB689B0013447B6175
:108128007B691A68084B13407A6802F0F8413A688C
:108138000A43134343F000427B691A6000BF1C37AF
:10814800BD465DF8047B704700F0FF0380B485B03E
:1081580000AF786039607B6860331A463B689B00E3
:108168001344FB60FB681B6803F0F8431846143798
:10817800BD465DF8047B704780B487B000AFF860F7
:10818800B9607A60FB6860331A46BB689B00134489
:108198007B617B691B6823F000427B681A437B691B
:1081A8001A6000BF1C37BD465DF8047B704780B479
:1081B80087B000AFF860B9607A60FB6860331A4630
:1081C800BB689B0013447B617B691B6823F080724A
:1081D8007B681A437B691A6000BF1C37BD465DF88F
:1081E800047B704780B487B000AFF860B9607A60EC
:1081F800FB6860331A46BB689B0013447B617B694C
:108208001B6823F000727B681A437B691A6000BF01
:108218001C37BD465DF8047B704780B483B000AF5F
:10822800786039607B685B6923F000423B681A43D9
:108238007B685A6100BF0C37BD465DF8047B704708
:1082480080B483B000AF78607B68DB6803F00073AC
:1082580018460C37BD465DF8047B704780B487B07C
:1082680000AFF860B9607A60FB6814331A46BB68DF
:108278005B0E9B0003F0040313447B617B691A685F
:10828800BB681B0D03F01F03072101FA03F3DB434F
:108298001A40BB681B0D03F01F03796801FA03F34A
:1082A8001A437B691A6000BF1C37BD465DF8047B22
:1082B8007047000080B485B000AFF860B9607A609C
:1082C800FB68D3F8B020BB68C3F31203DB431A4042
:1082D8007B6803F018030849D940BB680B40C3F317
:1082E80012031A43FB68C3F8B02000BF1437BD4619
:1082F8005DF8047B704700BFFFFF070080B483B0C0
:1083080000AF78607B689B6803F01F0318460C3742
:10831800BD465DF8047B704780B483B000AF7860D9
:108328007B689B6803F00103012B01D1012300E066
:10833800002318460C37BD465DF8047B704780B4AF
:1083480083B000AF786039607B689B6823F0404356
:1083580023F03F033A6802F08042134343F000429F
:108368007B689A6000BF0C37BD465DF8047B704798
:1083780080B483B000AF78607B689B6803F00043EB
:10838800B3F1004F01D1012300E0002318460C3758
:10839800BD465DF8047B704780B483B000AF786059
:1083A8007B689B6803F00403042B01D1012300E0E0
:1083B800002318460C37BD465DF8047B704780B42F
:1083C80083B000AF78607B689B6823F0004323F09C
:1083D8003F0343F008027B689A6000BF0C37BD4634
:1083E8005DF8047B704780B483B000AF78607B6829
:1083F8009B6803F00803082B01D1012300E0002348
:1084080018460C37BD465DF8047B704780B584B0CC
:1084180000AF786039600023BB607B6893F8583000
:10842800012B01D102234DE07B68012283F85820FB
:108438007868FFF753FD0346FB73FB7B002B36D1AF
:108448007B68DB6D23F4885323F0020343F00202B8
:108458007B68DA657B681B6839681846FFF76FFF29
:1084680014E0BB680133BB60BB68184A93420DD95E
:108478007B68DB6D23F0120343F010027B68DA653A
:108488007B68002283F8582001231BE07B681B6867
:108498001846FFF76DFF0346002BE2D17B68DB6DC2
:1084A80023F0030343F001027B68DA6505E07B688B
:1084B800DB6D43F010027B68DA657B68002283F885
:1084C8005820FB7B18461037BD4680BD01DE0400EE
:1084D80080B586B000AF78607B681B68B3F1A04FA9
:1084E80004D07B681B685D4A934201D15C4B00E075
:1084F8005C4B1846FFF702FF78617B681B681846DB
:10850800FFF771FF0346002B01D00223A2E07B682E
:108518001B68DB6803F000433B617B681B68DB6C0E
:1085280003F4C073002B0AD13B69002B07D17B6889
:10853800DB6D43F020027B68DA6501238AE07B6803
:1085480093F85830012B01D1022383E07B68012284
:1085580083F858207868FFF72BFC0346FB73FB7BF6
:10856800002B72D17B68DB6D03F48073002B06D07F
:108578007B681B6E23F008027B681A6602E07B6842
:1085880000221A667B68DB6D23F4405323F0010355
:1085980043F480527B68DA657B681B682F4A9342F4
:1085A80009D07B681B68304A934202D07B681B68FD
:1085B80003E02E4B01E04FF0A0437A681268934223
:1085C80002D07B69002B05D17B68DB6D23F4801218
:1085D8007B68DA657B681B6860221A607B6800220A
:1085E80083F858207B681B681C4A934209D07B6833
:1085F8001B681D4A934202D07B681B6803E01B4B33
:1086080001E04FF0A0437A681268934208D07B6972
:10861800002B05D07B69062B02D07B69072B0DD177
:108628007B681B681846FFF70BFE0346002B10D12A
:108638007B681B681846FFF7C2FE0AE07B68DB6DA3
:1086480043F480127B68DA6503E07B68002283F8D4
:108658005820FB7B18461837BD4680BD00010050E6
:1086680000030050000700500005005000040050AF
:1086780080B586B000AF78607B681B68B3F1A04F07
:1086880004D07B681B68784A934201D1774B00E09D
:10869800774B1846FFF732FE78617B681B681846EF
:1086A800FFF7A1FE0346002B01D00223D8E07B6828
:1086B8001B68DB6803F000433B617B681B68DB6C6D
:1086C80003F4C073002B0AD13B69002B07D17B68E8
:1086D800DB6D43F020027B68DA650123C0E07B682C
:1086E80093F85830012B01D10223B9E07B680122AD
:1086F80083F858207868FFF75BFB0346FB73FB7B26
:10870800002B40F0A8807B68DB6D03F48073002B9E
:1087180006D07B681B6E23F008027B681A6602E0AD
:108728007B6800221A667B68DB6D23F4405323F0D4
:10873800010343F480527B68DA657B681B684A4A08
:10874800934209D07B681B684A4A934202D07B68EF
:108758001B6803E0484B01E04FF0A0437A681268B9
:10876800934202D07B69002B05D17B68DB6D23F433
:1087780080127B68DA657B681B6860221A607B68F8
:10878800002283F858207B681B68DB6803F4001319
:10879800002B07D07B681B685A687B681B6842F40B
:1087A80080625A607B689B69082B10D17B681B68C4
:1087B8005A687B681B6822F020025A607B681B6835
:1087C8005A687B681B6842F040025A6010E07B6878
:1087D8001B685A687B681B6822F040025A607B68F5
:1087E8001B685A687B681B6842F020025A6000BF09
:1087F8007B681B681C4A934209D07B681B681D4A2A
:10880800934202D07B681B6803E01B4B01E04FF0EA
:10881800A0437A681268934208D07B69002B05D080
:108828007B69062B02D07B69072B0DD17B681B68FF
:108838001846FFF705FD0346002B10D17B681B681F
:108848001846FFF7BCFD0AE07B68DB6D43F4801235
:108858007B68DA6503E07B68002283F85820FB7B9D
:1088680018461837BD4680BD00010050000300506F
:1088780000070050000500500004005080B485B087
:1088880000AF786039603B6840F21B3293420ED0EB
:108898003B68B3F5477F1CD23B6840F20F12934206
:1088A80011D03B6840F21522934206D011E07B6854
:1088B8001B68D3F88C30FB6011E07B681B68D3F829
:1088C8008830FB600BE07B681B68D3F88430FB6062
:1088D80005E07B681B68D3F88030FB6000BFFB684D
:1088E80018461437BD465DF8047B704780B483B0E2
:1088F80000AF786000BF0C37BD465DF8047B704759
:1089080080B483B000AF786000BF0C37BD465DF817
:10891800047B704780B483B000AF786000BF0C3729
:10892800BD465DF8047B704780B483B000AF7860C3
:1089380000BF0C37BD465DF8047B704780B5B6B004
:1089480000AF78603960002387F8D7300023BB6018
:108958000023C7F8D0307B6893F85830012B02D138
:10896800022300F0FDBC7B68012283F858207B6855
:108978005B69002B03D03B681B6A012B30D13B6835
:108988005B68092B79D13B689B6A002B10D03B6848
:108998001B689B0E5B0203F478523B689B6A03F0EA
:1089A8007C031A433B68DB6A1343C7F8D03007E0FF
:1089B8003B681B689B0E5B0203F47853C7F8D03002
:1089C8007B681B68DA6C844B13407A681268D7F8A6
:1089D800D0100B43D3647B68D7F8D0205A664CE09C
:1089E8007B689B6E002B1DD13B681A6A7B689A6670
:1089F8007B6800225A663B689B6A002B0DD03B6857
:108A08001B6A5A1E3B689B6A03F07C031A433B6847
:108A1800DB6A1343C7F8D03004E03B681B6A013BAC
:108A2800C7F8D0303B681B689B0E03F01F023B68F9
:108A38005B6803F01F0302FA03F3D7F8D02013434F
:108A4800C7F8D0307B689B6E5A1E7B689A667B6835
:108A58005A6ED7F8D0301A437B685A667B689B6E8B
:108A6800002B0AD17B681B68DA6C5B4B13407A6871
:108A7800516E7A6812680B43D3647B681B6818468A
:108A8800FFF7B1FC0346002B24D13B6893F825304F
:108A9800002B12D17B681B68DB6823F440113B680C
:108AA80093F826305A053B6893F824301B051A437F
:108AB8007B681B680A43DA600CE07B681B68DB682C
:108AC80023F440113B6893F826305A057B681B68ED
:108AD8000A43DA607B681B681846FFF75DFCC7F835
:108AE800CC007B681B681846FFF77DFCC7F8C800F8
:108AF800D7F8CC30002B40F02E82D7F8C830002BA6
:108B080040F029823B689B6A002B03D03B68DB6AF4
:108B1800002B16D13B6893F82530012B08D17B68D0
:108B28001B68DA687B681B6842F00072DA601FE035
:108B38007B681B68DA687B681B6822F00072DA6061
:108B480016E03B6893F82530012B09D17B68DB6D73
:108B580043F020027B68DA65012387F8D73007E005
:108B68007B681B68DA687B681B6822F00072DA6031
:108B78003B6893F83030012B10D17B681B681B6968
:108B880023F4FF723B68596B3B689B6B0B431A439A
:108B98007B681B6842F002021A6107E07B681B6869
:108BA8001A697B681B6822F002021A613B689B689D
:108BB800B3F1004F12D17B6818683B681B6800222C
:108BC8001946FFF74BFB7B681B684FF000411846BE
:108BD800FFF723FB11E000BF004010047B68186812
:108BE8003B6819683B689B681A46FFF737FB7B6848
:108BF8001B6800211846FFF710FB3B685A697B6821
:108C08001B68DB68DB0803F003035B0002FA03F36D
:108C1800C7F8C4303B681B69042B22D07B681868EE
:108C28003B6819693B681A68D7F8C430FFF76AFAD5
:108C38007B6818683B6819693B689B691A46FFF7A7
:108C4800B6FA7B6818683B6819693B681B7F012B7B
:108C580002D14FF0007300E000231A46FFF7C2FA72
:108C680079E17B681B6800211846FFF76FFA034615
:108C7800C3F31203002B0AD17B681B680021184636
:108C8800FFF764FA03469B0E03F01F021EE07B68A1
:108C98001B6800211846FFF759FA0346C7F8B43095
:108CA800D7F8B43093FAA3F3C7F8B830D7F8B83088
:108CB800C7F8B030D7F8B030002B01D1202304E03A
:108CC800D7F8B030B3FA83F3DBB21A463B681B68B7
:108CD800C3F31203002B05D13B681B689B0E03F0FE
:108CE8001F0318E03B681B68C7F8AC30D7F8AC30F6
:108CF80093FAA3F3C7F8A830D7F8A830C7F8BC3060
:108D0800D7F8BC30002B01D1202304E0D7F8BC30C1
:108D1800B3FA83F3DBB29A4206D17B681B68002260
:108D280000211846FFF728FA7B681B6801211846BE
:108D3800FFF70CFA0346C3F31203002B0AD17B6832
:108D48001B6801211846FFF701FA03469B0E03F042
:108D58001F021EE07B681B6801211846FFF7F6F921
:108D68000346C7F8A030D7F8A03093FAA3F3C7F8A2
:108D78009C30D7F89C30C7F8A430D7F8A430002B23
:108D880001D1202304E0D7F8A430B3FA83F3DBB28F
:108D98001A463B681B68C3F31203002B05D13B68D6
:108DA8001B689B0E03F01F0318E03B681B68C7F89D
:108DB8009430D7F8943093FAA3F3C7F89030D7F8E3
:108DC8009030C7F89830D7F89830002B01D120237D
:108DD80004E0D7F89830B3FA83F3DBB29A4206D1AD
:108DE8007B681B68002201211846FFF7C5F97B68DC
:108DF8001B6802211846FFF7A9F90346C3F31203BB
:108E0800002B0AD17B681B6802211846FFF79EF9E0
:108E180003469B0E03F01F021EE07B681B680221BD
:108E28001846FFF793F90346C7F88830D7F8883013
:108E380093FAA3F3C7F88430D7F88430C7F88C3096
:108E4800D7F88C30002B01D1202304E0D7F88C30E0
:108E5800B3FA83F3DBB21A463B681B68C3F3120309
:108E6800002B05D13B681B689B0E03F01F0314E021
:108E78003B681B68FB67FB6F93FAA3F3BB67BB6F89
:108E8800C7F88030D7F88030002B01D1202304E0C8
:108E9800D7F88030B3FA83F3DBB29A4206D17B6805
:108EA8001B68002202211846FFF766F97B681B68D9
:108EB80003211846FFF74AF90346C3F31203002BB0
:108EC8000AD17B681B6803211846FFF73FF9034660
:108ED8009B0E03F01F0217E07B681B6803211846EE
:108EE800FFF734F903463B673B6F93FAA3F3FB663E
:108EF800FB6E7B677B6F002B01D1202303E07B6F28
:108F0800B3FA83F3DBB21A463B681B68C3F3120358
:108F1800002B05D13B681B689B0E03F01F0311E073
:108F28003B681B687B667B6E93FAA3F33B663B6EDC
:108F3800BB66BB6E002B01D1202303E0BB6EB3FAE6
:108F480083F3DBB29A4206D17B681B6800220321B7
:108F58001846FFF711F97B681B681846FFF7DCF91C
:108F68000346002B40F03D817B6818683B68196810
:108F78003B68DB681A46FFF79DF93B68DB68A24A45
:108F8800934240F02E817B6818683B681B68C3F3E6
:108F98001203002B0BD13B681B689B0E013303F0B7
:108FA8001F03092B94BF01230023DBB219E03B68A0
:108FB8001B68BB65BB6D93FAA3F37B657B6DFB6593
:108FC800FB6D002B01D1202303E0FB6DB3FA83F383
:108FD800DBB2013303F01F03092B94BF01230023E5
:108FE800DBB2002B79D03B681B68C3F31203002B5C
:108FF80007D13B681B689B0E01339B0603F0F842C0
:1090080015E03B681B68FB64FB6C93FAA3F3BB6435
:10901800BB6C3B653B6D002B01D1202303E03B6D0E
:10902800B3FA83F3DBB201339B0603F0F8423B68E3
:109038001B68C3F31203002B09D13B681B689B0E06
:10904800013303F01F03012101FA03F317E03B6822
:109058001B683B643B6C93FAA3F3FB63FB6B7B6479
:109068007B6C002B01D1202303E07B6CB3FA83F3E4
:10907800DBB2013303F01F03012101FA03F342EAD3
:1090880003013B681B68C3F31203002B0AD13B683A
:109098001B689B0E013303F01F0213465B00134449
:1090A8001B0518E03B681B687B637B6B93FAA3F393
:1090B8003B633B6BBB63BB6B002B01D1202303E0FD
:1090C800BB6BB3FA83F3DBB2013303F01F02134621
:1090D8005B0013441B050B437EE03B681B68C3F32E
:1090E8001203002B07D13B681B689B0E01339B06BC
:1090F80003F0F84215E03B681B68BB62BB6A93FA51
:10910800A3F37B627B6AFB62FB6A002B01D12023FD
:1091180003E0FB6AB3FA83F3DBB201339B0603F087
:10912800F8423B681B68C3F31203002B09D13B6864
:109138001B689B0E013303F01F03012101FA03F39F
:1091480017E03B681B68FB61FB6993FAA3F3BB61FB
:10915800BB693B623B6A002B01D1202303E03B6AD9
:10916800B3FA83F3DBB2013303F01F03012101FAE1
:1091780003F342EA03013B681B68C3F31203002BA5
:109188000DD13B681B689B0E013303F01F02134689
:109198005B0013441E3B1B0543F000731BE03B6858
:1091A8001B683B613B6993FAA3F3FB60FB687B6137
:1091B8007B69002B01D1202303E07B69B3FA83F399
:1091C800DBB2013303F01F0213465B0013441E3B5E
:1091D8001B0543F000730B433A6892681946FFF782
:1091E8003DF83B681A68094B1340002B00F0B28029
:1091F8007B681B68B3F1A04F04D07B681B68044AE6
:10920800934209D1034B08E000007F40000008802A
:109218000001005000030050534B1846FEF764FF4E
:10922800C7F8C0003B681B68504A934204D03B68AB
:109238001B684F4A934239D1D7F8C03003F4000372
:10924800002B33D17B681B68B3F1A04F04D07B6837
:109258001B68484A93427AD17B681B68B3F1A04FD8
:1092680004D07B681B68444A934201D1434A00E01A
:109278003D4AD7F8C03043F4000319461046FEF7BC
:1092880020FF3F4B1B689B093E4AA2FB03239A0918
:1092980013465B0013449B001833BB6002E0BB68B5
:1092A800013BBB60BB68002BF9D150E03B681B68F1
:1092B800354A934225D1D7F8C03003F08073002B8C
:1092C8001FD17B681B682C4A934204D17B681B68BA
:1092D8002E4A93423DD07B681B68B3F1A04F04D05F
:1092E8007B681B68244A934201D1244A00E01E4A45
:1092F800D7F8C03043F0807319461046FEF7E1FEF8
:1093080027E03B681B68224A934223D1D7F8C03034
:1093180003F48003002B1DD17B681B68164A934217
:1093280018D07B681B68B3F1A04F04D07B681B681A
:10933800114A934201D1114A00E00B4AD7F8C030D4
:1093480043F4800319461046FEF7BBFE02E000BF57
:1093580000E000BF7B68002283F8582097F8D730D8
:109368001846D837BD4680BD00070050000021C30D
:109378001000C0900006005000010050000300508B
:1093880020020020632D3E05000052C70005005052
:10939800000084CB90B5A1B000AF7860396000239D
:1093A80087F87F307B6893F85830012B01D102236E
:1093B800E7E07B68012283F8582000237B660023BE
:1093C800BB667B681B68B3F1A04F02D16F4BBB60D3
:1093D80009E07B681B686E4A934202D16D4BBB6003
:1093E80001E00023BB60BB68002B0BD17B68DB6D01
:1093F80043F020027B68DA657B68002283F85820F6
:109408000123BEE0BB681846FEF7C6FFB8677B6855
:109418001B681846FEF7C0FF0346002B40F0A080EB
:10942800BB6F002B40F09C807B681B68B3F1A04F9A
:1094380004D07B681B68554A934201D1564B00E023
:10944800564B7B673B681B68002B4BD07B6F9B6838
:1094580023F460423B6859687B6893F838305B03B3
:109468000B431A437B6F9A607B681B68B3F1A04F6C
:1094780004D07B681B68454A93420FD14FF0A04047
:10948800FEF74AFF04464148FEF746FF03462343DA
:10949800002B0CBF01230023DBB212E03C48FEF78F
:1094A8003BFF04463B48FEF737FF03461C433C4856
:1094B800FEF732FF03462343002B0CBF0123002392
:1094C800DBB2002B56D07B6F9B6823F4716323F0CB
:1094D8000F033A6811683A6892680A431A437B6F27
:1094E8009A6047E07B6F9B6823F460427B6F9A60C9
:1094F8007B681B68B3F1A04F04D07B681B68234AC4
:1095080093420FD14FF0A040FEF706FF04461F48D4
:10951800FEF702FF03462343002B0CBF0123002361
:10952800DBB212E01A48FEF7F7FE04461948FEF7C8
:10953800F3FE03461C431A48FEF7EEFE0346234398
:10954800002B0CBF01230023DBB2002B12D07B6F52
:109558009B6823F4716323F00F037A6F936009E02B
:109568007B68DB6D43F020027B68DA65012387F8AE
:109578007F3000E000BF7B68002283F8582097F80E
:109588007F3018468437BD4690BD00BF00010050AB
:109598000004005000050050000300500007005070
:1095A8000006005080B582B000AF0023FB71032095
:1095B80001F09CFE0F2000F00DF80346002B02D0AE
:1095C8000123FB7101E0F7F749FCFB7918460837DE
:1095D800BD4680BD80B584B000AF78600023FB73C2
:1095E800164B1B68002B22D0154B1A68134B1B68AF
:1095F8004FF47A71B1FBF3F3B2FBF3F3184601F0C1
:10960800B6FE0346002B0FD17B680F2B09D800222A
:1096180079684FF0FF3001F074FE0A4A7B681360E6
:1096280007E00123FB7304E00123FB7301E001233E
:10963800FB73FB7B18461037BD4680BD280200200F
:10964800200200202402002080B400AF054B1A68D5
:10965800054B1B681344034A136000BFBD465DF801
:10966800047B7047800600202802002080B400AFE9
:10967800034B1B681846BD465DF8047B704700BF66
:109688008006002080B584B000AF7860FFF7EEFF59
:10969800B8607B68FB60FB68B3F1FF3F04D0094BFF
:1096A8001B68FA681344FB6000BFFFF7DFFF024640
:1096B800BB68D31AFA689A42F7D800BF00BF1037C0
:1096C800BD4680BD2802002080B588B000AF786014
:1096D8007B68002B01D10123FEE27B681B6803F045
:1096E8000103002B75D0974B9B6803F00C03BB61FB
:1096F800944BDB6803F003037B61BB690C2B02D13D
:109708007B69032B02D0BB69082B0BD18D4B1B68DF
:1097180003F40033002B5BD07B685B68002B57D1C8
:109728000123D9E27B685B68B3F5803F06D1854B9E
:109738001B68844A43F4803313601DE07B685B68D0
:10974800B3F5A02F0CD17F4B1B687E4A43F48023CE
:1097580013607C4B1B687B4A43F4803313600BE037
:10976800784B1B68774A23F480331360754B1B686A
:10977800744A23F4802313607B685B68002B13D042
:10978800FFF774FF386108E0FFF770FF02463B6996
:10979800D31A642B01D903239EE26A4B1B6803F496
:1097A8000033002BF0D014E0FFF760FF386108E0C9
:1097B800FFF75CFF02463B69D31A642B01D90323E8
:1097C8008AE2604B1B6803F40033002BF0D100E001
:1097D80000BF7B681B6803F00203002B75D0594B50
:1097E8009B6803F00C03BB61564BDB6803F0030373
:1097F8007B61BB690C2B02D17B69022B02D0BB6950
:10980800042B1FD14F4B1B6803F48063002B05D03A
:109818007B68DB68002B01D101235DE2494B5B6863
:1098280023F0FE427B681B691B06464913434B60C5
:10983800454B1B681846FFF7CDFE0346002B43D067
:10984800012349E27B68DB68002B23D03D4B1B6872
:109858003C4A43F480731360FFF708FF386108E05F
:10986800FFF704FF02463B69D31A022B01D90323F1
:1098780032E2344B1B6803F48063002BF0D0314B89
:109888005B6823F0FE427B681B691B062D49134366
:109898004B601AE02B4B1B682A4A23F48073136031
:1098A800FFF7E4FE386108E0FFF7E0FE02463B6997
:1098B800D31A022B01D903230EE2224B1B6803F4AF
:1098C8008063002BF0D100E000BF7B681B6803F0C9
:1098D8000803002B41D07B685B69002B1CD0194B17
:1098E800D3F89430174A43F00103C2F89430FFF7D5
:1098F800BDFE386108E0FFF7B9FE02463B69D31A9E
:10990800022B01D90323E7E10E4BD3F8943003F07F
:109918000203002BEFD020E00A4BD3F89430094A19
:1099280023F00103C2F89430FFF7A0FE38610DE080
:10993800FFF79CFE02463B69D31A022B06D9032384
:10994800CAE100BF00100240240200208C4BD3F86B
:10995800943003F00203002BEAD17B681B6803F004
:109968000403002B00F0A6800023FB77844B9B6D3B
:1099780003F08053002B01D1012300E00023002BCA
:109988000DD07F4B9B6D7E4A43F0805393657C4B93
:109998009B6D03F08053FB60FB680123FB77794BD9
:1099A8001B6803F48073002B18D1764B1B68754A2B
:1099B80043F480731360FFF759FE386108E0FFF73E
:1099C80055FE02463B69D31A022B01D9032383E1D2
:1099D8006C4B1B6803F48073002BF0D07B689B688A
:1099E800012B08D1664BD3F89030654A43F0010348
:1099F800C2F8903024E07B689B68052B10D1604B3F
:109A0800D3F890305E4A43F00403C2F890305C4BC0
:109A1800D3F890305A4A43F00103C2F890300FE06F
:109A2800574BD3F89030564A23F00103C2F89030D0
:109A3800534BD3F89030524A23F00403C2F89030C5
:109A48007B689B68002B16D0FFF710FE38610AE090
:109A5800FFF70CFE02463B69D31A41F28832934263
:109A680001D9032338E1464BD3F8903003F00203C1
:109A7800002BEDD015E0FFF7F9FD38610AE0FFF79C
:109A8800F5FD02463B69D31A41F28832934201D967
:109A9800032321E13A4BD3F8903003F00203002B63
:109AA800EDD1FB7F012B05D1354B9B6D344A23F05B
:109AB800805393657B681B6803F02003002B3CD020
:109AC8007B689B69002B1CD02D4BD3F898302C4A0F
:109AD80043F00103C2F89830FFF7C8FD386108E089
:109AE800FFF7C4FD02463B69D31A022B01D90323B1
:109AF800F2E0234BD3F8983003F00203002BEFD0A9
:109B08001BE01F4BD3F898301D4A23F00103C2F81D
:109B18009830FFF7ABFD386108E0FFF7A7FD024674
:109B28003B69D31A022B01D90323D5E0144BD3F890
:109B3800983003F00203002BEFD17B68DB69002B20
:109B480000F0C9800E4B9B6803F00C030C2B00F04F
:109B580083807B68DB69022B5ED1094B1B68084A4E
:109B680023F080731360FFF781FD38610CE0FFF785
:109B78007DFD02463B69D31A022B05D90323ABE0CE
:109B88000010024000700040554B1B6803F0007342
:109B9800002BECD1524BDA68524B13407A68116AA9
:109BA8007A68526A013A120111437A68926A12027B
:109BB80011437A68126B5208013A520511437A68C8
:109BC800526B5208013A520611437A68D26AD20699
:109BD8000A4343491343CB60414B1B68404A43F057
:109BE800807313603E4BDB683D4A43F08073D3605B
:109BF800FFF73CFD386108E0FFF738FD02463B6996
:109C0800D31A022B01D9032366E0354B1B6803F0F6
:109C18000073002BF0D05EE0314B1B68304A23F014
:109C280080731360FFF722FD386108E0FFF71EFD1F
:109C380002463B69D31A022B01D903234CE0284B77
:109C48001B6803F00073002BF0D1254BDA68244918
:109C5800254B1340CB603EE07B68DB69012B01D1CB
:109C6800012339E01E4BDB687B617B6903F003024B
:109C78007B681B6A9A422CD17B6903F0F0027B68EF
:109C88005B6A013B1B019A4223D17B6903F4FE42C4
:109C98007B689B6A1B029A421BD17B6903F078425E
:109CA8007B68DB6ADB069A4213D17B6903F4C00246
:109CB8007B681B6B5B08013B5B059A4209D17B699A
:109CC80003F0C0627B685B6B5B08013B5B069A42F2
:109CD80001D0012300E0002318462037BD4680BD8F
:109CE800001002400C809F01FCFFEEFE80B586B09C
:109CF80000AF7860396000237B617B68002B01D15D
:109D080001231EE1914B1B6803F00F033A689A4246
:109D180010D98E4B1B6823F00F028C493B68134304
:109D28000B608A4B1B6803F00F033A689A4201D014
:109D3800012306E17B681B6803F00103002B73D045
:109D48007B685B68032B29D1814B1B6803F0007388
:109D5800002B01D10123F4E000F0BAF938613B6926
:109D68007C4A93423FD97A4B9B6803F0F003002B5F
:109D780009D07B681B6803F00203002B33D07B6893
:109D88009B68002B2FD1724B9B6823F0F003704A1D
:109D980043F08003936080237B6124E07B685B68E9
:109DA800022B07D16A4B1B6803F40033002B09D13F
:109DB8000123C6E0664B1B6803F48063002B01D1C6
:109DC8000123BEE000F0CEF838613B69614A934256
:109DD80009D95F4B9B6823F0F0035D4A43F0800389
:109DE800936080237B615A4B9B6823F003027B6856
:109DF8005B68574913438B60FFF738FCF8600AE04B
:109E0800FFF734FC0246FB68D31A41F288329342CA
:109E180001D9032395E04E4B9B6803F00C027B6845
:109E28005B689B009A42EBD17B681B6803F00203D6
:109E3800002B23D07B681B6803F00403002B05D09C
:109E4800434B9B68424A43F4E06393607B681B681A
:109E580003F00803002B07D03D4B9B6823F47C5389
:109E68003B4A43F4E0639360394B9B6823F0F0026C
:109E78007B689B68364913438B6008E07B69802BBD
:109E880005D1334B9B68324A23F0F00393602F4B84
:109E98001B6803F00F033A689A421DD22B4B1B68CC
:109EA80023F00F0229493B6813430B60FFF7DEFBE1
:109EB800F8600AE0FFF7DAFB0246FB68D31A41F2C2
:109EC8008832934201D903233BE0204B1B6803F0FF
:109ED8000F033A689A42EDD17B681B6803F00403CC
:109EE800002B08D01A4B9B6823F4E0627B68DB6880
:109EF800174913438B607B681B6803F00803002B2A
:109F080009D0134B9B6823F460527B681B69DB0004
:109F18000F4913438B6000F025F802460C4B9B68F1
:109F28001B0903F00F030C49CB5C03F01F0322FA53
:109F380003F30A4A13600A4B1B681846FFF74AFBEB
:109F4800034618461837BD4680BD00BF00200240B2
:109F58000010024000B4C404C0FC00082002002025
:109F68002402002080B487B000AF2C4B9B6803F01C
:109F78000C03042B02D12A4B3B6147E0274B9B681B
:109F880003F00C03082B02D1264B3B613EE0234B28
:109F98009B6803F00C030C2B36D1204BDB6803F0D5
:109FA8000303FB601D4BDB681B0903F00F03013340
:109FB800BB60FB68032B0CD11A4ABB68B2FBF3F3F6
:109FC800164AD268120A02F07F0202FB03F37B6191
:109FD8000CE0134ABB68B2FBF3F3104AD268120ACA
:109FE80002F07F0202FB03F37B6100BF0B4BDB68CF
:109FF8005B0E03F0030301335B007B607A697B68C7
:10A00800B2FBF3F33B6101E000233B613B69184677
:10A018001C37BD465DF8047B704700BF0010024046
:10A028000024F40000366E0180B400AF034B1B68B7
:10A038001846BD465DF8047B704700BF200200202B
:10A0480080B500AFFFF7F0FF0246064B9B681B0A7E
:10A0580003F007030449CB5C03F01F0322FA03F360
:10A06800184680BD00100240D0FC000880B500AF43
:10A07800FFF7DAFF0246064B9B68DB0A03F007038B
:10A088000449CB5C03F01F0322FA03F3184680BD92
:10A0980000100240D0FC000880B500AF074BDB6918
:10A0A80003F48073B3F5807F05D100F009F8034B02
:10A0B8004FF480721A6200BF80BD00BF00100240DA
:10A0C80080B400AF00BFBD465DF8047B7047000058
:10A0D80080B487B000AF1E4BDB6803F003033B611D
:10A0E8001B4BDB681B0903F00F030133FB603B6963
:10A0F800032B0CD1174AFB68B2FBF3F3144AD2685E
:10A10800120A02F07F0202FB03F37B610CE0124AA1
:10A11800FB68B2FBF3F30E4AD268120A02F07F0220
:10A1280002FB03F37B6100BF094BDB685B0E03F0A6
:10A13800030301335B00BB607A69BB68B2FBF3F3CE
:10A148007B607B6818461C37BD465DF8047B70470A
:10A158000010024000366E010024F40080B586B07D
:10A1680000AF78600023FB740023BB747B681B6816
:10A1780003F40023002B00F0988000237B74434BEA
:10A188009B6D03F08053002B0DD1404B9B6D3F4AD4
:10A1980043F0805393653D4B9B6D03F08053BB6048
:10A1A800BB6801237B743A4B1B68394A43F48073BC
:10A1B8001360FFF75BFAF86009E0FFF757FA024609
:10A1C800FB68D31A022B02D90323FB7405E0304B3A
:10A1D8001B6803F48073002BEFD0FB7C002B59D154
:10A1E8002A4BD3F8903003F440737B617B69002BD2
:10A1F8001ED07B681B6D7A699A4219D0234BD3F81D
:10A20800903023F440737B61204BD3F890301F4A81
:10A2180043F48033C2F890301C4BD3F890301B4A7B
:10A2280023F48033C2F89030184A7B69C2F8903022
:10A238007B6903F00103002B16D0FFF717FAF860CB
:10A248000BE0FFF713FA0246FB68D31A41F2883293
:10A25800934202D90323FB7406E00C4BD3F89030E9
:10A2680003F00203002BECD0FB7C002B0BD1074B37
:10A27800D3F8903023F440727B681B6D0349134375
:10A28800C1F8903008E0FB7CBB7405E00010024088
:10A2980000700040FB7CBB747B7C012B05D1A74B75
:10A2A8009B6DA64A23F0805393657B681B6803F077
:10A2B8000103002B0AD0A14BD3F8883023F0030206
:10A2C8007B685B689D491343C1F888307B681B68CD
:10A2D80003F00203002B0AD0984BD3F8883023F000
:10A2E8000C027B689B6895491343C1F888307B68EA
:10A2F8001B6803F00403002B0AD0904BD3F8883076
:10A3080023F030027B68DB688C491343C1F888303E
:10A318007B681B6803F00803002B0AD0874BD3F82F
:10A32800883023F0C0027B681B6984491343C1F855
:10A3380088307B681B6803F01003002B0AD07F4B22
:10A34800D3F8883023F440727B685B697B491343F8
:10A35800C1F888307B681B6803F02003002B0AD003
:10A36800764BD3F8883023F440627B689B69734945
:10A378001343C1F888307B681B6803F04003002B47
:10A388000AD06E4BD3F8883023F440527B68DB69DF
:10A398006A491343C1F888307B681B6803F080035F
:10A3A800002B0AD0654BD3F8883023F440427B68F1
:10A3B8001B6A62491343C1F888307B681B6803F441
:10A3C8008073002B0AD05D4BD3F8883023F44032D9
:10A3D8007B685B6A59491343C1F888307B681B68FE
:10A3E80003F40033002B0AD0544BD3F89C3023F0ED
:10A3F80003027B689B6A51491343C1F89C307B6810
:10A408001B6803F40073002B0AD04C4BD3F8883038
:10A4180023F440227B68DB6A48491343C1F888303B
:10A428007B681B6803F48063002B15D0434BD3F87B
:10A43800883023F440127B681B6B40491343C1F8F2
:10A4480088307B681B6BB3F5801F05D13B4BDB68FD
:10A458003A4A43F48013D3607B681B6803F40063B3
:10A46800002B15D0354BD3F8883023F440027B6895
:10A478005B6B32491343C1F888307B685B6BB3F57B
:10A48800800F05D12D4BDB682C4A43F48013D36031
:10A498007B681B6803F48053002B15D0274BD3F837
:10A4A800883023F040727B689B6B24491343C1F8C2
:10A4B80088307B689B6BB3F1807F05D11F4BDB68CD
:10A4C8001E4A43F48013D3607B681B6803F400536F
:10A4D800002B15D0194BD3F8883023F040627B68E5
:10A4E800DB6B16491343C1F888307B68DB6BB3F12B
:10A4F800006F05D1114BDB68104A43F48013D36019
:10A508007B681B6803F48043002B19D00B4BD3F8EE
:10A51800883023F040627B681B6C08491343C1F8FC
:10A5280088307B681B6CB3F1006F09D1034BDB6883
:10A53800024A43F48013D36002E000BF00100240D7
:10A548007B681B6803F40043002B15D0294BD3F814
:10A55800883023F040527B685B6C26491343C1F86E
:10A5680088307B685B6CB3F1805F05D1214BDB6879
:10A57800204A43F48033D3607B681B6803F480333C
:10A58800002B15D01B4BD3F8883023F040427B6852
:10A598009B6C18491343C1F888307B689B6CB3F1F6
:10A5A800804F05D1134BDB68124A43F48033D360E4
:10A5B8007B681B6803F48023002B15D00D4BD3F860
:10A5C8009C3023F440127B68DB6C0A491343C1F8C2
:10A5D8009C307B68DB6CB3F5001F05D1054BDB684D
:10A5E800044A43F48013D360BB7C18461837BD4631
:10A5F80080BD00BF0010024080B487B000AF786013
:10A60800396000237B615AE13B681A6801217B6944
:10A6180001FA03F31340FB60FB68002B00F04C8148
:10A628003B685B6803F00303012B05D03B685B685C
:10A6380003F00303022B30D17B689B683B617B6985
:10A648005B00032202FA03F3DB433A6913403B61E0
:10A658003B68DA687B695B0002FA03F33A691343E3
:10A668003B617B683A699A607B685B683B61012261
:10A678007B6902FA03F3DB433A6913403B613B68A9
:10A688005B681B0903F001027B6902FA03F33A696C
:10A6980013433B617B683A695A603B685B6803F027
:10A6A8000303032B17D07B68DB683B617B695B0086
:10A6B800032202FA03F3DB433A6913403B613B6828
:10A6C8009A687B695B0002FA03F33A6913433B61BA
:10A6D8007B683A69DA603B685B6803F00303022B26
:10A6E80023D17B69DA087B68083253F822303B6152
:10A6F8007B6903F007039B000F2202FA03F3DB4395
:10A708003A6913403B613B681A697B6903F00703A8
:10A718009B0002FA03F33A6913433B617B69DA0849
:10A728007B680832396943F822107B681B683B61F3
:10A738007B695B00032202FA03F3DB433A691340A7
:10A748003B613B685B6803F003027B695B0002FACC
:10A7580003F33A6913433B617B683A691A603B68C3
:10A768005B6803F44033002B00F0A6805B4B1B6E44
:10A778005A4A43F001031366584B1B6E03F001035A
:10A78800BB60BB68564A7B699B08023352F823308A
:10A798003B617B6903F003039B000F2202FA03F37A
:10A7A800DB433A6913403B617B68B3F1904F1FD09C
:10A7B8007B684C4A934219D07B684B4A934213D02A
:10A7C8007B684A4A93420DD07B68494A934207D036
:10A7D8007B68484A934201D105230AE0062308E032
:10A7E800042306E0032304E0022302E0012300E03F
:10A7F80000237A6902F00302920093403A691343F6
:10A808003B6137497B699B0802333A6941F8232049
:10A81800394B9B683B61FB68DB433A6913403B61FA
:10A828003B685B6803F48013002B03D03A69FB682C
:10A8380013433B61304A3B6993602F4BDB683B61B4
:10A84800FB68DB433A6913403B613B685B6803F490
:10A858000013002B03D03A69FB6813433B61264A77
:10A868003B69D360244B5B683B61FB68DB433A6917
:10A8780013403B613B685B6803F40033002B03D053
:10A888003A69FB6813433B611B4A3B6953601A4BA7
:10A898001B683B61FB68DB433A6913403B613B68DB
:10A8A8005B6803F48033002B03D03A69FB681343D9
:10A8B8003B61114A3B6913607B6901337B613B68EB
:10A8C8001A687B6922FA03F3002B7FF49DAE00BF60
:10A8D80000BF1C37BD465DF8047B7047001002407E
:10A8E800000001400004004800080048000C00482F
:10A8F80000100048001400480004014080B584B0EE
:10A9080000AF78607B68002B01D101238DE07B6864
:10A918001B681A46474B9A420FD87B681B681A4631
:10A92800454B1344454AA2FB03231B099A007B6845
:10A938005A647B68424A1A640EE07B681B681A46B0
:10A94800404B13443D4AA2FB03231B099A007B6832
:10A958005A647B683C4A1A647B68022283F8252083
:10A968007B681B681B68FB60FB6823F4FF4323F0CC
:10A978007003FB607B689A687B68DB681A437B68B6
:10A988001B691A437B685B691A437B689B691A4396
:10A998007B68DB691A437B681B6A1343FA681343B5
:10A9A800FB607B681B68FA681A60786800F076FAC2
:10A9B8007B689B68B3F5804F02D17B6800225A60A0
:10A9C8007B685A687B689B6CD2B21A607B68DB6CC8
:10A9D8007A68126D5A607B685B68002B10D07B68C0
:10A9E8005B68042B0CD8786800F096FA7B685B6D7E
:10A9F80000221A607B689B6D7A68D26D5A6008E005
:10AA08007B6800225A657B6800229A657B68002271
:10AA1800DA657B680022DA637B68012283F82520E7
:10AA28007B68002283F82420002318461037BD468F
:10AA380080BD00BF07040240F8FFFDBFCDCCCCCCE1
:10AA480000000240F8FBFDBF0004024080B586B05C
:10AA580000AFF860B9607A603B600023FB75FB6863
:10AA680093F82430012B01D1022366E0FB68012210
:10AA780083F82420FB6893F82530DBB2012B55D1ED
:10AA8800FB68022283F82520FB680022DA63FB6852
:10AA98001B681A68FB681B6822F001021A603B6891
:10AAA8007A68B968F86800F0BBF9FB681B6B002B83
:10AAB80008D0FB681B681A68FB681B6842F00E0226
:10AAC8001A600FE0FB681B681A68FB681B6822F0B5
:10AAD80004021A60FB681B681A68FB681B6842F06E
:10AAE8000A021A60FB689B6C1B6803F48033002B16
:10AAF80007D0FB689B6C1A68FB689B6C42F48072F9
:10AB08001A60FB685B6D002B07D0FB685B6D1A68E9
:10AB1800FB685B6D42F480721A60FB681B681A68F8
:10AB2800FB681B6842F001021A6005E0FB6800221E
:10AB380083F824200223FB75FB7D18461837BD4691
:10AB480080BD80B485B000AF78600023FB737B685C
:10AB580093F82530DBB2022B05D07B680422DA6338
:10AB68000123FB7337E07B681B681A687B681B68E6
:10AB780022F00E021A607B689B6C1A687B689B6CDB
:10AB880022F480721A607B681B681A687B681B68ED
:10AB980022F001021A607B685B6C03F01F027B687D
:10ABA8001B6C012101FA02F25A607B68DB6C7A683F
:10ABB800126D5A607B685B6D002B0CD07B685B6DF7
:10ABC8001A687B685B6D22F480721A607B689B6DE3
:10ABD8007A68D26D5A607B68012283F825207B68E9
:10ABE800002283F82420FB7B18461437BD465DF805
:10ABF800047B704780B584B000AF78600023FB7396
:10AC08007B6893F82530DBB2022B0DD07B680422D9
:10AC1800DA637B68012283F825207B68002283F8A9
:10AC280024200123FB7347E07B681B681A687B6854
:10AC38001B6822F00E021A607B681B681A687B6822
:10AC48001B6822F001021A607B689B6C1A687B689B
:10AC58009B6C22F480721A607B685B6C03F01F02A5
:10AC68007B681B6C012101FA02F25A607B68DB6C7D
:10AC78007A68126D5A607B685B6D002B0CD07B681C
:10AC88005B6D1A687B685B6D22F480721A607B6862
:10AC98009B6D7A68D26D5A607B68012283F8252003
:10ACA8007B68002283F824207B689B6B002B03D0F1
:10ACB8007B689B6B78689847FB7B18461037BD46C6
:10ACC80080BD80B584B000AF78607B681B6C1B6862
:10ACD800FB607B681B681B68BB607B685B6C03F070
:10ACE8001F0304229A40FB681340002B26D0BB6840
:10ACF80003F00403002B21D07B681B681B6803F05A
:10AD08002003002B07D17B681B681A687B681B68C7
:10AD180022F004021A607B685B6C03F01F027B68F8
:10AD28001B6C042101FA02F25A607B681B6B002B32
:10AD380071D07B681B6B786898476CE07B685B6CAC
:10AD480003F01F0302229A40FB681340002B2ED009
:10AD5800BB6803F00203002B29D07B681B681B68C3
:10AD680003F02003002B0BD17B681B681A687B68F3
:10AD78001B6822F00A021A607B68012283F82520EA
:10AD88007B685B6C03F01F027B681B6C022101FA75
:10AD980002F25A607B68002283F824207B68DB6A11
:10ADA800002B38D07B68DB6A7868984733E07B688B
:10ADB8005B6C03F01F0308229A40FB681340002BCA
:10ADC8002AD0BB6803F00803002B25D07B681B68DA
:10ADD8001A687B681B6822F00E021A607B685B6C3D
:10ADE80003F01F027B681B6C012101FA02F25A6012
:10ADF8007B680122DA637B68012283F825207B685F
:10AE0800002283F824207B685B6B002B04D07B68CE
:10AE18005B6B7868984700BF00BF1037BD4680BDA0
:10AE280080B485B000AFF860B9607A603B60FB68B9
:10AE3800DB6CFA68126D5A60FB685B6D002B04D0FE
:10AE4800FB689B6DFA68D26D5A60FB685B6C03F017
:10AE58001F02FB681B6C012101FA02F25A60FB68B1
:10AE68001B683A685A60FB689B68102B08D1FB681E
:10AE78001B687A689A60FB681B68BA68DA6007E042
:10AE8800FB681B68BA689A60FB681B687A68DA60B6
:10AE980000BF1437BD465DF8047B704780B487B0A7
:10AEA80000AF78607B681B681A46164B9A4202D836
:10AEB800154B7B6101E0154B7B617B693B617B68CE
:10AEC8001B68DBB2083B124AA2FB03231B09FB6089
:10AED8007B685B6C9B089A003B6913441A467B6845
:10AEE8009A647B680B4ADA64FB6803F01F0301224B
:10AEF8009A407B681A6500BF1C37BD465DF8047B25
:10AF0800704700BF070402400008024020080240C2
:10AF1800CDCCCCCC8008024080B485B000AF78603E
:10AF28007B685B68DBB2FB60FA680B4B13449B00E1
:10AF38001A467B685A657B68084A9A65FB68013B34
:10AF480003F01F0301229A407B68DA6500BF1437BB
:10AF5800BD465DF8047B70473F82001040090240FF
:10AF680080B485B000AF78607B68002B41D14B4B33
:10AF78001B6803F4C063B3F5806F31D1474BD3F836
:10AF88008030464A23F48073C2F88030434B1B68F4
:10AF980023F4C063414A43F400731360404B1B68B9
:10AFA800322202FB03F33F4AA2FB03239B0C01332B
:10AFB800FB6002E0FB68013BFB60384B5B6903F414
:10AFC8008063B3F5806F02D1FB68002BF2D1334B5D
:10AFD8005B6903F48063B3F5806F58D1032357E0AE
:10AFE8002E4BD3F880302D4A23F48073C2F880307A
:10AFF8004DE07B68B3F5007F41D1284B1B6803F413
:10B00800C063B3F5806F31D1244BD3F88030234A25
:10B0180043F48073C2F88030204B1B6823F4C0636C
:10B028001E4A43F4007313601D4B1B68322202FB57
:10B0380003F31C4AA2FB03239B0C0133FB6002E0D1
:10B04800FB68013BFB60154B5B6903F48063B3F558
:10B05800806F02D1FB68002BF2D1104B5B6903F4BF
:10B068008063B3F5806F12D1032311E00B4BD3F843
:10B0780080300A4A43F48073C2F8803007E0074BF7
:10B088001B6823F4C063054A43F4806313600023FC
:10B0980018461437BD465DF8047B704700700040C1
:10B0A8002002002083DE1B4380B400AF054B9B6861
:10B0B800044A43F48043936000BFBD465DF8047BB7
:10B0C800704700BF0070004080B485B000AF786062
:10B0D8007B6803F00703FB600C4BDB68BB60BA6856
:10B0E8004FF6FF031340BB60FB681A02BB681343AB
:10B0F80043F0BF6343F40033BB60044ABB68D360CA
:10B1080000BF1437BD465DF8047B704700ED00E0D2
:10B1180080B400AF044BDB681B0A03F00703184632
:10B12800BD465DF8047B704700ED00E080B483B055
:10B1380000AF0346FB7197F90730002B0BDBFB7957
:10B1480003F01F02074997F907305B09012000FA4D
:10B1580002F241F8232000BF0C37BD465DF8047B9E
:10B16800704700BF00E100E080B483B000AF034641
:10B17800FB7197F90730002B12DBFB7903F01F02F4
:10B188000A4997F907305B09012000FA02F22033D7
:10B1980041F82320BFF34F8F00BFBFF36F8F00BF6D
:10B1A80000BF0C37BD465DF8047B704700E100E046
:10B1B80080B483B000AF0346FB7197F90730002BCA
:10B1C8000CDBFB7903F01F02074997F907305B098D
:10B1D800012000FA02F2603341F8232000BF0C3747
:10B1E800BD465DF8047B704700E100E080B483B0A1
:10B1F80000AF03463960FB7197F90730002B0ADB73
:10B208003B68DAB20C4997F907301201D2B20B4405
:10B2180083F800230AE03B68DAB20849FB7903F0B7
:10B228000F03043B1201D2B20B441A7600BF0C374D
:10B23800BD465DF8047B704700E100E000ED00E0EA
:10B2480080B489B000AFF860B9607A60FB6803F039
:10B258000703FB61FB69C3F10703042B28BF042321
:10B26800BB61FB690433062B02D9FB69033B00E091
:10B2780000237B614FF0FF32BB6902FA03F3DA4324
:10B28800BB681A407B699A404FF0FF317B6901FA2D
:10B2980003F3D9437B680B40134318462437BD4654
:10B2A8005DF8047B7047000080B582B000AF78601D
:10B2B8007B68013BB3F1807F01D301230FE00A4A89
:10B2C8007B68013B53600F214FF0FF30FFF78EFF83
:10B2D800054B00229A60044B07221A600023184687
:10B2E8000837BD4680BD00BF10E000E080B582B0E1
:10B2F80000AF78607868FFF7E7FE00BF0837BD4603
:10B3080080BD80B586B000AF0346B9607A60FB7334
:10B31800FFF7FEFE78617A68B9687869FFF790FFF1
:10B32800024697F90F3011461846FFF75FFF00BF36
:10B338001837BD4680BD80B582B000AF0346FB71AB
:10B3480097F907301846FFF7F1FE00BF0837BD46EA
:10B3580080BD80B582B000AF0346FB7197F9073016
:10B368001846FFF701FF00BF0837BD4680BD80B50E
:10B3780082B000AF78607868FFF796FF03461846FA
:10B388000837BD4680BD80B582B000AF0346FB716B
:10B3980097F907301846FFF70BFF00BF0837BD467F
:10B3A80080BD80B582B000AF78607B68002B01D18A
:10B3B800012349E07B6893F83D30DBB2002B06D1CE
:10B3C8007B68002283F83C207868F5F769FE7B6883
:10B3D800022283F83D207B681A687B68043319468B
:10B3E800104600F063FF7B68012283F848207B68E1
:10B3F800012283F83E207B68012283F83F207B6886
:10B40800012283F840207B68012283F841207B6871
:10B41800012283F842207B68012283F843207B685D
:10B42800012283F844207B68012283F845207B6849
:10B43800012283F846207B68012283F847207B6835
:10B44800012283F83D20002318460837BD4680BDF9
:10B4580080B584B000AF786039603B68002B09D1B3
:10B468007B6893F83E30DBB2012B14BF0123002325
:10B47800DBB23CE03B68042B09D17B6893F83F3092
:10B48800DBB2012B14BF01230023DBB22FE03B68A2
:10B49800082B09D17B6893F84030DBB2012B14BF2D
:10B4A80001230023DBB222E03B680C2B09D17B6827
:10B4B80093F84130DBB2012B14BF01230023DBB228
:10B4C80015E03B68102B09D17B6893F84230DBB25A
:10B4D800012B14BF01230023DBB208E07B6893F83B
:10B4E8004330DBB2012B14BF01230023DBB2002B56
:10B4F80001D00123A6E03B68002B04D17B6802221F
:10B5080083F83E2023E03B68042B04D17B680222A9
:10B5180083F83F201BE03B68082B04D17B6802229C
:10B5280083F8402013E03B680C2B04D17B6802228F
:10B5380083F841200BE03B68102B04D17B68022282
:10B5480083F8422003E07B68022283F843207B686B
:10B558001B6801223968184601F0B0FB7B681B683C
:10B568003A4A934218D07B681B68394A934213D0F1
:10B578007B681B68374A93420ED07B681B68364A43
:10B58800934209D07B681B68344A934204D07B6895
:10B598001B68334A934201D1012300E00023002BAA
:10B5A80007D07B681B685A6C7B681B6842F40042B2
:10B5B8005A647B681B68254A934222D07B681B68C3
:10B5C800B3F1804F1DD07B681B68264A934218D080
:10B5D8007B681B68244A934213D07B681B68234A04
:10B5E80093420ED07B681B68194A934209D07B6846
:10B5F8001B68184A934204D07B681B68184A934218
:10B6080015D17B681B689A68194B1340FB60FB686F
:10B61800062B15D0FB68B3F5803F11D07B681B68FB
:10B628001A687B681B6842F001021A6008E07B68B0
:10B638001B681A687B681B6842F001021A6000E008
:10B6480000BF002318461037BD4680BD002C0140BE
:10B6580000340140004001400044014000480140DE
:10B66800005001400004004000080040000C004069
:10B678000700010080B582B000AF786039607B6850
:10B688001B6800223968184601F018FB7B681B68A4
:10B69800404A934218D07B681B683F4A934213D0B4
:10B6A8007B681B683D4A93420ED07B681B683C4A06
:10B6B800934209D07B681B683A4A934204D07B685E
:10B6C8001B68394A934201D1012300E00023002B73
:10B6D80017D07B681B681A6A41F211131340002BBC
:10B6E8000FD17B681B681A6A44F244431340002B4D
:10B6F80007D17B681B685A6C7B681B6822F4004280
:10B708005A647B681B681A6A41F211131340002BB4
:10B718000FD17B681B681A6A44F244431340002B1C
:10B7280007D17B681B681A687B681B6822F00102D6
:10B738001A603B68002B04D17B68012283F83E2005
:10B7480023E03B68042B04D17B68012283F83F2067
:10B758001BE03B68082B04D17B68012283F840205A
:10B7680013E03B680C2B04D17B68012283F841204D
:10B778000BE03B68102B04D17B68012283F8422040
:10B7880003E07B68012283F843200023184608372A
:10B79800BD4680BD002C01400034014000400140FE
:10B7A80000440140004801400050014080B582B08B
:10B7B80000AF78607B68002B01D1012349E07B68EA
:10B7C80093F83D30DBB2002B06D17B68002283F86A
:10B7D8003C207868F5F784FC7B68022283F83D20DA
:10B7E8007B681A687B6804331946104600F05EFDD2
:10B7F8007B68012283F848207B68012283F83E2079
:10B808007B68012283F83F207B68012283F840206F
:10B818007B68012283F841207B68012283F842205B
:10B828007B68012283F843207B68012283F8442047
:10B838007B68012283F845207B68012283F8462033
:10B848007B68012283F847207B68012283F83D202A
:10B85800002318460837BD4680BD000080B584B077
:10B8680000AF786039600023FB733B68002B04D17C
:10B878007B6893F83E30DBB223E03B68042B04D1AD
:10B888007B6893F83F30DBB21BE03B68082B04D1A0
:10B898007B6893F84030DBB213E03B680C2B04D193
:10B8A8007B6893F84130DBB20BE03B68102B04D186
:10B8B8007B6893F84230DBB203E07B6893F843304F
:10B8C800DBB2BB733B68002B04D17B6893F8443030
:10B8D800DBB213E03B68042B04D17B6893F8453056
:10B8E800DBB20BE03B68082B04D17B6893F8463049
:10B8F800DBB203E07B6893F84730DBB27B73BB7B3A
:10B90800012B02D17B7B012B01D00123E2E03B68B4
:10B91800002B04D17B68022283F83E2023E03B6899
:10B92800042B04D17B68022283F83F201BE03B688C
:10B93800082B04D17B68022283F8402013E03B687F
:10B948000C2B04D17B68022283F841200BE03B6872
:10B95800102B04D17B68022283F8422003E07B6825
:10B96800022283F843203B68002B04D17B68022223
:10B9780083F8442013E03B68042B04D17B6802223F
:10B9880083F845200BE03B68082B04D17B68022232
:10B9980083F8462003E07B68022283F847203B684F
:10B9A8000C2B41D801A252F823F000BFE9B90008D6
:10B9B80031BA000831BA000831BA0008FBB90008EA
:10B9C80031BA000831BA000831BA00080DBA0008C7
:10B9D80031BA000831BA000831BA00081FBA0008A5
:10B9E8007B681B68DA687B681B6842F00202DA60D1
:10B9F8001DE07B681B68DA687B681B6842F00402FC
:10BA0800DA6014E07B681B68DA687B681B6842F0C0
:10BA18000802DA600BE07B681B68DA687B681B68E1
:10BA280042F01002DA6002E00123FB7300BFFB7BE7
:10BA3800002B4ED17B681B6801223968184601F03B
:10BA48003DF97B681B68254A934222D07B681B68B6
:10BA5800B3F1804F1DD07B681B68214A934218D0F0
:10BA68007B681B681F4A934213D07B681B681E4A79
:10BA780093420ED07B681B681C4A934209D07B68AE
:10BA88001B681B4A934204D07B681B68194A93427F
:10BA980015D17B681B689A68174B1340BB60BB685D
:10BAA800062B15D0BB68B3F5803F11D07B681B68A7
:10BAB8001A687B681B6842F001021A6008E07B681C
:10BAC8001B681A687B681B6842F001021A6000E074
:10BAD80000BFFB7B18461037BD4680BD002C0140D7
:10BAE8000004004000080040000C00400034014001
:10BAF80000400140005001400700010080B586B0B9
:10BB080000AF786039607B68002B01D1012397E092
:10BB18007B6893F83D30DBB2002B06D17B680022AE
:10BB280083F83C20786800F08FF87B68022283F85D
:10BB38003D207B681B689B687A68126823F4A033F1
:10BB480023F0070393607B681A687B6804331946FF
:10BB5800104600F0ABFB7B681B689B687B617B68C9
:10BB68001B689B693B617B681B681B6AFB603B68C1
:10BB78001B687A6913437B613B6923F4407323F0A4
:10BB880003033B613B689A683B689B691B0213434C
:10BB98003A6913433B613B6923F4406323F00C0388
:10BBA8003B613B6923F4704323F0F0033B613B683E
:10BBB800DA683B68DB691B0213433A6913433B614C
:10BBC8003B681B691A013B681B6A1B0313433A69EC
:10BBD80013433B61FB6823F02203FB60FB6823F0FF
:10BBE8008803FB603B685A683B685B691B01134329
:10BBF800FA681343FB607B681B687A699A607B6804
:10BC08001B683A699A617B681B68FA681A627B68E4
:10BC1800012283F848207B68012283F83E207B6854
:10BC2800012283F83F207B68012283F844207B6847
:10BC3800012283F845207B68012283F83D200023F8
:10BC480018461837BD4680BD80B483B000AF786011
:10BC580000BF0C37BD465DF8047B704780B584B0E3
:10BC680000AF78607B681B68DB68FB607B681B68DB
:10BC78001B69BB60BB6803F00203002B20D0FB6884
:10BC880003F00203002B1BD07B681B686FF00202D5
:10BC98001A617B6801221A777B681B689B6903F02D
:10BCA8000303002B03D07868F5F7A8FF05E0786850
:10BCB80000F0DEFA786800F0E5FA7B6800221A776F
:10BCC800BB6803F00403002B20D0FB6803F00403D7
:10BCD800002B1BD07B681B686FF004021A617B681D
:10BCE80002221A777B681B689B6903F44073002B58
:10BCF80003D07868F5F782FF05E0786800F0B8FAB5
:10BD0800786800F0BFFA7B6800221A77BB6803F0F6
:10BD18000803002B20D0FB6803F00803002B1BD07E
:10BD28007B681B686FF008021A617B6804221A7727
:10BD38007B681B68DB6903F00303002B03D078687A
:10BD4800F5F75CFF05E0786800F092FA786800F093
:10BD580099FA7B6800221A77BB6803F01003002B5E
:10BD680020D0FB6803F01003002B1BD07B681B68F6
:10BD78006FF010021A617B6808221A777B681B68CB
:10BD8800DB6903F44073002B03D07868F5F736FFBE
:10BD980005E0786800F06CFA786800F073FA7B6860
:10BDA80000221A77BB6803F00103002B0CD0FB6854
:10BDB80003F00103002B07D07B681B686FF00102BA
:10BDC8001A61786800F04AFABB6803F08003002B18
:10BDD80004D1BB6803F40053002B0CD0FB6803F0BC
:10BDE8008003002B07D07B681B686FF402521A612E
:10BDF800786801F0DDF9BB6803F48073002B0CD080
:10BE0800FB6803F08003002B07D07B681B686FF486
:10BE180080721A61786801F0D5F9BB6803F04003B5
:10BE2800002B0CD0FB6803F04003002B07D07B6885
:10BE38001B686FF040021A61786800F02DFABB6841
:10BE480003F02003002B0CD0FB6803F02003002B29
:10BE580007D07B681B686FF020021A61786801F0D0
:10BE68009DF9BB6803F48013002B0CD0FB6803F426
:10BE78008013002B07D07B681B686FF480121A614F
:10BE8800786801F0A9F9BB6803F40013002B0CD003
:10BE9800FB6803F40013002B07D07B681B686FF462
:10BEA80000121A61786801F0A1F9BB6803F48003F5
:10BEB800002B0CD0FB6803F48003002B07D07B68B1
:10BEC8001B686FF480021A61786801F099F9BB6801
:10BED80003F40003002B0CD0FB6803F40003002BD1
:10BEE80007D07B681B686FF400021A61786801F05C
:10BEF80091F900BF1037BD4680BD80B586B000AF50
:10BF0800F860B9607A600023FB75FB6893F83C30F1
:10BF1800012B01D1022388E0FB68012283F83C2031
:10BF28007B68002B1BD1FB681868BB681968BB6865
:10BF38005A68BB68DB6800F097FDFB681B689A6964
:10BF4800FB681B6822F00C029A61FB681B68996900
:10BF5800BB689A68FB681B680A439A6160E07B6863
:10BF6800042B1CD1FB681868BB681968BB685A6841
:10BF7800BB68DB6800F0ECFDFB681B689A69FB682E
:10BF88001B6822F440629A61FB681B689969BB6868
:10BF98009B681A02FB681B680A439A6140E07B6849
:10BFA800082B1BD1FB681868BB681968BB685A68FE
:10BFB800BB68DB6800F009FEFB681B68DA69FB6890
:10BFC8001B6822F00C02DA61FB681B68D969BB6840
:10BFD8009A68FB681B680A43DA6121E07B680C2BCE
:10BFE8001CD1FB681868BB681968BB685A68BB68CD
:10BFF800DB6800F026FEFB681B68DA69FB681B68D3
:10C0080022F44062DA61FB681B68D969BB689B68E7
:10C018001A02FB681B680A43DA6101E00123FB7519
:10C02800FB68002283F83C20FB7D18461837BD4684
:10C0380080BD000080B586B000AFF860B9607A6056
:10C048000023FB75FB6893F83C30012B01D10223D8
:10C05800FFE0FB68012283F83C207B68142B00F288
:10C06800F08001A252F823F0C5C000084BC20008B6
:10C078004BC200084BC2000805C100084BC20008AB
:10C088004BC200084BC2000847C100084BC2000859
:10C098004BC200084BC2000887C100084BC2000809
:10C0A8004BC200084BC20008C9C100084BC20008B7
:10C0B8004BC200084BC2000809C20008FB681B6895
:10C0C800B968184600F0A6F9FB681B689A69FB680E
:10C0D8001B6842F008029A61FB681B689A69FB6852
:10C0E8001B6822F004029A61FB681B689969BB68A7
:10C0F8001A69FB681B680A439A61A5E0FB681B681C
:10C10800B968184600F020FAFB681B689A69FB6852
:10C118001B6842F400629A61FB681B689A69FB68B5
:10C128001B6822F480629A61FB681B689969BB6886
:10C138001B691A02FB681B680A439A6184E0FB6862
:10C148001B68B968184600F093FAFB681B68DA693F
:10C15800FB681B6842F00802DA61FB681B68DA6951
:10C16800FB681B6822F00402DA61FB681B68D96966
:10C17800BB681A69FB681B680A43DA6164E0FB68FC
:10C188001B68B968184600F005FBFB681B68DA698C
:10C19800FB681B6842F40062DA61FB681B68DA69B5
:10C1A800FB681B6822F48062DA61FB681B68D96946
:10C1B800BB681B691A02FB681B680A43DA6143E023
:10C1C800FB681B68B968184600F078FBFB681B68B9
:10C1D8001A6DFB681B6842F008021A65FB681B6849
:10C1E8001A6DFB681B6822F004021A65FB681B685D
:10C1F800196DBB681A69FB681B680A431A6523E056
:10C20800FB681B68B968184600F0C2FBFB681B682E
:10C218001A6DFB681B6842F400621A65FB681B68AC
:10C228001A6DFB681B6822F480621A65FB681B683C
:10C23800196DBB681B691A02FB681B680A431A65FB
:10C2480002E00123FB7500BFFB68002283F83C2055
:10C25800FB7D18461837BD4680BD00BF80B483B04B
:10C2680000AF786000BF0C37BD465DF8047B7047AF
:10C2780080B483B000AF786000BF0C37BD465DF86E
:10C28800047B704780B483B000AF786000BF0C3780
:10C29800BD465DF8047B704780B483B000AF78601A
:10C2A80000BF0C37BD465DF8047B704780B485B08D
:10C2B80000AF786039607B681B68FB607B684C4A1C
:10C2C800934217D07B68B3F1804F13D07B68494AFB
:10C2D80093420FD07B68484A93420BD07B68474A09
:10C2E800934207D07B68464A934203D07B68454A0D
:10C2F800934208D1FB6823F07003FB603B685B68DE
:10C30800FA681343FB607B68394A934223D07B6801
:10C31800B3F1804F1FD07B68364A93421BD07B68AD
:10C32800354A934217D07B68344A934213D07B68CE
:10C33800334A93420FD07B68334A93420BD07B68D1
:10C34800324A934207D07B68314A934203D07B68D4
:10C358002C4A934208D1FB6823F44073FB603B6886
:10C36800DB68FA681343FB60FB6823F080023B68D4
:10C378005B691343FB607B68FA681A603B689A68DC
:10C388007B68DA623B681A687B689A627B68184A3D
:10C39800934213D07B681A4A93420FD07B681A4A9B
:10C3A80093420BD07B68194A934207D07B68184A9E
:10C3B800934203D07B68134A934203D13B681A69BE
:10C3C8007B681A637B6801225A617B681B6903F0EA
:10C3D8000103012B05D17B681B6923F001027B68EF
:10C3E8001A6100BF1437BD465DF8047B704700BF73
:10C3F800002C01400004004000080040000C0040F0
:10C408000034014000500140004001400044014018
:10C418000048014080B487B000AF786039607B681D
:10C428001B6A7B617B681B6A23F001027B681A62C6
:10C438007B685B683B617B689B69FB60FB6823F4F6
:10C44800803323F07003FB60FB6823F00303FB6079
:10C458003B681B68FA681343FB607B6923F002039F
:10C468007B613B689B687A6913437B617B68304AD0
:10C47800934213D07B682F4A93420FD07B682E4A91
:10C4880093420BD07B682D4A934207D07B682C4A95
:10C49800934203D07B682B4A93420CD17B6923F0EB
:10C4A80008037B613B68DB687A6913437B617B69BE
:10C4B80023F004037B617B681D4A934213D07B6899
:10C4C8001C4A93420FD07B681B4A93420BD07B686F
:10C4D8001A4A934207D07B68194A934203D07B6873
:10C4E800184A934211D13B6923F480733B613B693D
:10C4F80023F400733B613B685B693A6913433B6112
:10C508003B689B693A6913433B617B683A695A60A7
:10C518007B68FA689A613B685A687B685A637B68EB
:10C528007A691A6200BF1C37BD465DF8047B704704
:10C53800002C01400034014000400140004401400B
:10C54800004801400050014080B487B000AF7860D7
:10C5580039607B681B6A7B617B681B6A23F0100269
:10C568007B681A627B685B683B617B689B69FB60E0
:10C57800FB6823F0807323F4E043FB60FB6823F43B
:10C588004073FB603B681B681B02FA681343FB603F
:10C598007B6923F020037B613B689B681B017A69F8
:10C5A80013437B617B682C4A934207D07B682B4AF4
:10C5B800934203D07B682A4A93420DD17B6923F0CA
:10C5C80080037B613B68DB681B017A6913437B61ED
:10C5D8007B6923F040037B617B681F4A934213D039
:10C5E8007B681E4A93420FD07B681E4A93420BD049
:10C5F8007B681D4A934207D07B681C4A934203D04C
:10C608007B68174A934213D13B6923F480633B61EB
:10C618003B6923F400633B613B685B699B003A69B3
:10C6280013433B613B689B699B003A6913433B6139
:10C638007B683A695A607B68FA689A613B685A680D
:10C648007B689A637B687A691A6200BF1C37BD46AB
:10C658005DF8047B704700BF002C014000340140A6
:10C6680000500140004001400044014000480140A2
:10C6780080B487B000AF786039607B681B6A7B61E3
:10C688007B681B6A23F480727B681A627B685B682C
:10C698003B617B68DB69FB60FB6823F4803323F034
:10C6A8007003FB60FB6823F00303FB603B681B68B7
:10C6B800FA681343FB607B6923F400737B613B6872
:10C6C8009B681B027A6913437B617B682B4A934200
:10C6D80007D07B682A4A934203D07B68294A934251
:10C6E8000DD17B6923F400637B613B68DB681B0227
:10C6F8007A6913437B617B6923F480637B617B6880
:10C708001E4A934213D07B681D4A93420FD07B6820
:10C718001D4A93420BD07B681C4A934207D07B6822
:10C728001B4A934203D07B68164A934213D13B6954
:10C7380023F480533B613B6923F400533B613B681E
:10C748005B691B013A6913433B613B689B691B01A9
:10C758003A6913433B617B683A695A607B68FA68B7
:10C76800DA613B685A687B68DA637B687A691A62BF
:10C7780000BF1C37BD465DF8047B7047002C0140A4
:10C788000034014000500140004001400044014095
:10C798000048014080B487B000AF786039607B689A
:10C7A8001B6A7B617B681B6A23F480527B681A6270
:10C7B8007B685B683B617B68DB69FB60FB6823F037
:10C7C800807323F4E043FB60FB6823F44073FB6051
:10C7D8003B681B681B02FA681343FB607B6923F400
:10C7E80000537B613B689B681B037A6913437B6139
:10C7F8007B682C4A934207D07B682B4A934203D02C
:10C808007B682A4A93420DD17B6923F400437B61FC
:10C818003B68DB681B037A6913437B617B6923F4FC
:10C8280080437B617B681F4A934213D07B681E4A12
:10C8380093420FD07B681E4A93420BD07B681D4AF7
:10C84800934207D07B681C4A934203D07B68174AFF
:10C85800934213D13B6923F480433B613B6923F442
:10C8680000433B613B685B699B013A6913433B6149
:10C878003B689B699B013A6913433B617B683A6952
:10C888005A607B68FA68DA613B685A687B681A64A0
:10C898007B687A691A6200BF1C37BD465DF8047B65
:10C8A800704700BF002C0140003401400050014097
:10C8B80000400140004401400048014080B487B076
:10C8C80000AF786039607B681B6A3B617B681B6AD4
:10C8D80023F480327B681A627B685B687B617B68C3
:10C8E8001B6DFB60FB6823F4803323F07003FB604F
:10C8F8003B681B68FA681343FB603B6923F4003309
:10C908003B613B689B681B043A6913433B617B6846
:10C91800194A934213D07B68184A93420FD07B6818
:10C92800174A93420BD07B68164A934207D07B681C
:10C93800154A934203D07B68144A934209D17B6914
:10C9480023F480337B613B685B691B027A6913437C
:10C958007B617B687A695A607B68FA681A653B680C
:10C968005A687B689A647B683A691A6200BF1C3708
:10C97800BD465DF8047B7047002C0140003401403F
:10C98800004001400044014000480140005001407F
:10C9980080B487B000AF786039607B681B6A3B6100
:10C9A8007B681B6A23F480127B681A627B685B6869
:10C9B8007B617B681B6DFB60FB6823F0807323F44D
:10C9C800E043FB603B681B681B02FA681343FB608B
:10C9D8003B6923F400133B613B689B681B053A697C
:10C9E80013433B617B681A4A934213D07B68194A08
:10C9F80093420FD07B68184A93420BD07B68174A42
:10CA0800934207D07B68164A934203D07B68154A45
:10CA1800934209D17B6923F480237B613B685B697E
:10CA28009B027A6913437B617B687A695A607B68E9
:10CA3800FA681A653B685A687B68DA647B683A6901
:10CA48001A6200BF1C37BD465DF8047B704700BF03
:10CA5800002C0140003401400040014000440140E6
:10CA6800004801400050014080B487B000AFF86032
:10CA7800B9607A603B60FB681B6A3B61FB681B6AB4
:10CA880023F00102FB681A62FB689B697B61FB6803
:10CA9800284A93421BD0FB68B3F1804F17D0FB683C
:10CAA800254A934213D0FB68244A93420FD0FB686F
:10CAB800234A93420BD0FB68224A934207D0FB6873
:10CAC800214A934203D0FB68204A934201D10123B3
:10CAD80000E00023002B08D07B6923F003037B616F
:10CAE8007A697B6813437B6103E07B6943F0010348
:10CAF8007B617B6923F0F0037B613B681B01DBB240
:10CB08007A6913437B613B6923F00A033B61BB6885
:10CB180003F00A033A6913433B61FB687A699A6137
:10CB2800FB683A691A6200BF1C37BD465DF8047B92
:10CB3800704700BF002C014000040040000800407E
:10CB4800000C00400034014000400140005001400A
:10CB580080B487B000AFF860B9607A603B60FB686A
:10CB68001B6A7B61FB681B6A23F01002FB681A6270
:10CB7800FB689B693B613B6923F440733B617B68BD
:10CB88001B023A6913433B613B6923F470433B61E1
:10CB98003B681B039BB23A6913433B617B6923F0F3
:10CBA800A0037B61BB681B0103F0A0037A691343F0
:10CBB8007B61FB683A699A61FB687A691A6200BF0F
:10CBC8001C37BD465DF8047B704780B487B000AF62
:10CBD800F860B9607A603B60FB681B6A7B61FB6840
:10CBE8001B6A23F48072FB681A62FB68DB693B618D
:10CBF8003B6923F003033B613A697B6813433B615C
:10CC08003B6923F0F0033B613B681B01DBB23A69E7
:10CC180013433B617B6923F420637B61BB681B0280
:10CC280003F420637A6913437B61FB683A69DA612C
:10CC3800FB687A691A6200BF1C37BD465DF8047B41
:10CC4800704780B487B000AFF860B9607A603B6025
:10CC5800FB681B6A7B61FB681B6A23F48052FB68D4
:10CC68001A62FB68DB693B613B6923F440733B61F3
:10CC78007B681B023A6913433B613B6923F47043A9
:10CC88003B613B681B039BB23A6913433B617B6979
:10CC980023F420437B61BB681B0303F420437A69B8
:10CCA80013437B61FB683A69DA61FB687A691A6247
:10CCB80000BF1C37BD465DF8047B704780B487B061
:10CCC80000AFF860B9607A60BB6803F01F03012207
:10CCD80002FA03F37B61FB681A6A7B69DB431A403B
:10CCE800FB681A62FB681A6ABB6803F01F0379685D
:10CCF80001FA03F31A43FB681A6200BF1C37BD46EA
:10CD08005DF8047B7047000080B584B000AF7860A0
:10CD180039603B68002B09D17B6893F84430DBB25B
:10CD2800012B14BF01230023DBB222E03B68042B54
:10CD380009D17B6893F84530DBB2012B14BF01237E
:10CD48000023DBB215E03B68082B09D17B6893F818
:10CD58004630DBB2012B14BF01230023DBB208E00D
:10CD68007B6893F84730DBB2012B14BF0123002303
:10CD7800DBB2002B01D0012373E03B68002B04D108
:10CD88007B68022283F8442013E03B68042B04D11B
:10CD98007B68022283F845200BE03B68082B04D10E
:10CDA8007B68022283F8462003E07B68022283F82E
:10CDB80047207B681B6804223968184600F034FA5B
:10CDC8007B681B685A6C7B681B6842F400425A6493
:10CDD8007B681B68254A934222D07B681B68B3F1A5
:10CDE800804F1DD07B681B68214A934218D07B680E
:10CDF8001B68204A934213D07B681B681E4A9342E3
:10CE08000ED07B681B681D4A934209D07B681B685B
:10CE18001B4A934204D07B681B681A4A934215D177
:10CE28007B681B689A68184B1340FB60FB68062BED
:10CE380015D0FB68B3F5803F11D07B681B681A6872
:10CE48007B681B6842F001021A6008E07B681B6877
:10CE58001A687B681B6842F001021A6000E000BF94
:10CE6800002318461037BD4680BD00BF002C014086
:10CE78000004004000080040000C0040003401405D
:10CE880000400140005001400700010080B582B019
:10CE980000AF786039607B681B68002239681846E3
:10CEA80000F0C2F97B681B681A6A41F2111313403B
:10CEB800002B0FD17B681B681A6A44F24443134065
:10CEC800002B07D17B681B685A6C7B681B6822F4AF
:10CED80000425A647B681B681A6A41F211131340B6
:10CEE800002B0FD17B681B681A6A44F24443134035
:10CEF800002B07D17B681B681A687B681B6822F0C7
:10CF080001021A603B68002B04D17B68012283F878
:10CF1800442013E03B68042B04D17B68012283F88A
:10CF280045200BE03B68082B04D17B68012283F87D
:10CF3800462003E07B68012283F847200023184637
:10CF48000837BD4680BD000080B485B000AF78606A
:10CF580039607B6893F83C30012B01D1022374E0DF
:10CF68007B68012283F83C207B68022283F83D20FD
:10CF78007B681B685B68FB607B681B689B68BB60A1
:10CF88007B681B68344A934209D07B681B68334A24
:10CF9800934204D07B681B68314A934208D1FB68EE
:10CFA80023F47003FB603B685B68FA681343FB601B
:10CFB800FB6823F0007323F07003FB603B681B6879
:10CFC800FA681343FB607B681B68FA685A607B68E1
:10CFD8001B68214A934222D07B681B68B3F1804FBB
:10CFE8001DD07B681B681F4A934218D07B681B685A
:10CFF8001D4A934213D07B681B681C4A93420ED08B
:10D008007B681B68154A934209D07B681B68184ADD
:10D01800934204D07B681B68114A93420CD1BB68C9
:10D0280023F08003BB603B689B68BA681343BB600E
:10D038007B681B68BA689A607B68012283F83D2088
:10D048007B68002283F83C20002318461437BD462D
:10D058005DF8047B704700BF002C0140003401409C
:10D06800005001400004004000080040000C00404F
:10D078000040014080B485B000AF7860396000237B
:10D08800FB607B6893F83C30012B01D1022378E0E8
:10D098007B68012283F83C20FB6823F0FF023B6891
:10D0A800DB681343FB60FB6823F440723B689B68B2
:10D0B8001343FB60FB6823F480623B685B6813439F
:10D0C800FB60FB6823F400623B681B681343FB604A
:10D0D800FB6823F480523B681B691343FB60FB68C1
:10D0E80023F400523B685B691343FB60FB6823F43D
:10D0F80080423B681B6B1343FB60FB6823F4702280
:10D108003B689B691B041343FB60FB6823F0805258
:10D118003B68DB691343FB607B681B681C4A9342CE
:10D1280009D07B681B681B4A934204D07B681B6844
:10D13800194A93421CD1FB6823F470023B689B6A2E
:10D148001B051343FB60FB6823F080723B681B6A76
:10D158001343FB60FB6823F000723B685B6A134370
:10D16800FB60FB6823F000523B68DB6A1343FB60FB
:10D178007B681B68FA685A647B68002283F83C2045
:10D18800002318461437BD465DF8047B704700BF7E
:10D19800002C0140003401400050014080B483B0AD
:10D1A80000AF786000BF0C37BD465DF8047B704760
:10D1B80080B483B000AF786000BF0C37BD465DF81F
:10D1C800047B704780B483B000AF786000BF0C3731
:10D1D800BD465DF8047B704780B483B000AF7860CB
:10D1E80000BF0C37BD465DF8047B704780B483B040
:10D1F80000AF786000BF0C37BD465DF8047B704710
:10D2080080B483B000AF786000BF0C37BD465DF8CE
:10D21800047B704780B483B000AF786000BF0C37E0
:10D22800BD465DF8047B704780B487B000AFF860F6
:10D23800B9607A60BB6803F00F03042202FA03F3B3
:10D248007B61FB681A6A7B69DB431A40FB681A62D8
:10D25800FB681A6ABB6803F00F03796801FA03F3E5
:10D268001A43FB681A6200BF1C37BD465DF8047B91
:10D27800704780B582B000AF78607B68002B01D121
:10D28800012342E07B68D3F88830002B06D17B6805
:10D29800002283F884207868F3F7EAFF7B68242269
:10D2A800C3F888207B681B681A687B681B6822F0B3
:10D2B80001021A607B689B6A002B02D0786800F034
:10D2C80011FF786800F012FC0346012B01D10123FD
:10D2D8001BE07B681B685A687B681B6822F49042D5
:10D2E8005A607B681B689A687B681B6822F02A0270
:10D2F8009A607B681B681A687B681B6842F00102A9
:10D308001A60786800F090FF034618460837BD4653
:10D3180080BD000080B58AB000AFF860B9601346E0
:10D32800FB80FB68D3F88830202B67D1BB68002BC3
:10D3380002D0FB88002B01D1012360E0FB68BA68AA
:10D348001A65FB68FA88A3F85420FB68FA88A3F8E2
:10D358005620FB680022C3F89020FB682122C3F8FE
:10D368008820FB68DB6F002B28D0FB68DB6F264A20
:10D37800DA62FB68DB6F254A1A63FB68DB6F244AB5
:10D388005A63FB68DB6F00229A63FB68D86FFB68FF
:10D398001B6D1946FB681B6828331A46FB88FDF786
:10D3A80055FB0346002B09D0FB681022C3F89020D8
:10D3B800FB682022C3F88820012320E0FB681B6853
:10D3C80040221A62FB681B6808337B617B6953E85B
:10D3D800003F3B613B6943F080037B62FB681B684D
:10D3E80008337A6A3A62FB61F9693A6A41E80023CC
:10D3F800BB61BB69002BE5D1002300E0022318467E
:10D408002837BD4680BD00BFADE5000847E60008E7
:10D4180063E6000880B5BAB000AF78607B681B6827
:10D42800DB69C7F8E4307B681B681B68C7F8E03025
:10D438007B681B689B68C7F8DC30D7F8E42040F6A7
:10D448000F031340C7F8D830D7F8D830002B1BD1BA
:10D45800D7F8E43003F02003002B15D0D7F8E030DC
:10D4680003F02003002B05D1D7F8DC3003F08053FC
:10D47800002B09D07B685B6F002B00F000837B6872
:10D488005B6F78689847FAE2D7F8D830002B00F03D
:10D498002381D7F8DC208D4B1340002B06D1D7F819
:10D4A800E0208B4B1340002B00F01681D7F8E430B6
:10D4B80003F00103002B11D0D7F8E03003F4807398
:10D4C800002B0BD07B681B6801221A627B68D3F89B
:10D4D800903043F001027B68C3F89020D7F8E4301D
:10D4E80003F00203002B11D0D7F8DC3003F001035E
:10D4F800002B0BD07B681B6802221A627B68D3F86A
:10D50800903043F004027B68C3F89020D7F8E430E9
:10D5180003F00403002B11D0D7F8DC3003F001032B
:10D52800002B0BD07B681B6804221A627B68D3F837
:10D53800903043F002027B68C3F89020D7F8E430BB
:10D5480003F00803002B17D0D7F8E03003F02003CE
:10D55800002B05D1D7F8DC205C4B1340002B0BD0F7
:10D568007B681B6808221A627B68D3F8903043F006
:10D5780008027B68C3F89020D7F8E43003F400630E
:10D58800002B12D0D7F8E03003F08063002B0CD0CA
:10D598007B681B684FF400621A627B68D3F890308E
:10D5A80043F020027B68C3F890207B68D3F8903062
:10D5B800002B00F06682D7F8E43003F02003002B3C
:10D5C80013D0D7F8E03003F02003002B05D1D7F8AB
:10D5D800DC3003F08053002B07D07B685B6F002B97
:10D5E80003D07B685B6F786898477B68D3F8903086
:10D5F800C7F8D4307B681B689B6803F04003402B56
:10D6080005D0D7F8D43003F02803002B54D078681D
:10D6180000F062FF7B681B689B6803F04003402BA7
:10D6280046D17B681B680833C7F89C30D7F89C3014
:10D6380053E8003FC7F89830D7F8983023F04003F4
:10D64800C7F8D0307B681B680833D7F8D020C7F8F4
:10D65800A820C7F8A430D7F8A410D7F8A82041E824
:10D668000023C7F8A030D7F8A030002BD9D17B68A9
:10D67800D3F88030002B17D07B68D3F88030154A58
:10D688009A637B68D3F880301846FDF7B3FA0346EF
:10D69800002B19D07B68D3F880309B6B7A68D2F85E
:10D6A8008020104698470FE0786800F009FA0BE0F0
:10D6B800786800F005FA07E0786800F001FA7B68FE
:10D6C8000022C3F89020DCE100BFDAE1010000107D
:10D6D80020010004E3E600087B68DB6E012B40F0C4
:10D6E8007081D7F8E43003F01003002B00F0698153
:10D6F800D7F8E03003F01003002B00F062817B685C
:10D708001B6810221A627B681B689B6803F0400341
:10D71800402B40F0D8807B68D3F880301B685B686A
:10D72800A7F8BE30B7F8BE30002B00F0AF807B689A
:10D73800B3F85C30B7F8BE209A4280F0A7807B68C7
:10D74800B7F8BE20A3F85E207B68D3F880301B684A
:10D758001B6803F02003002B40F087807B681B6860
:10D76800C7F88830D7F8883053E8003FC7F88430C6
:10D77800D7F8843023F48073C7F8B8307B681B6807
:10D788001A46D7F8B830C7F89430C7F89020D7F8B9
:10D798009010D7F8942041E80023C7F88C30D7F8C8
:10D7A8008C30002BDAD17B681B6808337B677B6F72
:10D7B80053E8003F3B673B6F23F00103C7F8B430E1
:10D7C8007B681B680833D7F8B420C7F88020FB674C
:10D7D800F96FD7F8802041E80023BB67BB6F002BA7
:10D7E800E1D17B681B6808333B663B6E53E8003F1A
:10D7F800FB65FB6D23F04003C7F8B0307B681B68FE
:10D808000833D7F8B020FA66BB66B96EFA6E41E8FD
:10D8180000237B667B6E002BE3D17B682022C3F854
:10D828008C207B680022DA667B681B68FB64FB6CD3
:10D8380053E8003FBB64BB6C23F01003C7F8AC305F
:10D848007B681B681A46D7F8AC30BB657A65796D7A
:10D85800BA6D41E800233B653B6D002BE4D17B6842
:10D86800D3F880301846FDF76CF97B6802221A67F6
:10D878007B68B3F85C207B68B3F85E309BB2D31A40
:10D888009BB21946786800F025F9FCE07B68B3F88C
:10D898005C30B7F8BE209A4240F0F5807B68D3F838
:10D8A80080301B681B6803F02003202B40F0EB80BE
:10D8B8007B6802221A677B68B3F85C30194678687F
:10D8C80000F008F9DFE07B68B3F85C207B68B3F808
:10D8D8005E309BB2D31AA7F8CE307B68B3F85E30BF
:10D8E8009BB2002B00F0D180B7F8CE30002B00F0AF
:10D8F800CC807B681B68BB63BB6B53E8003F7B63D2
:10D908007B6B23F49073C7F8C8307B681B681A4692
:10D91800D7F8C8307B643A64396C7A6C41E80023E4
:10D92800FB63FB6B002BE4D17B681B6808337B62CD
:10D938007B6A53E8003F3B623B6A23F0805323F045
:10D948000103C7F8C4307B681B680833D7F8C420C4
:10D958003A63FB62F96A3A6B41E80023BB62BB6A2F
:10D96800002BE1D17B682022C3F88C207B68002241
:10D97800DA667B6800225A677B681B683B613B69F3
:10D9880053E8003FFB60FB6823F01003C7F8C03082
:10D998007B681B681A46D7F8C030FB61BA61B96961
:10D9A800FA6941E800237B617B69002BE4D17B683D
:10D9B80002221A67B7F8CE301946786800F08AF85C
:10D9C80063E0D7F8E43003F48013002B0ED0D7F8C7
:10D9D800DC3003F48003002B08D07B681B684FF40D
:10D9E80080121A62786800F0B5FE51E0D7F8E4308A
:10D9F80003F08003002B14D0D7F8E03003F0800345
:10DA0800002B05D1D7F8DC3003F40003002B08D035
:10DA18007B689B6F002B3AD07B689B6F7868984730
:10DA280035E0D7F8E43003F04003002B09D0D7F8ED
:10DA3800E03003F04003002B03D0786800F05FFE6D
:10DA480026E0D7F8E43003F40003002B09D0D7F818
:10DA5800E03003F08043002B03D0786800F08EFE9E
:10DA680016E0D7F8E43003F08073002B10D0D7F815
:10DA7800E030002B0CDA786800F076FE08E000BF92
:10DA880006E000BF04E000BF02E000BF00E000BF06
:10DA9800E837BD4680BD00BF80B483B000AF786072
:10DAA80000BF0C37BD465DF8047B704780B483B077
:10DAB80000AF786000BF0C37BD465DF8047B704747
:10DAC80080B483B000AF786000BF0C37BD465DF806
:10DAD800047B704780B483B000AF78600B467B80CE
:10DAE80000BF0C37BD465DF8047B70472DE9B04F89
:10DAF8008CB000AF7861002387F82A307B699A6878
:10DB08007B691B691A437B695B691A437B69DB691B
:10DB18001343FB627B691B681A68AA4B13407A6936
:10DB28001268F96A0B4313607B691B685B6823F40E
:10DB380040517B69DA687B691B680A435A607B69D4
:10DB48009B69FB627B691B689F4A934204D07B698F
:10DB58001B6AFA6A1343FB627B691B689B6823F0A4
:10DB68006E4323F430637A691268F96A0B43936051
:10DB78007B691B68DB6A23F00F017B695A6A7B6942
:10DB88001B680A43DA627B691B68904A934225D175
:10DB98008F4BD3F8883003F00303032B1AD801A264
:10DBA80052F823F0BDDB0008CDDB0008C5DB000818
:10DBB800D5DB0008012387F82B3016E1022387F80C
:10DBC8002B3012E1042387F82B300EE1082387F865
:10DBD8002B300AE1102387F82B3006E17B691B689C
:10DBE8007C4A934238D17A4BD3F8883003F00C033F
:10DBF8000C2B2DD801A252F823F000BF39DC000805
:10DC080059DC000859DC000859DC000849DC000828
:10DC180059DC000859DC000859DC000841DC000820
:10DC280059DC000859DC000859DC000851DC000800
:10DC3800002387F82B30D8E0022387F82B30D4E074
:10DC4800042387F82B30D0E0082387F82B30CCE06A
:10DC5800102387F82B30C8E07B691B685E4A934223
:10DC680025D15B4BD3F8883003F03003302B16D026
:10DC7800302B18D8202B0AD0202B14D8002B02D0F8
:10DC8800102B08D00FE0002387F82B30ADE00223DB
:10DC980087F82B30A9E0042387F82B30A5E0082368
:10DCA80087F82B30A1E0102387F82B309DE07B69A3
:10DCB8001B684A4A934225D1454BD3F8883003F074
:10DCC800C003C02B16D0C02B18D8802B0AD0802BAD
:10DCD80014D8002B02D0402B08D00FE0002387F87F
:10DCE8002B3082E0022387F82B307EE0042387F86C
:10DCF8002B307AE0082387F82B3076E0102387F85A
:10DD08002B3072E07B691B68354A93422AD1304B2D
:10DD1800D3F8883003F44073B3F5407F1AD0B3F5D5
:10DD2800407F1BD8B3F5007F0CD0B3F5007F15D822
:10DD3800002B03D0B3F5807F08D00FE0002387F8CD
:10DD48002B3052E0022387F82B304EE0042387F86B
:10DD58002B304AE0082387F82B3046E0102387F859
:10DD68002B3042E07B691B68174A93423AD1184B23
:10DD7800D3F8883003F44063B3F5406F1AD0B3F595
:10DD8800406F1BD8B3F5006F0CD0B3F5006F15D8F2
:10DD9800002B03D0B3F5806F08D00FE0002387F87D
:10DDA8002B3022E0022387F82B301EE0042387F86B
:10DDB8002B301AE0082387F82B3016E0102387F859
:10DDC8002B3012E0F369FFCF00800040003801409B
:10DDD800001002400044004000480040004C004051
:10DDE80000500040102387F82B307B691B68AE4A2F
:10DDF800934240F0978097F82B30082B23D801A244
:10DE080052F823F031DE00084FDE000839DE000842
:10DE18004FDE00083FDE00084FDE00084FDE000836
:10DE28004FDE000847DE0008FCF70AF9786210E0C8
:10DE38009E4B7B620DE0FCF795F8786209E04FF4A1
:10DE480000437B6205E000237B62012387F82A30C8
:10DE580000BF7B6A002B00F030817B695B6A944AC3
:10DE680032F813301A467B6AB3FBF2F3BB617B6965
:10DE78005A6813465B001344BA699A4205D37B6912
:10DE88005B681B03BA699A4203D9012387F82A30D1
:10DE980013E17B6A0022BB60FA607B695B6A844A93
:10DEA80032F813309BB200223B607A60D7E9002336
:10DEB800D7E90201F2F7ACF902460B4610461946BB
:10DEC8004FF000024FF000030B0243EA1063020216
:10DED80079694968490800200C46054612EB040890
:10DEE80043EB05097B695B6800229A4693465246D4
:10DEF8005B4640464946F2F78BF902460B46134605
:10DF08003B623B6AB3F5407F08D33B6AB3F5801F99
:10DF180004D27B691B683A6ADA60CEE0012387F88D
:10DF28002A30CAE07B69DB69B3F5004F66D197F800
:10DF38002B30082B27D801A252F823F069DF0008FC
:10DF480071DF000879DF00088FDF00087FDF000835
:10DF58008FDF00088FDF00088FDF000887DF0008E9
:10DF6800FCF76EF8786214E0FCF780F8786210E04D
:10DF78004E4B7B620DE0FBF7F5FF786209E04FF44A
:10DF880000437B6205E000237B62012387F82A3087
:10DF980000BF7B6A002B00F090807B695B6A444A73
:10DFA80032F813301A467B6AB3FBF2F35A007B69E6
:10DFB8005B685B081A447B695B68B2FBF3F33B62FE
:10DFC8003B6A0F2B16D93B6AB3F5803F12D23B6AE6
:10DFD8009BB223F00F03FB833B6A5B089BB203F001
:10DFE80007039AB2FB8B1343FB837B691B68FA8B8D
:10DFF800DA6062E0012387F82A305EE097F82B3078
:10E00800082B28D801A252F823F000BF39E00008F5
:10E0180041E0000849E000085FE000084FE0000820
:10E028005FE000085FE000085FE0000857E00008D4
:10E03800FCF706F8786214E0FCF718F8786210E04C
:10E048001A4B7B620DE0FBF78DFF786209E04FF415
:10E0580000437B6205E000237B62012387F82A30B6
:10E0680000BF7B6A002B28D07B695B6A104A32F8B4
:10E0780013301A467B6AB3FBF2F27B695B685B0874
:10E088001A447B695B68B2FBF3F33B623B6A0F2B74
:10E0980010D93B6AB3F5803F0CD23B6A9AB27B69D0
:10E0A8001B68DA6009E000BF008000400024F4002B
:10E0B800D8FC0008012387F82A307B690122A3F8DD
:10E0C8006A207B690122A3F868207B6900225A67CD
:10E0D8007B6900229A6797F82A3018463037BD4680
:10E0E800BDE8B08F80B483B000AF78607B689B6A6E
:10E0F80003F00803002B0AD07B681B685B6823F4D5
:10E1080000417B689A6B7B681B680A435A607B688E
:10E118009B6A03F00103002B0AD07B681B685B68CD
:10E1280023F400317B68DA6A7B681B680A435A600B
:10E138007B689B6A03F00203002B0AD07B681B688C
:10E148005B6823F480317B681A6B7B681B680A4321
:10E158005A607B689B6A03F00403002B0AD07B6833
:10E168001B685B6823F480217B685A6B7B681B689B
:10E178000A435A607B689B6A03F01003002B0AD09D
:10E188007B681B689B6823F480517B68DA6B7B682B
:10E198001B680A439A607B689B6A03F02003002B84
:10E1A8000AD07B681B689B6823F400517B681A6C53
:10E1B8007B681B680A439A607B689B6A03F040038C
:10E1C800002B1AD07B681B685B6823F480117B687E
:10E1D8005A6C7B681B680A435A607B685B6CB3F5B2
:10E1E800801F0AD17B681B685B6823F4C0017B68C9
:10E1F8009A6C7B681B680A435A607B689B6A03F0C9
:10E208008003002B0AD07B681B685B6823F400211D
:10E218007B68DA6C7B681B680A435A6000BF0C375E
:10E22800BD465DF8047B704780B598B002AF786052
:10E238007B680022C3F89020FBF718FA78657B68A2
:10E248001B681B6803F00803082B2FD16FF07E436F
:10E2580000937B6D00224FF40011786800F08EF86F
:10E268000346002B22D07B681B68BB63BB6B53E85B
:10E27800003F7B637B6B23F080033B657B681B68F7
:10E288001A463B6D7B643A64396C7A6C41E800232A
:10E29800FB63FB6B002BE6D17B682022C3F8882048
:10E2A8007B68002283F88420032363E07B681B6873
:10E2B8001B6803F00403042B49D16FF07E430093DD
:10E2C8007B6D00224FF48001786800F057F8034610
:10E2D800002B3CD07B681B687B627B6A53E8003F5D
:10E2E8003B623B6A23F49073FB647B681B681A46A5
:10E2F800FB6C3B63FA62F96A3A6B41E80023BB6244
:10E30800BB6A002BE6D17B681B6808333B613B691D
:10E3180053E8003FFB60FB6823F00103BB647B68A4
:10E328001B680833BA6CFA61BB61B969FA6941E8DC
:10E3380000237B617B69002BE5D17B682022C3F831
:10E348008C207B68002283F88420032312E07B68FA
:10E358002022C3F888207B682022C3F88C207B68A1
:10E368000022DA667B6800221A677B68002283F83D
:10E378008420002318465837BD4680BD80B584B038
:10E3880000AFF860B9603B601346FB714FE0BB69B2
:10E39800B3F1FF3F4BD0FBF769F902463B68D31A4C
:10E3A800BA699A4202D3BB69002B01D103234EE01C
:10E3B800FB681B681B6803F00403002B37D0BB689D
:10E3C800802B34D0BB68402B31D0FB681B68DB69DD
:10E3D80003F00803082B10D1FB681B6808221A6297
:10E3E800F86800F079F8FB680822C3F89020FB6809
:10E3F800002283F88420012329E0FB681B68DB697D
:10E4080003F40063B3F5006F11D1FB681B684FF488
:10E4180000621A62F86800F05FF8FB682022C3F80F
:10E428009020FB68002283F8842003230FE0FB6818
:10E438001B68DA69BB681340BA689A420CBF0123AB
:10E448000023DBB21A46FB799A42A0D00023184673
:10E458001037BD4680BD80B48FB000AF78607B6850
:10E468001B683B623B6A53E8003FFB61FB6923F092
:10E47800C0037B637B681B681A467B6BFB62BA62CE
:10E48800B96AFA6A41E800237B627B6A002BE6D10D
:10E498007B681B680833FB60FB6853E8003FBB6080
:10E4A800BB6823F400033B637B681B6808333A6B43
:10E4B800BA617B617969BA6941E800233B613B69CC
:10E4C800002BE5D17B682022C3F8882000BF3C37A9
:10E4D800BD465DF8047B704780B495B000AF7860A6
:10E4E8007B681B687B637B6B53E8003F3B633B6B3C
:10E4F80023F49073FB647B681B681A46FB6C3B64CF
:10E50800FA63F96B3A6C41E80023BB63BB6B002BE1
:10E51800E6D17B681B6808333B623B6A53E8003FDF
:10E52800FB61FB6923F0805323F00103BB647B6824
:10E538001B680833BA6CFA62BB62B96AFA6A41E8C6
:10E5480000237B627B6A002BE3D17B68DB6E012BA7
:10E5580018D17B681B68FB60FB6853E8003FBB6011
:10E56800BB6823F010037B647B681B681A467B6CCE
:10E57800BB617A617969BA6941E800233B613B690B
:10E58800002BE6D17B682022C3F88C207B68002210
:10E59800DA667B6800225A6700BF5437BD465DF8CB
:10E5A800047B704780B590B000AF78607B689B6A49
:10E5B800FB637B681B681B6803F02003002B37D1C3
:10E5C800FB6B0022A3F85620FB6B1B6808337B62A9
:10E5D8007B6A53E8003F3B623B6A23F08003BB63DE
:10E5E800FB6B1B680833BA6B3A63FB62F96A3A6BD8
:10E5F80041E80023BB62BB6A002BE5D1FB6B1B68BB
:10E608003B613B6953E8003FFB60FB6843F0400314
:10E618007B63FB6B1B681A467B6BFB61BA61B9694C
:10E62800FA6941E800237B617B69002BE6D102E0AF
:10E63800F86BFFF731FA00BF4037BD4680BD80B5A3
:10E6480084B000AF78607B689B6AFB60F868FFF76E
:10E658002DFA00BF1037BD4680BD80B586B000AF2B
:10E6680078607B689B6A7B617B69D3F888303B6103
:10E678007B69D3F88C30FB607B691B689B6803F06F
:10E688008003802B09D13B69212B06D17B690022AD
:10E69800A3F856207869FFF7DEFE7B691B689B6844
:10E6A80003F04003402B09D1FB68222B06D17B697C
:10E6B8000022A3F85E207869FFF70EFF7B69D3F884
:10E6C800903043F010027B69C3F890207869FFF717
:10E6D800F7F900BF1837BD4680BD80B584B000AFDC
:10E6E80078607B689B6AFB60FB680022A3F85E2069
:10E6F800F868FFF7E5F900BF1037BD4680BD80B563
:10E7080088B000AF78607B681B68FB60FB6853E8E3
:10E71800003FBB60BB6823F04003FB617B681B685C
:10E728001A46FB69BB617A617969BA6941E80023D5
:10E738003B613B69002BE6D17B682022C3F8882027
:10E748007B6800229A677868FFF7A6F900BF203730
:10E75800BD4680BD80B483B000AF786000BF0C3781
:10E76800BD465DF8047B704780B483B000AF786025
:10E7780000BF0C37BD465DF8047B704780B483B09A
:10E7880000AF786000BF0C37BD465DF8047B70476A
:10E7980080B485B000AF78607B6893F88430012B33
:10E7A80001D1022327E07B68012283F884207B685B
:10E7B8002422C3F888207B681B681B68FB607B6881
:10E7C8001B681A687B681B6822F001021A60FB68E4
:10E7D80023F00053FB607B6800225A667B681B6845
:10E7E800FA681A607B682022C3F888207B680022B8
:10E7F80083F88420002318461437BD465DF8047B4F
:10E80800704780B584B000AF786039607B6893F852
:10E818008430012B01D102232DE07B68012283F88B
:10E8280084207B682422C3F888207B681B681B68C7
:10E83800FB607B681B681A687B681B6822F0010212
:10E848001A607B681B689B6823F060417B681B68C3
:10E858003A680A439A60786800F050F87B681B6849
:10E86800FA681A607B682022C3F888207B68002237
:10E8780083F88420002318461037BD4680BD80B534
:10E8880084B000AF786039607B6893F88430012BDE
:10E8980001D102232DE07B68012283F884207B6864
:10E8A8002422C3F888207B681B681B68FB607B6890
:10E8B8001B681A687B681B6822F001021A607B6873
:10E8C8001B689B6823F060617B681B683A680A4391
:10E8D8009A60786800F012F87B681B68FA681A601A
:10E8E8007B682022C3F888207B68002283F8842074
:10E8F800002318461037BD4680BD000080B485B09F
:10E9080000AF78607B685B6E002B08D17B680122C2
:10E91800A3F86A207B680122A3F8682031E0082365
:10E92800FB730823BB737B681B689B685B0EDBB2B9
:10E9380003F007037B737B681B689B685B0FDBB284
:10E9480003F007033B73BB7B3A7B11498A5C02FBEC
:10E9580003F33A7B0F498A5C93FBF2F39AB27B6824
:10E96800A3F86A20FB7B7A7B09498A5C02FB03F3E4
:10E978007A7B08498A5C93FBF2F39AB27B68A3F826
:10E98800682000BF1437BD465DF8047B704700BFA0
:10E99800F0FC0008F8FC0008012838BF012010B579
:10E9A8000446204601F02EF800B110BD00F006F82C
:10E9B80008B901F01FF88047F3E70000024B186818
:10E9C800BFF35B8F704700BF8406002008B52DEDAC
:10E9D800028BB0EE408A00F0D7F9B4EE488AF1EE27
:10E9E80010FA0FD6B5EEC08AF1EE10FA0ADCB5EED1
:10E9F800408AF1EE10FA08D101F016F922239FEDB2
:10EA0800090A0360BDEC028B08BD01F00DF9BDECED
:10EA1800028B034621221A600348BDE8084000F033
:10EA280077B800BF000080FF00FD000810EE103A24
:10EA3800184923F000428A4219D9B2F1FF4F02D394
:10EA480030EE400A704700B583B0684600F096FA89
:10EA580000F0030001289DED000ADDED010A0FD04A
:10EA6800022808D088B900F0C5F803B000BDDFED72
:10EA78000A0A00F0BFB800F0BDF8B1EE400AF4E7AA
:10EA880000F03AF9B1EE400AEFE7012000F034F95E
:10EA9800EBE700BFD80F493F0000000010EE103A26
:10EAA800194923F000428A421AD9B2F1FF4F02D322
:10EAB80030EE400A704700B583B0684600F05EFA51
:10EAC80000F0030001289DED000ADDED010A12D0D7
:10EAD80002280AD090B9012000F00EF903B000BD59
:10EAE800DFED0A0A002000F007B9012000F004F960
:10EAF800B1EE400AF2E700F07DF8EFE700F07AF8AF
:10EB0800B1EE400AEAE700BFD80F493F0000000015
:10EB18009FED010A704700BF0000C07F08B52DEDCA
:10EB2800028BF0EE408AB0EE608A00F047F820B918
:10EB3800B0EE480ABDEC028B08BDB0EE480A00F002
:10EB48003DF858B1F4EEC88AF1EE10FAC8BFB0EE3D
:10EB5800688AB0EE480ABDEC028B08BDB0EE688A40
:10EB6800B0EE480ABDEC028B08BD00BF08B52DED1C
:10EB7800028BF0EE408AB0EE608A00F01FF820B9F0
:10EB8800B0EE480ABDEC028B08BDB0EE480A00F0B2
:10EB980015F858B1B4EEE88AF1EE10FAC8BFB0EE35
:10EBA800688AB0EE480ABDEC028B08BDB0EE688AF0
:10EBB800B0EE480ABDEC028B08BD00BF10EE103A5B
:10EBC80033F000400ED0A0F50003B3F1FE4F0DD393
:10EBD800074B421E9A4207D9A0F1FF40B0FA80F0D5
:10EBE800400970470220704703207047042070478F
:10EBF800FEFF7F0010EE103A23F00043B3F1485FA8
:10EC08002CD2FDEEC07A17EE903A002B60D060EE61
:10EC1800007A9FED317A9FED315ADFED315A9FED41
:10EC2800316ADFED316AA7EE875A9FED307AE7EE59
:10EC3800855AA7EEA56AA7EE867AE7EE876A67EE99
:10EC4800A66A60EEC00AB6EE007AE7EEA60AB7EE4C
:10EC5800000AD7EE870A30EE600A704760EE007A45
:10EC68009FED1D7A9FED1D5ADFED1D5A9FED1D6A20
:10EC7800DFED1D6A1E4AA7EE875A93429FED1B7A65
:10EC8800E5EE275AA5EEA76AA6EE277AE7EE276AE9
:10EC980066EEA76AD5D9174A934214D803F17F4381
:10ECA80007EE103AB7EE006A36EE476A60EEC00A21
:10ECB800F6EE005A97EEA57AE7EEA60A37EE607AE6
:10ECC80036EE470A7047B6EE076AB5EE027AEDE708
:10ECD800B7EE000A704700BF4ED747ADF6740F3144
:10ECE8007CF293B4010DD037ABAA2A3D610BB6BABA
:10ECF8009999993E0000483F10EE103A23F00043DE
:10ED0800B3F1485F04D2FDEEC07A17EE903A5BB3D8
:10ED180060EE007A9FED157ADFED155A9FED156AC2
:10ED2800DFED156AE7EE875A9FED147AA5EEA76A1C
:10ED380020EE275AE6EE276AA6EEA77A30B9DFED6D
:10ED4800106AE7EE876AA6EE850A704727EE457ACD
:10ED5800F6EE006AA0EEA67ADFED0A6AD7EE270A79
:10ED6800E5EE260A30EE600A704700BFD3C92E2FA1
:10ED7800342FD7B21BEF3836010D50B98988083CBB
:10ED8800ABAA2ABEABAA2A3E10EE102A32F00043E4
:10ED98002FD0002A134633DBB2F1FF4F40DAB2F529
:10EDA800000F34DB4FF0000C6448C3F3160108442D
:10EDB80000F4000282F07E520A43DB1500EE102AAE
:10EDC8007F3B5F4A634401F10F0CF7EE007A0CEACF
:10EDD800020230EE670A03EBD05322BBB5EE400ABD
:10EDE800F1EE10FA62D1002B40F090809FED550AA9
:10EDF80070479FED557ADFED537A87EE270A704703
:10EE080070EE407A9FED4F7A87EE870A7047DFED04
:10EE18004F7A60EE277A6FF0180C17EE903AC3E736
:10EE280030EE000A7047F0EE007A70EE277A07EEAF
:10EE3800103A80EE274A4648C1F55712084402F5B1
:10EE480022720243002A9FED433ADFED434ADFED89
:10EE5800435ADFED433A9FED435ADFED437ADFED46
:10EE6800436A24EE046AF8EEC72A26EE067AE7EE2D
:10EE7800034AA7EE235AE4EE875AE5EE076AE5EE61
:10EE8800877A67EE867AE6EE877A2ADDB6EE007A2A
:10EE980020EE077A27EE007A77EE877A67EE847A93
:10EEA8003BBB37EE677A30EE470A70479FED307A02
:10EEB800F6EE007AE0EE477A20EE007A27EE277A1F
:10EEC800002BF0D007EE903A9FED2A6ADFED2A6A10
:10EED800F8EEE77AA7EEC67A37EE400A97EEA60A6A
:10EEE800704770EE677A67EE847AE3B930EE670AA6
:10EEF80070479FED206ADFED206AE2EE867A37EEF2
:10EF0800677A37EE400A92EEA60A704707EE903A03
:10EF18009FED180A9FED187AF8EEE77A27EE800A37
:10EF2800A7EE870A7047DFED136A9FED137AE2EECA
:10EF3800E67A37EEC00A92EE870A704720FB4A004D
:10EF4800F0FF7F0000000000000000CC0000004C33
:10EF5800305CCFFF9788173E25333A3E2549923ECD
:10EF68004FD01C3E298E633EABAA2A3FCDCCCC3E67
:10EF7800ABAAAA3ED1F717378071313F70B510EEB2
:10EF8800103A8B4A23F00044944286B0054671D962
:10EF9800884A94421E4624D823F00042002BDFED15
:10EFA800867A864922F00F02B0EE407A40F3E68076
:10EFB8008A4270EE677A09BF9FED817ADFED816A38
:10EFC800DFED816A77EEC77A37EEE67A77EEC77AB1
:10EFD80080ED007A77EEE67AC0ED017A012006B07E
:10EFE80070BD7A4A944253D9B4F1FF4F49D2E21521
:10EFF800863AA4EBC25307EE903ABDEEE77ADFED0E
:10F00800746AB8EEC77A77EEC77A8DED037A67EE41
:10F01800A67ABDEEE77AB8EEC77A77EEC77A8DEDB5
:10F02800047A67EEA67AF5EE407AF1EE10FACDEDA5
:10F03800057A40F08E80B5EE407AF1EE10FA40F095
:10F048008A800123634901910221009103A829467E
:10F0580000F0D2F8002EC2DA95ED007AD5ED017AEB
:10F06800B1EE477AF1EE677A85ED007AC5ED017A5F
:10F078004042B4E7002285ED000A4260002006B055
:10F0880070BD70EE407AC0ED017AC0ED007AF5E708
:10F0980000F0AAF89FED507A9FED476AF6EE007AE5
:10F0A800E0EE077A9FED477AFDEEE77AF8EEE76A39
:10F0B80017EE900AA6EEC60A1F2866EE877AB1EE0A
:10F0C800666A30EE677A1EDC444A411E26F0004329
:10F0D80052F8212023F0FF03934214D085ED007AE3
:10F0E80030EE470A002E30EE670A85ED010ABFF6BA
:10F0F80076AFB1EE477AB1EE400A85ED007A85ED3C
:10F10800010A40426BE717EE103AC3F3C753C3EB4B
:10F11800D453082B4FEAE452E0DD9FED297A9FEDA6
:10F128002A5AF0EE405AE6EE075A70EE657AE6EE95
:10F13800077AD6EE857A35EEE77A17EE103AC3F3FA
:10F14800C753D21A192A08DCB0EE650A85ED007A91
:10F15800C6E7032376E7022374E79FED217A9FED44
:10F16800215AB0EE650AA6EE070A75EEC07AE6EEF9
:10F17800077AD6EE857A30EE677AAFE78A4270EE84
:10F18800277A09BF9FED0E7ADFED0E6ADFED0E6A72
:10F1980077EE877A37EEA67A77EEC77A80ED007A2F
:10F1A80077EEA67AC0ED017A4FF0FF3017E700BF7F
:10F1B800D80F493FE3CB1640800FC93FD00FC93F56
:10F1C800004435374344353708A3852E800F49431B
:10F1D8000000804384FD000884F9223F04FD0008F4
:10F1E80000A3852E32318D2410EE103A23F000430F
:10F1F80000EE103A704700BF2DE9F04F2DED048B5B
:10F20800DBB01C46944603930A46BA4B68991CF136
:10F21800040F53F82170824604F1FF39C0F2568278
:10F22800BCF1030348BF0CF10403DB100293013364
:10F238004FEAC30EACEB0E030593029B17EB0900D4
:10F24800A3EB090316D401309FEDAB7A699C1844EF
:10F258001EA9002BA4BF54F8235007EE905A03F1BF
:10F268000103ACBFF8EEE77AF0EE477A8342E1ECAF
:10F27800017AEED1002FC0F2E28203991EA800EBBA
:10F2880081004FEA81087E18002346AD4C460AEB00
:10F298008101B9F1000F80F2C8800134B44245F809
:10F2A800043B00F10400F4D10DF1280B0BEB8703AC
:10F2B800CDE9062E043B9FED929ADFED908A0598E2
:10F2C80004930AEB080446AE0BEB87080097CDF8C9
:10F2D80020C00DEB8703002F93ED460A4FEA870500
:10F2E80015DD73195A4660EE097AB0EE407AFDEEE4
:10F2F800E77A73ED016AF8EEE77AB342A7EEE87AA7
:10F3080037EEA60ABDEEC77AA2EC017AEBD10190DE
:10F3180000F0B8FAF4EE007AB0EE408A20EE270A40
:10F3280000F01EFBF2EE007AA0EE678A0198002832
:10F33800FDEEC89AF8EEE97A38EE678A40F38280E3
:10F34800791EC0F108035BF821E04EFA03FC0CFAC1
:10F3580003F3AEEB030EC0F1070219EE903A4EFA32
:10F3680002F26344002A09EE903A4BF821E000F3D8
:10F37800AF80B5EE408AF1EE10FA74D1009B9F423F
:10F388000ADD5D44002355F8041D454543EA0103A1
:10F39800F9D1002B40F00281009B013B5BF8232050
:10F3A8007B1C9C46002A40F0F780049A012152F801
:10F3B800045D0131002DFAD03944029D039A05EB12
:10F3C800030E0EF1804E699D0EF1FF3E3A4405EBA7
:10F3D8008E0E1EAD06EB830705EB8205DEED017A86
:10F3E800F8EEE77AB9F1000F0EF1040EE5EC017AB8
:10F3F800DFED417A09DB2A465346F3EC016A32ED28
:10F40800017AA342E6EE877AF7D10CF1010C8C451C
:10F41800E7EC017AE2DD0F465BE70134B442E5EC44
:10F42800017A00F104003FF43FAFDFED337A834601
:10F438005346F3EC016A3BED017A8B42E6EE877A9C
:10F44800F7D1EAE700F09180F6EE007AB4EEE78AA9
:10F45800F1EE10FA80F22981B5EE408AF1EE10FA49
:10F468004FF000028AD09246DDE9062EDDF820C072
:10F478000197AEEB0C00B0EE480A009F009200F036
:10F4880001FADFED1E6AB4EEE60AF1EE10FADDE9E4
:10F498000023F0EE407AC0F29C819FED197A05991D
:10F4A80020EE077A0831BDEEC77A0591B8EEC77A23
:10F4B8005C1CE7EE667ABDEEC77AFDEEE77A17EEDA
:10F4C800901A4BF8231017EE103A4BF824307EE0D0
:10F4D8000133002F09EE903A40F39D8159464FF0D1
:10F4E800000E51F8043B002B39D0C3F5807341F866
:10F4F800043C0CE0C8000108000000000000804344
:10F508000000803B0B68C3F1FF0341F8043B0EF198
:10F51800010E7745F6DC01239E4600280BDD012805
:10F5280000F0BB80022806D1791E5BF8213003F079
:10F538003F0C4BF821C0022A7FF41BAFB7EE000A3C
:10F54800734630EE488A002B3FF413AF09920190BE
:10F5580000F098F90198099A38EE408A09E70EF107
:10F56800010E7745BDDC9E46D7E77B1E5BF823205E
:10F57800D211002A7FF7FDAE19EE903A002F03F161
:10F58800010309EE903AA9DC022A7FF4F2AEF7EE05
:10F59800007A37EEC88AECE619460EE73B469246F3
:10F5A800DDE905125C1EA1F108005BF82410009F3C
:10F5B800059061B903F18043013B0BEB83030146DE
:10F5C80053F8040D013C08390028F9D00591059835
:10F5D8000092B7EE000A00F055F9002C009AB0EE40
:10F5E800407AC0F22281601C46AD5FED3B6A810023
:10F5F8000BEB800305EB800073ED017AF8EEE77AF8
:10F608005B4567EE877A27EE267A60ED017AF3D1BB
:10F618000DF1C8080E1F2E44C646A4460025002F2B
:10F628007DDBDFF85C92DFED957A3046002307E05A
:10F63800F9EC016AB0EC017A9F42E6EE877A03DBC7
:10F648009D4203F10103F3DA0CF1FF3CBCF1FF3FEB
:10F65800EEEC017A05F10105A6F10406E1D1689BFB
:10F66800022B6ADC002B36DC0ED1DFED847A4144B4
:10F6780031ED017A884577EE877AF9D15346002B28
:10F6880040F0C680C2ED007A19EE903A03F0070008
:10F698005BB0BDEC048BBDE8F08F791E5BF82130C0
:10F6A80003F07F0C4BF821C045E719EE903A002F84
:10F6B80003F1010309EE903AC8BF02223FF70EAFEB
:10F6C800F7EE007A37EEC88A022252E600234FF09E
:10F6D800080E0293AEE5DDED327A9FED687A41447B
:10F6E80071ED016A884537EE267AF9D15346002B29
:10F6F80040F0848077EEC77A82ED007A64B133A94E
:10F708000123B1EC017A01339C4277EE877AF8DA6B
:10F7180053460BB1F1EE677AC2ED017AB4E70CF10A
:10F72800FF3C0023BCF1FF3F4EF8043B05F1010507
:10F73800A6F104067FF473AF91E7689B032BA3D16E
:10F74800002C00F08C8008EB840595ED007AA00071
:10F758002B46294671ED017AF0EE476A37EE277A93
:10F76800884577EEC77A81ED007A77EEA67AC1ED03
:10F77800017AEFD1012C72D095ED007A08F10401DD
:10F7880073ED017AF0EE476A37EE277A994277EE01
:10F79800C77A83ED007A77EEA67AC3ED017AEFD1C6
:10F7A800031DDFED367A434408F1080833ED017A8A
:10F7B800984577EE877AF9D15346DDED326A9DEDAB
:10F7C800337A73B9C2ED006A82ED017AC2ED027A2A
:10F7D8005AE7FDEEC07A1C4617EE901A4BF8231034
:10F7E800F5E6F1EE666AB1EE477AF1EE677AC2EDB8
:10F7F800006A82ED017AC2ED027A45E7F1EE476AC6
:10F8080077EEC77AC2ED006A002C7FF478AF81E703
:10F81800F1EE677A36E7012815D002287FF4B4AEF6
:10F828000EF03F034BF82130AEE6689B022B12DC4A
:10F83800002B17DC7FF428AFDFED107A1EE7039B5F
:10F848004FEA830830E50EF07F03022A4BF8213097
:10F858007FF48FAD9BE6689B032B7FF415AFDFED3C
:10F86800077AA9E75346DDED327A1BB14FF0004322
:10F8780013604FE7002313604EE700BF000000004D
:10F888009C00010810EE103A33F000411A4625D0CA
:10F89800B1F1FF4F1FD213F0FF4F20D1DFED297ACE
:10F8A800294A60EE277A904217EE903A31DB4CF203
:10F8B800503CC3F3C75160451A46A1F1190114DD44
:10F8C800002BDFED227A9FED210AB8BFDFED207A09
:10F8D80027EE800A704730EE000A704770474CF2F6
:10F8E800503C60454FEAD151EADC0144FE29E7DC8F
:10F8F800002915DC11F1160F19DB193122F0FF422E
:10F9080042EAC15207EE902A9FED120A27EE800ABA
:10F918007047DFED117A07EE103A27EE270A704795
:10F9280022F0FF4242EAC15300EE103A7047002B22
:10F93800DFED097A9FED080AB8BFDFED087A27EEF8
:10F94800800A70470000004CB03CFFFFCAF24971C2
:10F95800CAF249F1000000336042A20D6042A28D54
:10F9680010EE102AC2F3C7537F3B162B22F000413A
:10F978001BDC002B10461EDB1A4919410A4223D012
:10F98800DFED197A70EE277AF5EEC07AF1EE10FA0B
:10F998001ADD002A04DA4FF4000242FA03F318448D
:10F9A80020EA010300EE103A7047B1F1FF4F0BD384
:10F9B80030EE000A7047DFED0C7A70EE277AF5EE2C
:10F9C800C07AF1EE10FA00DC7047002A02DB9FEDE6
:10F9D800070A704711B99FED060A7047BFEE000A83
:10F9E800F2E700BFFFFF7F00CAF249710000000084
:10F9F8000000008008B5062000F0EAF80120F1F7C1
:10FA080013FD0000024B0146186800F025B800BF3E
:10FA18002C02002070B50F4E0C463168054611B90E
:10FA280000F0F2F830602146284600F0EDF8431C5B
:10FA380003D14FF0FF34204670BDC41C24F00304EA
:10FA4800A042F8D0211A284600F0DEF80130F2D1A1
:10FA5800EFE700BF880600202DE9F843CD1C25F00C
:10FA6800030508350C2D38BF0C25002D064601DB93
:10FA7800A94204D90C2333600020BDE8F883DFF8DD
:10FA8800D48000F069F8D8F800301C4644BB2946F9
:10FA98003046FFF7BFFF431C044658D1D8F8004052
:10FAA8002746002F43D1002C4BD0236839463046D7
:10FAB80004EB030900F0A8F8814542D121686D1ACA
:10FAC80029463046FFF7A6FF01303AD023682B4479
:10FAD8002360D8F800305A6862BBC8F800700FE09D
:10FAE8002268521B20D40B2A17D96119A34225601A
:10FAF80018BF5960636808BFC8F8001062514B60AE
:10FB0800304600F02FF804F10B00231D20F0070009
:10FB1800C21A1CBF1B1AA350AFE76268A3420CBFEE
:10FB2800C8F800205A60EBE723466468AEE73C4615
:10FB38007F68B6E71A465B68A342FBD1002353608F
:10FB4800DEE70C233360304600F00CF894E70560DC
:10FB5800D6E700BF8C060020014800F08FB800BF30
:10FB6800CC070020014800F08AB800BFCC0700206D
:10FB780002440346934200D1704703F8011BF9E79A
:10FB88001F2938B505460C4604D9162303604FF0E3
:10FB9800FF3038BDC26B12B152F821304BB928463C
:10FBA80000F030F8224601462846BDE8384000F00B
:10FBB80017B8012B0AD0591C03D116230360012062
:10FBC800E7E7002142F82410204698470020E0E7A4
:10FBD800024B01461868FFF7D3BF00BF2C02002074
:10FBE80038B5074D00230446084611462B60F1F747
:10FBF8000BFC431C02D12B6803B1236038BD00BF46
:10FC0800C8070020F1F7F8BB38B5064D00230446B5
:10FC180008462B60F1F7BAFB431C02D12B6803B1ED
:10FC2800236038BDC8070020014B1868704700BF23
:10FC38002C02002070B50D4B0D4D5B1B9C1000264F
:10FC4800A64209D100F02AF80A4D0B4B5B1B9C1009
:10FC58000026A64205D170BD55F8043B98470136E9
:10FC6800EEE755F8043B98470136F2E7DC00010857
:10FC7800DC000108DC000108E80001087047704753
:10FC88000A44914200F1FF3300D1704710B511F8D2
:10FC9800014B03F8014F9142F9D110BDF8B500BFEF
:10FCA800F8BC08BC9E467047F8B500BFF8BC08BC55
:04FCB8009E467047AD
:10FCBC000000807F0000000000000000010203042F
:10FCCC0006070809000000000102030401000200FD
:10FCDC000400060008000A000C0010002000400080
:10FCEC008000000101010103070100000804020467
:10FCFC000801010100000000000FC93F000F49403E
:10FD0C0000CB9640000FC9400053FB4000CB16417E
:10FD1C0000ED2F41000F49410031624100537B41FE
:10FD2C00003A8A4100CB9641005CA34100EDAF4103
:10FD3C00007EBC41000FC94100A0D5410031E24119
:10FD4C0000C2EE410053FB4100F20342003A0A426A
:10FD5C000083104200CB164200141D42005C23426B
:10FD6C0000A5294200ED2F4200363642007E3C426F
:10FD7C0000C74242000F4942A2000000F9000000F7
:10FD8C00830000006E0000004E00000044000000E4
:10FD9C001500000029000000FC00000027000000F6
:10FDAC0057000000D1000000F500000034000000F6
:10FDBC00DD000000C0000000DB000000620000005D
:10FDCC0095000000990000003C000000430000007A
:10FDDC009000000041000000FE00000051000000F7
:10FDEC0063000000AB000000DE000000BB00000060
:10FDFC00C500000061000000B700000024000000F6
:10FE0C006E0000003A000000420000004D000000AF
:10FE1C00D2000000E00000000600000049000000D5
:10FE2C002E000000EA00000009000000D1000000D4
:10FE3C00920000001C000000FE0000001D000000ED
:10FE4C00EB0000001C000000B100000029000000C5
:10FE5C00A70000003E000000E80000008200000047
:10FE6C0035000000F50000002E000000BB00000073
:10FE7C004400000084000000E90000009C00000029
:10FE8C007000000026000000B40000005F000000BD
:10FE9C007E000000410000003900000091000000CD
:10FEAC00D600000039000000830000005300000061
:10FEBC0039000000F40000009C00000084000000E9
:10FECC005F0000008B000000BD000000F900000086
:10FEDC00280000003B0000001F000000F80000009C
:10FEEC0097000000FF000000DE000000050000008D
:10FEFC00980000000F000000EF0000002F00000031
:10FF0C00110000008B0000005A0000000A000000E5
:10FF1C006D0000001F0000006D00000036000000A6
:10FF2C007E000000CF00000027000000CB00000086
:10FF3C0009000000B70000004F0000004600000060
:10FF4C003F000000660000009E0000005F00000003
:10FF5C00EA0000002D0000007500000027000000E2
:10FF6C00BA000000C7000000EB000000E500000034
:10FF7C00F10000007B0000003D00000007000000C5
:10FF8C0039000000F70000008A0000005200000059
:10FF9C0092000000EA0000006B000000FB00000073
:10FFAC005F000000B10000001F0000008D00000089
:10FFBC005D00000008000000560000000300000077
:10FFCC003000000046000000FC0000007B00000038
:10FFDC006B000000AB000000F0000000CF00000040
:10FFEC00BC000000200000009A000000F40000009B
:04FFFC0036000000CB
:020000040801F1
:100000001D000000A9000000E300000091000000B6
:10001000610000005E000000E60000001B00000020
:100020000800000065000000990000008500000045
:100030005F00000014000000A00000006800000045
:10004000400000008D000000FF000000D80000000C
:10005000800000004D000000730000002700000039
:10006000310000000600000006000000150000003E
:1000700056000000CA00000073000000A800000045
:10008000C900000060000000E20000007B000000EA
:10009000C00000008C0000006B0000000000C93FA1
:1000A0000000F0390000DA370000A2330000842E8F
:1000B0000000502B0000C2270000D0220000C41F07
:1000C0000000C61B000044170400000007000000E9
:0400D0000900000023
:0800D4007401FF7F0100000030
:0C00DC00FD010008791E000815650008F1
:0400E800D901000832
:1000EC004115000855160008A11600082117000834
:1000FC002D170008A9170008E517000803000000D9
:10010C0031180008491800082F1500081F150008A1
:10011C0000000000070000000000803F0000C0410C
:10012C00CDCCCC3D6F12833A0000C8420000A040F9
:10013C0000803B453333733F0000F0410000204109
:10014C00E8030000333353400000804500020000F8
:10015C00000100000050C34700C0C1456F12833A34
:10016C000000484200002040CDCC8C400000000034
:10017C006F12833A0000A04117B751380AD7A33C3D
:10018C000AD7A33C010000000100000000401C46FF
:10019C0000401C4600E07645000000000000AA422A
:1001AC000100000000401C4600401C4600E0764563
:1001BC00000000000000AA420100000000401C46A4
:1001CC0000401C4600E07645000000000000AA42FA
:1001DC000100000000401C4600401C4600E0764533
:1001EC00000000000000AA420000F04100000000E6
:1001FC0000000000000000000000000000000000F3
:10020C000000803F00000000000000000100000022
:10021C003333B33E03000000010100000000803FB7
:10022C000000003F0000C03F00007A440000A040E6
:10023C0000007A440000A0400000C842000000000A
:10024C003333B33E030000000000803F0000004049
:10025C00000048420000FA43000048423333B33EEA
:10026C006400000000401C4600000000000000007C
:10027C000000000000000000000000000000000072
:10028C000000000000000000000000000000000062
:10029C000000000000000000000000000000000052
:1002AC000000000000000000000000000000000042
:1002BC000000000000000000030100000000803F6F
:1002CC00000000000AD7233D0000803F0000484397
:1002DC000AD7233D0000803F00001644AE47613D25
:1002EC000000803F00004844295C8F3D0000803FA7
:1002FC00000096440AD7A33DDC0100200100000059
:10030C000024F40010000000010000003002002066
:10031C000000000090060020F80600206007002076
:10032C0000000000000000000000000000000000C1
:10033C0000000000000000000000000000000000B1
:10034C0000000000000000000000000000000000A1
:0C035C0000000000000000000000000095
:040000050800144992
:00000001FF
