:020000040800F2
:100000000000022045140008890D0008910D000829
:10001000A70D0008AF0D0008B70D00080000000094
:10002000000000000000000000000000BF0D0008FC
:10003000CD0D000800000000DB0D0008E90D0008F0
:1000400095140008951400089514000895140008EC
:1000500095140008951400089514000895140008DC
:10006000951400089514000895140008F50D000873
:10007000090E00089514000895140008951400084E
:1000800095140008951400081D0E0008951400082A
:10009000951400089514000895140008951400089C
:1000A000951400089514000895140008951400088C
:1000B00095140008390E00089514000895140008DE
:1000C000951400089514000895140008951400086C
:1000D000951400089514000895140008951400085C
:1000E000951400089514000895140008951400084C
:1000F000951400089514000895140008951400083C
:10010000951400089514000895140008951400082B
:100110004D0E000895140008951400089514000869
:10012000951400089514000895140008951400080B
:1001300095140008951400089514000895140008FB
:1001400095140008951400089514000895140008EB
:1001500095140008951400089514000895140008DB
:1001600095140008951400089514000895140008CB
:1001700095140008951400089514000895140008BB
:1001800095140008951400089514000895140008AB
:10019000951400080000000095140008951400084C
:1001A000951400089514000895140008951400088B
:1001B000951400089514000895140008951400087B
:1001C000951400089514000895140008951400086B
:0801D0009514000895140008C5
:1001D80010B5054C237833B9044B13B10448AFF379
:1001E80000800123237010BD84020020000000005D
:1001F80078FA000808B5034B1BB103490348AFF36D
:10020800008008BD000000008802002078FA00087D
:1002180053B94AB9002908BF00281CBF4FF0FF3165
:100228004FF0FF3000F088B9ADF1080C6DE904CE4D
:1002380000F006F8DDF804E0DDE9022304B07047B9
:100248002DE9F047089D0F4604468C46002B48D1FF
:100258008A42164661D9B2FA82F34BB1C3F1200241
:1002680001FA03FC20FA02F29E4042EA0C0C9C4080
:100278004FEA164EB7B2BCFBFEF1220C0EFB11CCB6
:1002880042EA0C4201FB07F0904209D9B21801F189
:10029800FF3C80F0EE80904240F2EB80023932441D
:1002A800121AA4B2B2FBFEF00EFB102244EA02447A
:1002B80000FB07F7A74209D9341900F1FF3280F093
:1002C800DA80A74240F2D7803444023840EA01403D
:1002D800E41B00211DB1DC400023C5E90043BDE853
:1002E800F0878B4206D90DB1C5E900010021084607
:1002F800BDE8F087B3FA83F1002948D1BB4202D3A5
:10030800824200F20781841A67EB030201209446B7
:10031800002DE4D0C5E9004CE1E7002A00F0928006
:10032800B2FA82F3002B40F0A8808A1A4FEA164EE0
:100338001FFA86FC0121200CB2FBFEF70EFB1722E8
:1003480040EA02420CFB07F0904207D9B21807F1C5
:10035800FF3802D2904200F2E2804746121AA4B255
:10036800B2FBFEF00EFB102244EA02440CFB00FC38
:10037800A44507D9341900F1FF3202D2A44500F28E
:10038800CB801046A4EB0C0440EA0740A2E7C1F179
:1003980020068B4022FA06FC4CEA030C07FA01F40B
:1003A80020FA06F3F7404FEA1C49234300FA01F804
:1003B8001FFA8CFEB7FBF9F01C0C09FB107744EA16
:1003C800074400FB0EF7A74202FA01F20AD91CEB18
:1003D800040400F1FF3A80F09B80A74240F2988025
:1003E80002386444E41B9FB2B4FBF9F309FB1344DD
:1003F80047EA044403FB0EFEA64509D91CEB040496
:1004080003F1FF3780F08280A6457FD9023B644420
:1004180043EA0040A4EB0E04A0FB02E7BC4273468B
:10042800B94663D360D05DB1B8EB030264EB09044D
:1004380004FA06F622FA01F31E43CC40C5E900642B
:1004480000214CE76208480842EAC1710B0C43EAF4
:1004580000438AB242EA0342B3FBF6F1E407B4462A
:100468003746B6461F23B0FBF6F0D21B41EA0041DF
:1004780061E7614614E7104628E7C3F1200120FA36
:1004880001F29E4027FA01F19F403A434FEA164E87
:100498001FFA86FCB1FBFEF70EFB1710110C41EAA0
:1004A800004107FB0CF8884504FA03F43AD971189F
:1004B80007F1FF3001D288451FD8A1EB0801B1FB35
:1004C800FEF808FB0CF70EFB181192B242EA014243
:1004D800BA422FD2B21808F1FF31C6D2BA42C4D2FA
:1004E800A8F102013244C0E7F0459CD2BEEB0203FA
:1004F80067EB0C070138B94695E7A6EB08084144B5
:10050800B81EB1FBFEF808FB0CF7DCE73B467FE7BB
:10051800504667E70846FBE63444023832E7023FB4
:1005280032441BE7A1EB08013846B1FBFEF808FB93
:100538000CF7C8E7414698E7704700BF80B500AFA1
:1005480009F07EF800F016F800F03EFB00F00AFB18
:1005580000F05CF800F0DEF800F086F900F0B6FA7A
:1005680000F03CFA06F03AF8642009F0D9F806F0F1
:1005780043F8FCE780B594B000AF07F118033822C0
:10058800002118460FF0DEF93B1D00221A605A6060
:100598009A60DA601A6100200AF014FD0223BB6138
:1005A8004FF480737B624023BB6202237B63022388
:1005B800BB630423FB6355233B6402237B64022350
:1005C800BB640223FB6407F11803184609F0CAF854
:1005D8000346002B01D000F049FB0F237B60032367
:1005E800BB600023FB6000233B6100237B613B1D54
:1005F8000421184609F0C8FB0346002B01D000F07F
:1006080035FB00BF5037BD4680BD000080B592B0B5
:1006180000AF07F13C0300221A605A609A603B461B
:100628003C22002118460FF08DF9384B4FF0A042BC
:100638001A60364B4FF440325A60344B00229A60AD
:10064800324B0022DA60314B00221A612F4B002214
:100658005A612E4B04229A612C4B00221A772B4B9D
:1006680000225A77294B01221A62284B002283F86C
:100678002420264B002283F83820244B0022DA63FA
:10068800224B002283F84020204806F087FA0346D0
:10069800002B01D000F0EAFA0023FB6307F13C03CA
:1006A80019461A4808F0C4FE0346002B01D000F092
:1006B800DDFA174B3B6009237B600123BB607F2376
:1006C800FB6004233B6100237B6101233B62002321
:1006D80087F82430002387F82530002387F8263050
:1006E8008423BB628023FB62002387F830303B46BB
:1006F8001946064808F070F90346002B01D000F0AF
:10070800B5FA00BF4837BD4680BD00BFA002002033
:100718000002B02580B598B000AF07F14003202251
:10072800002118460FF00EF93B1D3C220021184607
:100738000FF008F9474B484A1A60464B4FF44032CD
:100748005A60444B00229A60424B0022DA60414BC7
:1007580000221A613F4B01225A613E4B04229A61E2
:100768003C4B00221A773B4B00225A77394B022226
:100778001A62384B002283F82420364B4FF4A862C3
:10078800DA62344B4FF480621A63324B012283F8E9
:100798003820304B0022DA632E4B002283F84020A9
:1007A8002C4806F0FBF90346002B01D000F05EFA56
:1007B8002A4B3B6406237B640323BB647F23FB64CF
:1007C80004233B6500237B6507F140031946214854
:1007D80006F0FCFE0346002B01D000F047FA204B40
:1007E8003B640C237B6407F140031946194806F063
:1007F800EDFE0346002B01D000F038FA194B7B6060
:100808000923BB600123FB607F233B6104237B61D9
:100818000023BB6101237B62002387F82830002373
:1008280087F82930002387F82A308423FB62802345
:100838003B63002387F834303B1D1946054808F010
:10084800CBF80346002B01D000F010FA00BF603748
:10085800BD4680BD0C030020000100500000524737
:100868000008302E0200300480B598B000AF07F1C0
:10087800540300221A605A609A6007F13803002274
:100888001A605A609A60DA601A615A619A613B1D6F
:100898003422002118460FF055F84E4B4E4A1A6084
:1008A8004C4B00225A604B4B20229A60494B41F234
:1008B8009A02DA60474B00221A61464B00225A61BD
:1008C800444B00229A6143480AF09DFD0346002BE1
:1008D80001D000F0CBF970237B654FF4E003BB65D2
:1008E8000023FB6507F1540319463A480CF016FA41
:1008F8000346002B01D000F0B9F96023BB63002345
:10090800FB6300233B6408237B640023BB64002350
:10091800FB6400233B6507F13803002219462D4884
:100928000BF068FA0346002B01D000F09FF907F19D
:1009380038030422194627480BF05CFA0346002BBB
:1009480001D000F093F907F138030822194621482D
:100958000BF050FA0346002B01D000F087F9002372
:100968007B6407F138030C2219461A480BF042FA47
:100978000346002B01D000F079F900237B600023A7
:10098800BB600023FB6080233B6100237B614FF445
:100998000053BB610023FB6100233B6200237B62A1
:1009A8004FF00073BB620023FB6200233B6300230C
:1009B8007B633B1D194607480CF046FA0346002B9B
:1009C80001D000F053F9034800F0E8FB00BF60379E
:1009D800BD4680BDD8030020002C014080B590B0F2
:1009E80000AF07F11C032422002118460EF0AAFFCD
:1009F80007F1100300221A605A609A603B460022F1
:100A08001A605A609A60DA602E4B2F4A1A602D4B92
:100A180000225A602B4B00229A602A4B4FF6FF7235
:100A2800DA60284B00221A61264B00229A61254879
:100A38000AF0EEFE0346002B01D000F017F903235D
:100A4800FB6100233B6201237B620023BB6200231E
:100A5800FB6200233B6301237B630023BB6300230A
:100A6800FB6307F11C03194616480AF028FF0346E2
:100A7800002B01D000F0FAF800233B610023BB6192
:100A880007F1100319460F480CF048F90346002BEC
:100A980001D000F0EBF800233B6001237B600023CA
:100AA800BB600023FB603B460822194605480BF053
:100AB80005F90346002B01D000F0D8F800BF4037F5
:100AC800BD4680BD240400200004004080B500AF6E
:100AD800224B234A1A60214B4FF461225A601F4B64
:100AE80000229A601D4B0022DA601C4B00221A611A
:100AF8001A4B0C225A61194B00229A61174B00229B
:100B0800DA61164B00221A62144B00225A62134B08
:100B180000229A6211480CF096FA0346002B01D085
:100B280000F0A4F800210D480DF055FD0346002BF8
:100B380001D000F09BF8002108480DF08AFD03461B
:100B4800002B01D000F092F804480DF00BFD03468D
:100B5800002B01D000F08AF800BF80BD700400208F
:100B6800004C004080B582B000AF164B9B6C154A14
:100B780043F004039364134B9B6C03F004037B6002
:100B88007B68104B9B6C0F4A43F0010393640D4B39
:100B98009B6C03F001033B603B68002200210B20A3
:100BA8000AF0E1FB0B200AF0F8FB002200210C20E0
:100BB8000AF0D9FB0C200AF0F0FB00BF0837BD464D
:100BC80080BD00BF0010024080B58AB000AF254B41
:100BD800DB6C244A43F02003D364224BDB6C03F024
:100BE80020033B613B691F4BDB6C1E4A43F0040347
:100BF800D3641C4BDB6C03F00403FB60FB68194BEC
:100C0800DB6C184A43F00103D364164BDB6C03F02A
:100C18000103BB60BB68134BDB6C124A43F0020351
:100C2800D364104BDB6C03F002037B607B6807F135
:100C3800140300221A605A609A60DA601A614FF44D
:100C480000737B610123BB610023FB6103233B62CB
:100C580007F114031946044809F000FD00BF2837BE
:100C6800BD4680BD001002400004004880B400AFBB
:100C780072B600BF00BFFDE780B483B000AF7860F4
:100C880039602B4A3B6813607B682A4A13607B688B
:100C9800002B1FD07B681B68274A13607B685B6842
:100CA800264A13607B689B68254A13607B68DB686B
:100CB800244A13607B681B69234A13607B685B695D
:100CC800224A13607B689B69214A13607B68DB6951
:100CD800204A1360204B9B6A204A13601E4BDB6A34
:100CE8001F4A13601C4B1B6B1E4A13601A4BDB6BAD
:100CF8001D4A1360184B5B6B1C4A1360164B9B6BA9
:100D08001B4A1360144B5B681A4A1360124B5B6AE8
:100D1800194A1360194B5B6C184A23F40043536457
:100D2800164B1B68154A23F00103136000BFFDE74B
:100D380084050020880500208C05002090050020EF
:100D480094050020980500209C050020A00500209F
:100D5800A4050020A805002000ED00E0640500209F
:100D6800680500206C05002070050020740500202F
:100D7800780500207C05002080050020002C01401B
:100D880080B400AF00BFFDE71EF0040F0CBFEFF307
:100D98000880EFF309807146FFF76EBF00BF80B48B
:100DA80000AF00BFFDE780B400AF00BFFDE780B42F
:100DB80000AF00BFFDE780B400AF00BFBD465DF8DF
:100DC800047B704780B400AF00BFBD465DF8047B6C
:100DD800704780B400AF00BFBD465DF8047B704724
:100DE80080B500AF08F07EFC00BF80BD80B500AFC5
:100DF800024809F098FF00BF80BD00BF78030020BB
:100E080080B500AF024809F08EFF00BF80BD00BF6B
:100E18000405002080B500AF034806F04FF90348E9
:100E280006F04CF900BF80BDA00200200C03002092
:100E380080B500AF02480AF0F2FD00BF80BD00BFD8
:100E48002404002080B500AF02480CF0CDF900BFA3
:100E580080BD00BF7004002080B582B000AF0F4B8A
:100E68001B6E0E4A43F0010313660C4B1B6E03F016
:100E780001037B607B68094B9B6D084A43F08053F4
:100E88009365064B9B6D03F080533B603B680AF00B
:100E98003DF900BF0837BD4680BD00BF00100240C5
:100EA80080B5A2B000AF786007F1740300221A6021
:100EB8005A609A60DA601A6107F12003542200210F
:100EC80018460EF03FFD7B681B68B3F1A04F45D173
:100ED8004FF400433B624FF000537B6607F1200359
:100EE800184609F06DF90346002B01D0FFF7BEFE46
:100EF800644B1B680133634A1360624B1B68012B08
:100F08000BD1614BDB6C604A43F40053D3645E4BF6
:100F1800DB6C03F40053FB61FB695B4BDB6C5A4AE7
:100F280043F00403D364584BDB6C03F00403BB6148
:100F3800BB6908237B670323BB670023FB6707F1B3
:100F480074031946514809F089FB00220021122038
:100F58000AF009FA12200AF020FA8EE07B681B6872
:100F68004B4A934240F089804FF400433B624FF074
:100F780000537B6607F12003184609F021F9034660
:100F8800002B01D0FFF772FE3E4B1B6801333D4A30
:100F980013603C4B1B68012B0BD13B4BDB6C3A4A73
:100FA80043F40053D364384BDB6C03F400537B6188
:100FB8007B69354BDB6C344A43F00103D364324B15
:100FC800DB6C03F001033B613B692F4BDB6C2E4A62
:100FD80043F00403D3642C4BDB6C03F00403FB6085
:100FE800FB6811237B670323BB670023FB6707F1BB
:100FF800740319464FF0904009F030FB20237B67BB
:101008000323BB670023FB6707F1740319461F48D6
:1010180009F024FB1F4B204A1A601E4B24225A60F9
:101028001C4B00229A601B4B0022DA60194B80226D
:101038001A61184B4FF480725A61164B4FF4806254
:101048009A61144B2022DA61124B00221A6211486D
:1010580009F086FC0346002B01D0FFF707FE7B68EA
:101068000C4A5A650B4A7B689362002200211220C1
:101078000AF079F912200AF090F900BF8837BD46C6
:1010880080BD00BFAC0500200010024000080048E9
:1010980000010050780300200800024080B485B0A9
:1010A80000AF78607B681B680A4A93420BD10A4BF1
:1010B8001B6E094A43F400631366074B1B6E03F467
:1010C8000063FB60FB6800BF1437BD465DF8047B16
:1010D800704700BF002C01400010024080B58AB064
:1010E80000AF786007F1140300221A605A609A6012
:1010F800DA601A617B681B68254A934243D1254B05
:101108009B6D244A43F002039365224B9B6D03F0C9
:1011180002033B613B691F4BDB6C1E4A43F004032F
:10112800D3641C4BDB6C03F00403FB60FB684FF4D7
:10113800E0737B610223BB610023FB6100233B62F8
:1011480002237B6207F114031946134809F086FA53
:10115800002200211D200AF006F91D200AF01DF9C1
:101168007B681B68DA687B681B6822F01F02DA60FC
:101178007B681B686FF01F021A611D200AF035F9A1
:101188001D200AF018F900BF2837BD4680BD00BFF2
:1011980000040040001002400008004880B58AB0F2
:1011A80000AF786007F1140300221A605A609A6051
:1011B800DA601A617B681B68284A934249D1284B38
:1011C800DB6C274A43F00403D364254BDB6C03F044
:1011D80004033B613B69224BDB6C214A43F0020369
:1011E800D3641F4BDB6C03F00203FB60FB6807232F
:1011F8007B610223BB610023FB6100233B62022366
:101208007B6207F114031946164809F027FA4FF4D0
:10121800C0437B610223BB610023FB6100233B6267
:1012280006237B6207F1140319460F4809F016FAE2
:101238004FF400437B610223BB610023FB61002361
:101248003B6204237B6207F114031946064809F040
:1012580005FA00BF2837BD4680BD00BF002C0140FD
:1012680000100240000800480004004880B59EB005
:1012780000AF786007F1640300221A605A609A6030
:10128800DA601A6107F110035422002118460EF0A3
:1012980059FB7B681B68374A934267D108233B6137
:1012A80000233B6207F11003184608F089FF034644
:1012B800002B01D0FFF7DAFC2F4B9B6D2E4A43F42D
:1012C800002393652C4B9B6D03F40023FB60FB68A4
:1012D800294BDB6C284A43F00403D364264BDB6CB0
:1012E80003F00403BB60BB684FF440637B660223D2
:1012F800BB660023FB6600233B6705237B6707F17A
:10130800640319461D4809F0A9F91D4B1D4A1A60C6
:101318001B4B1F225A601A4B10229A60184B00224E
:10132800DA60174B80221A61154B00225A61144B60
:1013380000229A61124B0022DA61114B00221A62D4
:101348000F4809F00DFB0346002B01D0FFF78EFC78
:101358007B680B4ADA670A4A7B689362002200219D
:1013680034200AF000F834200AF017F800BF783764
:10137800BD4680BD004C00400010024000080048F7
:10138800040500201C00024080B586B000AF7860DC
:10139800144A154BD31A7B617B693B61134B1B685D
:1013A800002B02D1114B124A1A60104B1A687B6845
:1013B80013443A699A4207D20EF020FB03460C22E6
:1013C8001A604FF0FF3309E0084B1B68FB60074BBE
:1013D8001A687B681344054A1360FB681846183777
:1013E800BD4680BD0000022000040000B0050020BA
:1013F800E007002080B400AF01231846BD465DF821
:10140800047B704780B582B000AF786039600EF019
:10141800F5FA034616221A604FF0FF3318460837CC
:10142800BD4680BD80B582B000AF78604FF0FF3117
:101438007868FFF7E7FF00BFFDE700000D48854625
:1014480005F034F90C480D490D4A002302E0D45840
:10145800C4500433C4188C42F9D30A4A0A4C0023F6
:1014680001E013600432A242FBD30EF0CDFAFFF77D
:1014780065F8FEE70000022000000020840200203A
:10148800C0FE000884020020E0070020FEE70000FC
:1014980080B582B000AF78600B467B807B88002BDC
:1014A80010D00B4BD3F88830202B14BF0123002316
:1014B800DBB2002B08D17B881A46796804480BF008
:1014C80013FE02E000BF00E000BF0837BD4680BD44
:1014D8007004002080B483B000AF78607A68137815
:1014E80023F0010313707A68137823F00203137052
:1014F8007A68137823F0040313707A68137823F05A
:10150800080313707B6818460C37BD465DF8047BEA
:10151800704780B400AF62B600BFBD465DF8047B7B
:10152800704780B400AF72B600BFBD465DF8047B5B
:101538007047000080B487B000AF87ED030AC7ED9D
:10154800020A87ED011A3F4B1B68DB6A7B61D7ED06
:10155800037AB7EE007AF4EEC77AF1EE10FA03DDFB
:101568004FF07E53FB6009E0D7ED037AF5EEC07AC1
:10157800F1EE10FA02D54FF00003FB60D7ED027AC6
:10158800B7EE007AF4EEC77AF1EE10FA03DD4FF009
:101598007E53BB6009E0D7ED027AF5EEC07AF1EE32
:1015A80010FA02D54FF00003BB60D7ED017AB7EE11
:1015B800007AF4EEC77AF1EE10FA03DD4FF07E53AD
:1015C8007B6009E0D7ED017AF5EEC07AF1EE10FA0A
:1015D80002D54FF000037B607B6907EE903AB8EEC6
:1015E800677AD7ED037A67EE277A164B1B68FCEE0D
:1015F800E77A17EE902A5A637B6907EE903AB8EEBD
:10160800677AD7ED027A67EE277A0E4B1B68FCEEF5
:10161800E77A17EE902A9A637B6907EE903AB8EE5C
:10162800677AD7ED017A67EE277A064B1B68FCEEDE
:10163800E77A17EE902ADA6300BF1C37BD465DF8DB
:10164800047B7047D803002080B500AF0021104804
:1016580009F030FF04210E4809F02CFF08210C483E
:1016680009F028FF00210A480BF038FA042108483D
:101678000BF034FA082106480BF030FA044B1B68CB
:101688005A6C034B1B6842F400425A6400BF80BD89
:10169800D803002080B500AF1D4B1B681A6A41F2C1
:1016A80011131340002B0CBF01230023DBB2002BC6
:1016B80014D0174B1B681A6A44F244431340002B9A
:1016C8000CBF01230023DBB2002B07D0104B1B6893
:1016D8005A6C0F4B1B6822F400425A6400210C48D4
:1016E80009F0FAFF04210A4809F0F6FF0821084822
:1016F80009F0F2FF002106480BF0B2FA0421044871
:101708000BF0AEFA082102480BF0AAFA00BF80BD20
:10171800D803002080B500AFFFF7BCFF00BF80BD35
:1017280080B500AF1C4B1B685B6C03F40043002BB7
:101738000CBF01230023DBB2002B1FD00021164869
:1017480009F0B8FE0421144809F0B4FE0821124833
:1017580009F0B0FE002110480BF0C0F904210E4832
:101768000BF0BCF908210C480BF0B8F90A4B1B68C0
:101778005A6C094B1B6842F400425A64064B1B68BA
:1017880000225A63044B1B6800229A63024B1B68B1
:101798000022DA6300BF80BDD803002080B400AF08
:1017A8000C4B1B685B6C03F40043002B0CBF01233C
:1017B8000023DBB2002B07D0064B1B685A6C054B85
:1017C8001B6842F400425A6400BFBD465DF8047BC2
:1017D800704700BFD803002080B584B000AFF86020
:1017E800B9607A603B6009210C4807F095F8034618
:1017F8009AB2FB681A800921094807F08DF8034658
:101808009AB2BB681A807B6800221A803B68002263
:101818001A8000BF1037BD4680BD00BFA00200205F
:101828000C03002080B400AF034B1B889BB2184602
:10183800BD465DF8047B7047B405002080B483B0D2
:1018480000AF0346FB71FB790133054A32F81330C8
:101858009BB218460C37BD465DF8047B704700BF45
:10186800B405002080B400AF024B1846BD465DF8B1
:10187800047B70470000002080B500AF7F21184826
:1018880006F012FE7F21174806F00EFE164B1B6865
:10189800DA6A154B1B680A3A1A640222134911487E
:1018A80005F038FB0346002B14BF01230023DBB2ED
:1018B800002B01D0FFF7DAF9094806F027FF09489D
:1018C80006F054FE0C21084809F0F4FD064B1B688D
:1018D8001A68054B1B6842F001021A6000BF80BD00
:1018E800A00200200C030020D8030020B40500202B
:1018F80080B582B000AF78607B681F331846FFF769
:10190800E9FD7B6818460837BD4680BD80B5A6B09E
:1019180000AF78607B681B68B3F1A04F3ED1214BC4
:101928004FF400729A61002000F09AFC1D4B4FF0B2
:1019380000729A611C4B1B780133DAB21A4B1A7089
:10194800194B1B78132B8CBF01230023DBB2002B10
:1019580024D0154B00221A7007F108031846FFF728
:10196800C7FF07F108031946104800F079FB104B30
:101978001B685B6A1A460F4B1A600E4B1B6807EE12
:10198800903AF8EEE77AC7ED247A7B6CC7F8943082
:1019980007F190030221184604F008FC00BF9837AD
:1019A800BD4680BD00040048BE0500204C0600204E
:1019B80024040020CC05002080B582B000AF7860F8
:1019C8007B68002B13D07B681B68DA687B681B6810
:1019D80022F01F02DA607B681B686FF01F021A6131
:1019E8001D2009F002FD1D2009F0E5FC00E000BF04
:1019F8000837BD4680BD000080B582B000AF786072
:101A0800304B4FF4FA721A607B68002B03D07B6866
:101A18001B68002B01D1012350E02A4B40F2F5123C
:101A28001A60284B4FF402721A607B681B681A68A8
:101A38007B681B6822F001021A60224B40F20922DF
:101A48001A607B681B68DA687B681B6822F01F02D3
:101A5800DA607B681B686FF01F021A611D2009F0AD
:101A6800C4FC184B40F212221A607B681B681A6A81
:101A78007B681B6822F011021A62124B40F2132293
:101A88001A607B681B681A6A7B681B6842F011023F
:101A98001A620C4B4FF405721A600A4B4FF4077226
:101AA8001A607B681B681A687B681B6842F0010231
:101AB8001A60044B40F21D221A60002318460837AA
:101AC800BD4680BDD005002080B483B000AF7860EB
:101AD8007B68002B2ED07B681B68002B2AD07B6884
:101AE8001B681A6A7B681B6822F011021A627B68FD
:101AF8001B681A6A41F211131340002B0CBF012313
:101B08000023DBB2002B16D07B681B681A6A44F2EC
:101B180044431340002B0CBF01230023DBB2002BEE
:101B280009D07B681B681A687B681B6822F0010271
:101B38001A6000E000BF0C37BD465DF8047B7047B3
:101B480080B586B000AF78603F4B0A221A607B6888
:101B58007B617B69002B73D07B6918462C231A465E
:101B680000210DF0EFFE384B14221A607B69374ACA
:101B78001A607B6900225A607B694FF0FF329A60D5
:101B88007B694FF0FF32DA607B699B68304A1360EB
:101B98007B69DB682F4A13602F4B00221A602F4B9A
:101BA80000221A602E4B00221A602E4B00221A6067
:101BB8007B691B683B61244B1E221A603B691B68CA
:101BC8005B6A1A46274B1A601F4B28221A6038692D
:101BD800FFF7F2FE1C4B32221A603869FFF70CFF40
:101BE8000346FB73184B33221A60FA7B7B699A60B1
:101BF8007B699B68164A1360FB7B002B06D038690B
:101C0800FFF762FF7B6900221A601AE00E4B46223A
:101C18001A607B696FF00102DA607B69DB680D4A44
:101C28001360786900F020F802467B69DA6107F0F2
:101C38006BFD02467B699A62034B5A221A6000E0E8
:101C480000BF1837BD4680BDD00500202404002001
:101C58003000002034000020C0050020C40500200A
:101C6800C8050020CC05002080B487B000AF78609C
:101C78007B687B617B69002B03D07B691B68002B29
:101C880001D100230AE07B691B683B613B691B6843
:101C98005B6AFB60044AFB681360FB6818461C37E4
:101CA800BD465DF8047B7047CC05002080B582B046
:101CB80000AF78607B68012283F868207B68002287
:101CC80083F869207B683422002118460DF03AFE1B
:101CD8007B6834333422002118460DF033FE7B68CC
:101CE80018460837BD4680BD80B586B000AFF8609D
:101CF800B9601346FB71FB79002B02D0FB790C2BE2
:101D080001D900232EE0FB6893F86930002B01D03D
:101D1800002327E0FB6893F86830002B01D0FB68AC
:101D280001E0FB6834337B61FB799BB29B007B82CB
:101D38007B8A1A46B96878690DF08CFE7B8A7A69C5
:101D480013440A4A10681860FB6893F8683083F0F7
:101D58000103DAB2FB6883F86820FB68012283F884
:101D68006920012318461837BD4680BD90FA00083F
:101D780080B483B000AF78607B6893F8693083F0F3
:101D88000103DBB2002B01D000230CE07B680022AA
:101D980083F869207B6893F86830002B02D07B6851
:101DA800343300E07B6818460C37BD465DF8047B89
:101DB800704780B483B000AF78600B46FB70FB7847
:101DC80001339BB29B009BB218460C37BD465DF8A9
:101DD800047B704780B59EB000AF0346FB710A4A8A
:101DE800FB79137007F10C031846FFF75FFF074BE9
:101DF800184607F10C036A2219460DF02BFE00BFA6
:101E08007837BD4680BD00BF3E060020D4050020BF
:101E180080B584B000AF78600B46FB70194B1B6827
:101E2800002B24D0184B1B78002B22D1FB781A46A4
:101E380079681648FFF758FF034683F00103DBB2C1
:101E4800002B18D11148FFF793FFF860FB68002BAF
:101E580013D0FB7819460D48FFF7ABFF03467B818B
:101E6800084B1B687A891146F868984706E000BF56
:101E780004E000BF02E000BF00E000BF1037BD462D
:101E880080BD00BF400600203E060020D40500208B
:101E980080B500AF0248FFF709FF00BF80BD00BF53
:101EA800D405002080B500AFFFF7F2FF80BD000029
:101EB80080B483B000AF87ED010AD7ED017AF0EE68
:101EC800E77A9FED0C7AF4EE477AF1EE10FA8CBFC0
:101ED80001230023DBB283F00103DBB2002B14BF24
:101EE80001230023DBB218460C37BD465DF8047B9E
:101EF800704700BFFFFF7F7F80B483B000AF78607A
:101F08007B681B7818460C37BD465DF8047B704724
:101F180080B483B000AF78607B685B7818460C3774
:101F2800BD465DF8047B704780B485B000AF78602B
:101F38007B684FF0FF321A607B6800221A71002319
:101F4800FB600CE00B4AFB6852F82330002B03D1EE
:101F58007B68FA681A6005E0FB680133FB60FB6880
:101F6800012BEFDD7B6818461437BD465DF8047B0E
:101F7800704700BF4406002090B583B000AF78607A
:101F880039607B681B68002B01DA02231DE03B687F
:101F98001B68002B01D1042317E04FF479700CF073
:101FA800E5FB03461C463968204601F0AFFB7B6819
:101FB8001B68084A42F823407B681B68054A52F8A8
:101FC8002330184601F056FC002318460C37BD464E
:101FD80090BD00BF4406002080B582B000AF786095
:101FE8000B46FB707B681B68002B06DB7B681B6855
:101FF8000A4A52F82330002B01D102230AE07B68F9
:102008001B68064A52F82330FA781146184601F040
:102018002DFE002318460837BD4680BD4406002023
:1020280080B582B000AF78607B681B68002B06DB48
:102038007B681B68094A52F82330002B01D1022320
:1020480008E07B681B68054A52F82330184601F0FF
:10205800A8FE002318460837BD4680BD4406002068
:1020680080B584B000AF786039607B681B68002B4E
:1020780006DB7B681B68104A52F82330002B0FD10F
:1020880007F10C031846FFF725FA3B681846882322
:102098001A4600210DF056FC3B683A7BDA7708E0D7
:1020A8007B681B68044A52F823303968184602F0E6
:1020B80021F91037BD4680BD4406002080B584B0A4
:1020C80000AF786039607B681B79002B01D003234F
:1020D80031E07B681B68002B06DB7B681B68184AAD
:1020E80052F82330002B01D1022324E03B681B68FF
:1020F800002B04D03B681B79DBB2002B01D10123F4
:1021080000E00023002B01D0042314E004217868A8
:1021180000F036F80346FB73FB7B002B01D0FB7BFA
:1021280009E07B681B68064A52F82330396818466C
:1021380001F060FE002318461037BD4680BD00BF81
:102148004406002080B483B000AF0346FB71FB79DE
:10215800012B0BD0FB79022B08D0FB79032B05D080
:10216800FB79042B02D0FB79052B01D1012300E078
:10217800002318460C37BD465DF8047B7047000005
:1021880080B584B000AF78600B46FB707B681B6835
:10219800324A52F82330002B01D102235AE07B68DF
:1021A8001B682E4A52F823301846FFF7B1FE034643
:1021B800FB737B681B68294A52F823301846FFF7DF
:1021C8009BFE0346BB73BB7B022B04D0BB7B032B5C
:1021D80001D003233EE0FB7B1846FFF7B3FF03461D
:1021E8007B73FB781846FFF7ADFF03463B737B7B99
:1021F80083F00103DBB2002B11D03B7B83F001039A
:10220800DBB2002B0BD07B681B68144A52F82330D2
:10221800FA781146184601F000FD00231AE07B7B8E
:10222800002B07D03B7B83F00103DBB2002B01D0EE
:1022380003230FE03B7B002B0BD07B681B68074A0E
:1022480052F82330FA781146184601F0E6FC0023CC
:1022580000E0012318461037BD4680BD4406002023
:1022680080B584B000AF78607B68002B0DDB7B689D
:10227800012B0ADC074A7B6852F82330FB60FB68B5
:10228800002B02D0F86802F023F900BF1037BD46D2
:1022980080BD00BF4406002080B483B000AF7860E2
:1022A8007B684FF000029A607B684FF000021A6169
:1022B8007B6801225A7500BF0C37BD465DF8047B68
:1022C800704780B483B000AF78607B689B7818460D
:1022D8000C37BD465DF8047B704780B483B000AF0F
:1022E80078607B68DB8818460C37BD465DF8047B50
:1022F800704780B483B000AF78607B681B7918465C
:102308000C37BD465DF8047B704780B483B000AFDE
:1023180078600B46FB707B68FA781A7100BF0C373F
:10232800BD465DF8047B704780B582B000AF786029
:102338007868FFF7D2FF0346002B14BF0123002360
:10234800DBB2002B1ED07868FFF7D6FD0346042BBE
:102358000DD07868FFF7D0FD0346002B07D07868CA
:10236800FFF7CAFD0346012B01D0012300E000233B
:10237800002B07D07B689B6E9B6898470421786880
:1023880001F03CFC7868FFF7B7FD0346042B21D821
:1023980001A252F823F000BFB5230008BD230008AE
:1023A800C5230008CD230008D5230008786800F06D
:1023B80019F813E0786800F025F80FE0786800F065
:1023C80035F80BE0786800F0D3F807E0786800F09B
:1023D800C7F903E0786800F005F800BF00BF0837C8
:1023E800BD4680BD80B582B000AF78607B680022B2
:1023F800A3F830220121786801F000FC00BF0837FB
:10240800BD4680BD80B582B000AF78607B68B3F808
:1024180030227B68B3F898309A4203D30221786857
:1024280001F0ECFB00BF0837BD4680BD80B584B025
:1024380000AF78607B68DB7883F00103DBB2002BA8
:1024480040F08F807868FFF73CFF0346FB73FB7B07
:10245800012B08D0FB7B022B05D0FB7B032B02D082
:10246800FB7B042B01D1012300E00023BB73FB7B22
:10247800082B05D0FB7B072B02D0FB7B092B01D156
:10248800012300E000237B73FB7B052B0CBF01239A
:1024980000233B737B7B002B05D1BB7B002B02D138
:1024A8003B7B002B60D07B7B002B0AD0786803F045
:1024B80083FC034683F00103DBB2002B01D0012328
:1024C80000E00023002B4ED17B689B6E5B68984729
:1024D8000321786801F092FB7B680022C3F8F022A0
:1024E8007B6803F573731846FFF7D6FEBB7B002B9A
:1024F80004D001217868FFF708FF35E07B6893F87E
:102508007131FB72FB7A022B21D0FB7A022B23D884
:10251800FB7A002B16D0FB7A012B1DD17B6893F830
:102528007031022B08D07B6893F87031002B01D1F1
:10253800052302E0022300E0062319467868FFF726
:10254800E4FE11E005217868FFF7DFFE0CE00621C4
:102558007868FFF7DAFE07E002217868FFF7D5FE12
:1025680002E000BF00E000BF1037BD4680BD00009C
:1025780080B588B000AF78607B68DB7883F00103B2
:10258800DBB2002B05D17868FFF79BFE0346002BD2
:1025980001D1012300E00023002B20D07B685B7A67
:1025A800012B02D0022B05D009E07B689B6E1B69CA
:1025B800984709E07B689B6E5B69984704E07B68F5
:1025C8009B6EDB68984700BF7B6800225A707B6867
:1025D80000221A710221786801F010FBBCE07B68C8
:1025E80003F5B873FB617868FFF783FE0346013B88
:1025F800072B00F2A88001A252F823F04F27000809
:10260800252600086B260008BF2600084F2700086B
:10261800FD2600084F2700084F270008FB6993EDA7
:10262800027A7B68D3ED6F7A67EE277AFCEEE77A59
:1026380017EE903ABB607B68D3F8F032BA689A42DA
:1026480080F083807B6803F573731846FFF724FED8
:1026580003217868FFF759FE7B680022C3F8F0224F
:1026680073E0786801F035FEF0EE407AF0EEE77A34
:10267800C7ED047AFB6993ED0F7AFB69D3ED107A05
:1026880077EE277AC7ED037A97ED047AD7ED037AC8
:10269800B4EEE77AF1EE10FA00DC58E07B681B7ABA
:1026A80003F00103DBB2002B51D04FF400717868BE
:1026B80003F053FB4BE07B681B7A03F00103DBB2AA
:1026C800002B46D1FB691B78022B04D106217868C0
:1026D800FFF71BFE3DE0FB691B78002B04D10521A9
:1026E8007868FFF712FE34E04FF48051786803F001
:1026F80034FB2EE0786801F0ECFDF0EE407AF0EE65
:10270800E77AC7ED067AFB6993ED0F7AFB69D3ED9B
:10271800107A77EE277AC7ED057A97ED067AD7ED26
:10272800057AB4EEE77AF1EE10FA00DC13E07B6884
:102738001B7A03F00103DBB2002B0CD0042178686C
:10274800FFF7E3FD07E000BF06E000BF04E000BFBD
:1027580002E000BF00E000BF2037BD4680BD00BFDB
:1027680080B483B000AF786000BF0C37BD465DF819
:10277800047B704780B582B000AF87ED010AC7EDD2
:10278800000AD7ED000A97ED010A0CF0B1F8F0EE57
:10279800407AB0EE670A0837BD4680BD80B582B082
:1027A80000AF87ED010AC7ED000AD7ED000A97EDE3
:1027B800010A0CF0C5F8F0EE407AB0EE670A083767
:1027C800BD4680BD80B582B000AF786039603B6897
:1027D8001A687B681A603B685A687B685A603B686D
:1027E8009A687B689A603B68DA687B68DA60786820
:1027F80000F004F800BF0837BD4680BD80B483B040
:1028080000AF78607B684FF000029A617B689A6934
:102818007B685A617B685A697B681A6100BF0C370C
:10282800BD465DF8047B704780B588B000AFF8609E
:1028380087ED020AC7ED010AFB68D3ED007A97ED30
:10284800027A67EE277AC7ED067AFB6893ED047A79
:10285800FB68D3ED016AD7ED027A66EEA76AD7ED79
:10286800017A66EEA77A77EE277AFB68C3ED047AD9
:10287800FB68D3ED037AF5EEC07AF1EE10FA1ADDB3
:10288800FB68D3ED037AF1EE677AC7ED047AFB684B
:1028980003F10C02FB6810331946104603F08CFB59
:1028A800024607F110031146184603F09EFB034643
:1028B8001A68FB681A614FF00003FB61D7ED017AD3
:1028C8009FED3E7AF4EEC77AF1EE10FA11DDFB685F
:1028D80093ED027AFB68D3ED057AD7ED026A76EEBE
:1028E800E77A67EE276A97ED017AC6EE877AC7ED31
:1028F800077AFB6893ED047AD7ED067A37EE277AE4
:10290800D7ED077A77EE277AFB68C3ED067AFB687E
:10291800D3ED037AF5EEC07AF1EE10FA42DD97EDC9
:10292800067AD7ED077A77EE277AC7ED057AFB683E
:1029380093ED067AFB68D3ED037AB4EEE77AF1EE0D
:1029480010FA0EDDFB6893ED037AD7ED057A77EE82
:10295800677AFB68C3ED047AFB68DA68FB689A61FA
:1029680020E0FB6893ED067AFB68D3ED037AF1EE7D
:10297800677AB4EEE77AF1EE10FA13D5FB68D3ED77
:10298800037AB1EE677AD7ED057A77EE677AFB6856
:10299800C3ED047AFB68D3ED037AF1EE677AFB683E
:1029A800C3ED067AFB68BA685A61FB689B6907EE53
:1029B800903AB0EE670A2037BD4680BD5F70893017
:1029C80080B582B000AF786039607A683B6803F5FB
:1029D800AC7319461046FFF7F5FE7B6803F11C023D
:1029E8003B6803F5B67319461046FFF7EBFE7B68A4
:1029F80003F138023B6803F5C07319461046FFF728
:102A0800E1FE7B6803F154023B6803F5CA7319467B
:102A18001046FFF7D7FE00BF0837BD4680BD80B51A
:102A280082B000AF78607B681846FFF7E7FE7B68E6
:102A38001C331846FFF7E2FE7B6838331846FFF769
:102A4800DDFE7B6854331846FFF7D8FE00BF083711
:102A5800BD4680BD80B483B000AF786087ED000AC2
:102A68007B683A681A607B68074A5A607B684FF04F
:102A780000029A607B6800221A737B6818460C373C
:102A8800BD465DF8047B704717B7513880B483B0F2
:102A980000AF786087ED000A7B683A681A6000BF6B
:102AA8000C37BD465DF8047B704780B483B000AF37
:102AB800786087ED000AD7ED007AF5EEC07AF1EE7E
:102AC80010FA00DC02E07B683A685A6000BF0C37F5
:102AD800BD465DF8047B704780B485B000AF786070
:102AE80087ED000A7B681B7B83F00103DBB2002BB8
:102AF80007D07B683A689A607B6801221A733B6842
:102B080044E07B68D3ED007AF5EEC07AF1EE10FA76
:102B18000DDD7B68D3ED016A7B6893ED007A7B68F5
:102B2800D3ED017A37EE277AC6EE877A01E0F7EE21
:102B3800007AC7ED037AD7ED037AB7EE007AF4EEA0
:102B4800C77AF1EE10FA02DD4FF07E53FB60D7ED45
:102B5800037AF5EEC07AF1EE10FA02D54FF00003D1
:102B6800FB607B6893ED027A7B68D3ED027AD7ED40
:102B7800006A76EEE76AD7ED037A66EEA77A77EE13
:102B8800277A7B68C3ED027A7B689B6807EE903AE8
:102B9800B0EE670A1437BD465DF8047B704780B411
:102BA80083B000AF786087ED000A7B683A689A6066
:102BB8007B6800221A7300BF0C37BD465DF8047BA2
:102BC800704780B485B000AFF860B9601346FB71F8
:102BD800FB68BA681A60FB68FA791A7100BF143783
:102BE800BD465DF8047B704780B58AB000AFF860D9
:102BF800B9607A603B60FB681B68002B17D0FB68E4
:102C08001B685B68002B12D0FB681B681B68002BD5
:102C18000DD0FB681B685B68FA681268D2691046B9
:102C28009847034683F00103DBB2002B01D0012350
:102C380000E00023002B01D0002385E0FB681B681F
:102C48001B68FA681268D2691046984787ED060A29
:102C58004FF000037B6200233B62FB681B689B68A4
:102C6800002B09D0FB681B689B68FA681268D26958
:102C78001046984787ED090AFB681B68DB68002B3C
:102C880008D0FB681B68DB68FA681268D2691046CE
:102C980098473862FB681B6893F82030FB7597F9F2
:102CA800173007EE903AF8EEE77A97ED097A67EE73
:102CB800277AC7ED097AFB681B7907EE903AB8EED8
:102CC800E77AD7ED067A27EE277A97F9173007EED5
:102CD800903AF8EEE77A27EE277AFB681B68D3ED7F
:102CE8000A7A77EE277AC7ED077A07E0D7ED077AF1
:102CF8009FED177A77EEC77AC7ED077AD7ED077A8F
:102D08009FED137AF4EEC77AF1EE10FAEEDA07E0E7
:102D1800D7ED077A9FED0E7A77EE877AC7ED077AB7
:102D2800D7ED077AF5EEC07AF1EE10FAF0D4BB6869
:102D3800FA691A607B687A6A1A603B68BA691A602D
:102D48003B6B3A6A1A60012318462837BD4680BD96
:102D5800DB0FC94080B584B000AFF86087ED020A88
:102D68000B46FB71FB68BA681A60FB79002B01D02F
:102D7800FA7900E00122FB681A75F868FFF78CFA07
:102D880000BF1037BD4680BD80B485B000AFF86085
:102D980087ED020AC7ED010AFB68BA685A60FB684A
:102DA8005B7D002B1FD0FB684FF000029A60FB6828
:102DB8004FF00002DA60D7ED017A9FED0E7AF4EE5B
:102DC800C77AF1EE10FA0BDDFB68D3ED017AF0EE6D
:102DD800E76A97ED017AC6EE877AFB68C3ED037A56
:102DE800FB6800225A7500BF1437BD465DF8047BA6
:102DF800704700BF6F12833A80B487B000AF786025
:102E080087ED000A7B68D3ED037AF5EEC07AF1EE20
:102E180010FA39DD7B6893ED017A7B68D3ED027A8D
:102E280077EE677AC7ED057A7B68D3ED037A97ED7D
:102E3800007A67EE277AC7ED047AD7ED057AF0EEC7
:102E4800E77A97ED047AB4EEE77AF1EE10FA04DD4A
:102E58007B685A687B689A601AE07B6893ED027A0F
:102E6800D7ED057AF5EEC07AF1EE10FA02DDD7ED6E
:102E7800047A03E0D7ED047AF1EE677A77EE877A81
:102E88007B68C3ED027A03E07B685A687B689A60C6
:102E98007B68D3ED027A9FED277A27EE877AF3EEE7
:102EA8000E6AC7EE267AC7ED037A7B6893ED047A3B
:102EB8007B681B7D07EE903AF8EE676AD7ED037AD8
:102EC80066EEA76AD7ED007A66EEA77A77EE277ADC
:102ED8007B68C3ED047A09E07B68D3ED047A9FED43
:102EE800167A77EEC77A7B68C3ED047A7B68D3EDF0
:102EF800047A9FED117AF4EEC77AF1EE10FAEBDC62
:102F080009E07B68D3ED047A9FED0B7A77EE877A38
:102F18007B68C3ED047A7B68D3ED047AF5EEC07A5A
:102F2800F1EE10FAEDD400BF00BF1C37BD465DF8C6
:102F3800047B7047DB0F4940DB0FC94080B483B086
:102F480000AF78607B681B6907EE903AB0EE670ABD
:102F58000C37BD465DF8047B704780B483B000AF82
:102F680078607B689B6807EE903AB0EE670A0C378A
:102F7800BD465DF8047B704780B483B000AF03465C
:102F8800FB71FB79052B1BD801A252F823F000BF77
:102F9800B12F0008B52F0008B92F0008BD2F000871
:102FA800C12F0008C52F000801230AE0002308E00C
:102FB800002306E0002304E0002302E0002300E0F1
:102FC800002318460C37BD465DF8047B704700BFE8
:102FD80080B483B000AF0346FB71FB79013B042B3F
:102FE80016D801A252F823F005300008093000086D
:102FF8000D3000081130000815300008002308E0E3
:10300800002306E0002304E0002302E0002300E0A0
:10301800002318460C37BD465DF8047B704700BF97
:1030280080B582B000AF78607B6893F809311846A4
:10303800FFF7A2FF034683F00103DBB2002B02D0A7
:103048004FF400734CE17B6893F80831002B0AD1E8
:103058000020FFF791FF034683F00103DBB2002B4A
:1030680001D0012300E00023002B02D04FF40073AD
:1030780036E17B6893F80831022B0AD10220FFF76A
:103088007BFF034683F00103DBB2002B01D0012351
:1030980000E00023002B02D04FF4007320E17B688E
:1030A80093F8F430002B07D07B68D3ED3E7AF5EE29
:1030B800C07AF1EE10FA0CD97B6893F8E830002B4F
:1030C80009D07B68D3ED3C7AF5EEC07AF1EE10FAC0
:1030D80001D8802304E17B6893F8E030002B0DD001
:1030E8007B68D3F8E430184600F0FEF8034683F016
:1030F8000103DBB2002B01D0012300E00023002BE9
:1031080002D04FF48073EBE07B6893F8E830002B33
:103118000DD07B68D3F8EC30184600F0E5F803468C
:1031280083F00103DBB2002B01D0012300E0002370
:10313800002B02D04FF48073D2E07B6893F8FE3006
:10314800002B17D07B6893F8E03083F00103DBB2E3
:10315800002B0CD17B68D3ED407AF5EEC07AF1EE06
:1031680010FA04D97B68B3F80431002B02D14FF46C
:103178008073B5E07B6893F82D31002B25D07B68F0
:1031880093F82E31002B0CD07B68D3ED4C7AF5EEFA
:10319800C07AF1EE10FA04D97B68B3F83431002B09
:1031A80001D180239CE07B6893F82E311846FFF705
:1031B8000FFF034683F00103DBB2002B02D04FF46C
:1031C80000738DE04FF400738AE07B6893F809314F
:1031D800052B00F28480022B7ED2002B02D0012B1B
:1031E8002AD07CE07B68D3F8DC30184600F07CF805
:1031F800034683F00103DBB2002B04D17B6893F80C
:103208000831002B01D0012300E00023002B02D05D
:103218004FF4807364E07B68B3F8FC30002B01D175
:1032280080235DE07B6893F82C31002B02D04FF4AB
:10323800007355E0002353E07B68D3ED527AF5EE36
:10324800C07AF1EE10FA2FD47B6893ED517A7B683F
:10325800D3ED527AB4EEE77AF1EE10FA24D97B680E
:10326800D3ED447AF5EEC07AF1EE10FA1CD47B68FF
:10327800D3ED457AF5EEC07AF1EE10FA14D97B68F1
:10328800D3ED467AF5EEC07AF1EE10FA0CD97B68E8
:10329800D3ED537AF5EEC07AF1EE10FA04D97B68D3
:1032A800B3F85031002B01D1802319E07B6893F8E3
:1032B8000831022B04D07B6893F80831002B02D127
:1032C8004FF400730CE07B6893F80831012B01D0B0
:1032D800802305E0002303E04FF4007300E080231F
:1032E80018460837BD4680BD80B483B000AF78600B
:1032F8007B68002B09D07B681B68002B05D07B6896
:103308005B68002B01D0012300E0002318460C372E
:10331800BD465DF8047B704780B48DB000AF87ED83
:10332800030AC7ED020A87ED011A3860D7ED017A62
:103338009FED5C7AF4EEC77AF1EE10FA01D55A4B9C
:103348007B605A4B7B62FB683B62D7ED037ABEEE2B
:10335800007A27EE877AD7ED027ADFED556A67EEB5
:10336800A67A77EE277AC7ED077AD7ED037ABEEE0D
:10337800007A27EE877AD7ED027ADFED4D6A67EE9D
:10338800A67A77EE677AC7ED067A3B6AFB6297ED15
:10339800077AD7ED0B7AB4EEE77AF1EE10FA01DD91
:1033A800FB69FB6297ED067AD7ED0B7AB4EEE77A04
:1033B800F1EE10FA01DDBB69FB623B6ABB6297ED77
:1033C800077AD7ED0A7AB4EEE77AF1EE10FA01D56A
:1033D800FB69BB6297ED067AD7ED0A7AB4EEE77A15
:1033E800F1EE10FA01D5BB69BB6297ED0B7AD7ED08
:1033F8000A7A77EE277AF1EE677AB6EE007A67EE08
:10340800877AC7ED057A97ED087AD7ED057A77EED2
:10341800277AC7ED087A97ED077AD7ED057A77EE20
:10342800277AC7ED077A97ED067AD7ED057A77EE12
:10343800277AC7ED067AF7EE006A97ED017AC6EEAD
:10344800877AC7ED047A97ED087AD7ED047A67EEA4
:10345800277AB6EE007A77EE877A3B68C3ED007A72
:1034680097ED077AD7ED047A67EE277A3B6804333D
:10347800B6EE007A77EE877AC3ED007A97ED067A92
:10348800D7ED047A67EE277A3B680833B6EE007A00
:1034980077EE877AC3ED007A00BF3437BD465DF812
:1034A800047B7047CDCCCC3DCDCCCC3DD7B35D3F74
:1034B800D7B35D3F80B48BB000AF87ED030AC7ED8B
:1034C800020A87ED011A3860D7ED017A9FED317A4B
:1034D800F4EEC77AF1EE10FA01D52F4B7B602F4B33
:1034E8007B62FB683B62D7ED037ABEEE007A27EE7B
:1034F800877AD7ED027ADFED2A6A67EEA67A77EE49
:10350800277AC7ED077AD7ED037ABEEE007A27EE61
:10351800877AD7ED027ADFED226A67EEA67A77EE30
:10352800677AC7ED067AF7EE006A97ED017AC6EE7C
:10353800877AC7ED057A97ED087AD7ED057A67EEB1
:10354800277AB6EE007A77EE877A3B68C3ED007A81
:1035580097ED077AD7ED057A67EE277A3B6804334B
:10356800B6EE007A77EE877AC3ED007A97ED067AA1
:10357800D7ED057A67EE277A3B680833B6EE007A0E
:1035880077EE877AC3ED007A00BF2C37BD465DF829
:10359800047B7047CDCCCC3DCDCCCC3DD7B35D3F83
:1035A800D7B35D3F80B483B000AF87ED010A07E071
:1035B800D7ED017A9FED157A77EEC77AC7ED017AD4
:1035C800D7ED017A9FED127AF4EEC77AF1EE10FA90
:1035D800EEDC07E0D7ED017A9FED0C7A77EE877A7B
:1035E800C7ED017AD7ED017A9FED0A7AF4EEC77A32
:1035F800F1EE10FAEED47B6807EE903AB0EE670A67
:103608000C37BD465DF8047B704700BFDB0FC9402F
:10361800DB0F4940DB0F49C080B483B000AF78604E
:103628007B684FF000021A607B684FF000025A6016
:103638007B684FF000029A607B684FF00002DA6006
:103648007B684FF000021A617B684FF000025A61F4
:103658007B684FF000029A617B6818460C37BD46BC
:103668005DF8047B704780B582B000AF78607B68F6
:103678001846FFF7D1FF7B681C331846FFF7CCFFCD
:103688007B6838331846FFF7C7FF7B685433184602
:10369800FFF7C2FF7B6818460837BD4680BD80B477
:1036A80083B000AF78607B6800221A607B680022D4
:1036B8001A717B6818460C37BD465DF8047B704765
:1036C80080B483B000AF78607B680F4A1A607B686B
:1036D8004FF000025A607B684FF000029A607B68E6
:1036E8004FF00002DA607B684FF000021A617B68D5
:1036F80001221A757B6801225A757B6818460C37B7
:10370800BD465DF8047B704700401C4680B582B01A
:1037180000AF786039607B6800221A707B680022ED
:103728005A707B6800229A707B680022DA707B6886
:1037380000221A717B680022DA807B6808331846F9
:10374800FDF7C8FE7B6800225A727B680C339FED38
:10375800480A1846FFF77EF97B681C339FED440A38
:103768001846FFF777F97B682C339FED410A184616
:10377800FFF770F97B683C339FED3D0A1846FFF769
:1037880069F97B684C339FED3A0A1846FFF762F9EE
:103798007B6800221A667B684FF000025A667B68D5
:1037A80003F168023B68104619464FF4D6731A466F
:1037B8000CF050F97B6803F505734FF494720021FF
:1037C80018460CF0BFF87B6803F54F737022002190
:1037D80018460CF0B7F87B6803F54F731846FFF7E7
:1037E80042FF7B680022A3F8AE237B680022A3F87F
:1037F800B0237B6803F56D731846FFF750FF7B68AD
:1038080003F56F731846FFF74AFF7B6803F571737A
:103818001846FFF744FF7B6803F573731846FFF7F4
:103828004FFF7B6893ED6F7AF7EE006AC6EE877AF2
:103838007B68C3ED177A7B68D3ED507AF5EEC07AD2
:10384800F1EE10FA0CDD7B68D3ED506A7B6893EDDE
:10385800177AC6EE877AFCEEE77A17EE902A00E030
:1038680000227B681A667B6818460837BD4680BD0B
:103878000AD7A33B80B586B000AF78607B6800228A
:103888001A707B6800225A707B6893F812227B6852
:103898009A707B680022DA707B6800221A717B6854
:1038A8000022DA8007F108031846FDF713FE7B684B
:1038B8003A7A1A727B6803F505734FF49472002103
:1038C80018460CF03FF87B684FF08042C3F8042399
:1038D8007B680122A3F88E227B680122A3F89E222E
:1038E8007B680122A3F8AE227B680022A3F8AE23EE
:1038F8007B680022A3F8B0237B68D3F8A0307B61F3
:103908007B68D3F89C303B617B6893F8A430012B2B
:1039180012D1D7ED047A9FEDB77A67EE876A7B6894
:1039280093ED307AD7ED057A27EE277AC6EE877AB7
:103938007B68C3ED857A12E07B6893ED2D7AD7ED2D
:10394800057A27EE277A7B68D3ED2E7A27EE277A39
:10395800D7ED046AC6EE877A7B68C3ED857A7B6803
:1039680093ED327AD7ED057A27EE277A7B68D3ED87
:10397800337A27EE277AD7ED046AC6EE877A7B6812
:10398800C3ED867A7B6893ED2B7A7B68D3ED2C7A2E
:1039980077EE276A7B6893ED2C7AC6EE877AC7EDB7
:1039A800037AD7ED046AD7ED057A86EEA77AD7EDC4
:1039B800037A67EE277A7B68C3ED877A7B6803F121
:1039C8000C027B68D3ED347AB0EE670A1046FFF735
:1039D8005DF87B6803F11C027B68D3ED347AB0EEA6
:1039E800670A1046FFF752F87B6803F12C027B68E0
:1039F800D3ED347AB0EE670A1046FFF747F87B68D4
:103A080003F13C027B68D3ED357AB0EE670A1046C5
:103A1800FFF73CF87B6803F14C027B68D3ED367AFC
:103A2800B0EE670A1046FFF731F87B6803F10C0225
:103A38007B68D3ED177AB0EE670A1046FFF735F8C2
:103A48007B6803F11C027B68D3ED177AB0EE670A36
:103A58001046FFF72AF87B6803F12C027B68D3ED48
:103A6800177AB0EE670A1046FFF71FF87B6803F174
:103A78003C027B68D3ED177AB0EE670A1046FFF771
:103A880014F87B6803F14C027B68D3ED177AB0EE2B
:103A9800670A1046FFF709F87B6803F54F727B68E1
:103AA800683319461046FEF78BFF7B6803F56D7087
:103AB8007B68D3F844117B6893F86C301A46FFF79B
:103AC80080F87B6803F56F707B68D3F84C117B68CE
:103AD80093F86C301A46FFF774F87B6803F5717039
:103AE8007B68D3F854117B6893F86C301A46FFF75B
:103AF80068F87B68D3F84431002B0FD07B68D3F883
:103B080044315B69002B09D07B68D3F844315B6989
:103B18007A68D2F84421D269104698477B6893F8AE
:103B28004831002B14D07B68D3F84C31002B0FD0D0
:103B38007B68D3F84C315B69002B09D07B68D3F8DC
:103B48004C315B697A68D2F84C21D26910469847A3
:103B58007B6893F85031002B14D07B68D3F854312C
:103B6800002B0FD07B68D3F854315B69002B09D048
:103B78007B68D3F854315B697A68D2F85421D269EA
:103B8800104698477B6803F573727B68D3ED6F7AAC
:103B98007B6893F86C301946B0EE670A1046FFF759
:103BA800D9F87B684FF000025A667B689B6E002B41
:103BB80008D07B689B6E9B68002B03D07B689B6E4C
:103BC8009B6898477B689B6E002B0ED07B689B6E2A
:103BD8001B68002B09D07B689B6E1B689FED061A3B
:103BE800DFED050A9FED040A984700BF1837BD4668
:103BF80080BD00BF00007A440000000080B483B09C
:103C080000AF78600B46FB707B68FA781A7000BFCB
:103C18000C37BD465DF8047B704780B582B000AFB5
:103C280078600B46FB707B685B78FA789A420ED016
:103C3800FB78042B05D0FB78032B02D0FB78022BF2
:103C480005D17B6803F54F731846FEF7E8FE7B68DD
:103C5800FA789A70FB78002B14BF01230023DAB29C
:103C68007B68DA7000BF0837BD4680BD80B584B078
:103C780000AF78600B46FB707B689B6E002B0BD007
:103C88007B689B6E9B6A002B06D07B689B6EDB6A09
:103C9800002B01D0012300E00023FB73FB7B002BEA
:103CA80003D07B689B6E9B6A98477B68FA785A7248
:103CB8007B6893F812227B689A707B680022DA701E
:103CC8007B6800225A707B6800221A717B68022286
:103CD8001A707B684FF00002C3F8E4227B684FF04B
:103CE8000002C3F8E8227B684FF00002C3F8EC2218
:103CF8007B684FF00002C3F8C4227B684FF00002D3
:103D0800C3F8C8227B684FF00002C3F8CC227B6856
:103D18004FF00002C3F8D0227B6803F54F731846B2
:103D2800FEF77DFE7B6803F573731846FEF7B4FA59
:103D38007B689B6E002B29D0FB78012B03D0FB7886
:103D4800022B0AD013E07B689B6E1B69002B18D0EE
:103D58007B689B6E1B69984713E07B689B6E5B6969
:103D6800002B10D07B689B6E5B6998470BE07B68E3
:103D78009B6EDB68002B08D07B689B6EDB689847DE
:103D880003E000BF02E000BF00E000BFFB7B002BA8
:103D980003D07B689B6EDB6A984700BF1037BD462F
:103DA80080BD80B582B000AF78607B680022DA8081
:103DB8007B6893F812227B689A707B680022DA701D
:103DC8007B6800225A707B6800221A717B68022285
:103DD8001A707B689B6E002B08D07B689B6E9B6873
:103DE800002B03D07B689B6E9B68984700BF083701
:103DF800BD4680BD80B582B000AF786039607B6811
:103E08003A68C3F818237B680022C3F81C23786833
:103E180000F01FF800BF0837BD4680BD80B483B0EE
:103E280000AF78607B68D3ED197AF5EEC07AF1EED1
:103E380010FA02DD7B685B6E02E07B68D3F87C31A8
:103E480007EE903AB0EE670A0C37BD465DF8047B82
:103E5800704780B582B000AF78607B68002283F835
:103E680020237B684FF00002C3F824237B684FF0BF
:103E78000002C3F828237B684FF00002C3F82C2304
:103E88007B684FF00002C3F830237B684FF00002D4
:103E9800C3F834237B68002283F838237B6803F552
:103EA80073731846FEF7F8F900BF0837BD4680BDA2
:103EB80080B48DB000AFF860B9607A60FB68D3F861
:103EC80018337B627B6A002B08D07B6A1B68002B47
:103ED80004D07B6A1B79DBB2002B01D1012300E0FF
:103EE8000023002B01D00023D7E0FB6893F82023A0
:103EF8007B6A1B79DBB29A422CBF01230023DBB219
:103F0800002B07D07B6A1B79DBB2013BDAB2FB6876
:103F180083F820237B6A1A68FB6893F820331946D4
:103F28000B465B000B449B0013443B623B6A1B68D7
:103F3800FB623B6A5B68FB613B6A9B68BB61FB6831
:103F480093F8383383F00103DBB2002B08D0FB6809
:103F5800012283F83823FB684FF00002C3F82423BA
:103F6800FB68D3ED177A97ED0B7AB4EEE77AF1EEAA
:103F780010FA02D5FB68DB6DFB62FB6893EDC97A2A
:103F8800FB68D3ED177A77EE277AC7ED057AD7ED78
:103F9800056A97ED0B7AC6EE877AC7ED0A7AD7EDF0
:103FA8000A7AB7EE007AF4EEC77AF1EE10FA02DD7B
:103FB8004FF07E53BB62D7ED0A7AF5EEC07AF1EE88
:103FC80010FA02D54FF00003BB62FB6893EDCA7A82
:103FD800FB68D3EDCA7AD7ED076A76EEE76AD7EDC4
:103FE8000A7A66EEA77A77EE277ABB68C3ED007A7D
:103FF800FB6893EDCB7AFB68D3EDCB7AD7ED066AF5
:1040080076EEE76AD7ED0A7A66EEA77A77EE277A30
:104018007B68C3ED007AFB687A69C3F8242397EDBF
:10402800057AD7ED0B7AB4EEE77AF1EE10FA33DBC6
:10403800FB6893F8203301337A6A1279D2B293423B
:1040480034BF01230023DBB2002B19D0FB6893F89F
:1040580020330133DAB2FB6883F82023FB684FF082
:104068000002C3F82423FB68FA69C3F82823FB6815
:10407800BA69C3F82C23FB68012283F838230BE0C4
:10408800FB68FA6AC3F82423FB68FA69C3F8282393
:10409800FB68BA69C3F82C23012318463437BD4698
:1040A8005DF8047B704780B48DB000AFF860B960EC
:1040B8007A603B60FB68D3F81C337B627B6A002B19
:1040C80008D07B6A1B68002B04D07B6A1B79DBB2A3
:1040D800002B01D1012300E00023002B01D0002395
:1040E800F1E0FB6893F820237B6A1B79DBB29A42E4
:1040F8002CBF01230023DBB2002B07D07B6A1B797E
:10410800DBB2013BDAB2FB6883F820237B6A1A68CA
:10411800FB6893F820331B0113443B623B6A1B681E
:10412800FB623B6A5B68FB613B6A9B68BB613B6AFD
:10413800DB687B61FB6893F8383383F00103DBB2FB
:10414800002B08D0FB68012283F83823FB684FF066
:104158000002C3F82423FB68D3ED177A97ED0B7A96
:10416800B4EEE77AF1EE10FA02D5FB68DB6DFB627C
:10417800FB6893EDC97AFB68D3ED177A77EE277A57
:10418800C7ED047AD7ED046A97ED0B7AC6EE877A05
:10419800C7ED0A7AD7ED0A7AB7EE007AF4EEC77A55
:1041A800F1EE10FA02DD4FF07E53BB62D7ED0A7ACA
:1041B800F5EEC07AF1EE10FA02D54FF00003BB62BB
:1041C800FB6893EDCA7AFB68D3EDCA7AD7ED076A24
:1041D80076EEE76AD7ED0A7A66EEA77A77EE277A5F
:1041E800BB68C3ED007AFB6893EDCC7AFB68D3ED2E
:1041F800CC7AD7ED066A76EEE76AD7ED0A7A66EEEC
:10420800A77A77EE277A7B68C3ED007AFB6893ED8F
:10421800CD7AFB68D3EDCD7AD7ED056A76EEE76AFD
:10422800D7ED0A7A66EEA77A77EE277A3B68C3ED70
:10423800007AFB683A69C3F8242397ED047AD7ED2E
:104248000B7AB4EEE77AF1EE10FA3BDBFB6893F8F1
:10425800203301337A6A1279D2B2934234BF0123F0
:104268000023DBB2002B1DD0FB6893F82033013309
:10427800DAB2FB6883F82023FB684FF00002C3F82A
:104288002423FB68FA69C3F82823FB68BA69C3F8D2
:104298003023FB687A69C3F83423FB68012283F86A
:1042A80038230FE0FB68FA6AC3F82423FB68FA692D
:1042B800C3F82823FB68BA69C3F83023FB687A6916
:1042C800C3F83423012318463437BD465DF8047B10
:1042D800704780B483B000AF78607B68D3F87C32D5
:1042E80007EE903AB0EE670A0C37BD465DF8047BDE
:1042F8007047000080B582B000AF786039607B6895
:104308001A783B681A707B68DA883B685A807B6841
:10431800D3F854223B685A607B68D3F87C223B6808
:104328009A607B68D3F858223B68DA607B68D3F8D8
:104338005C223B681A617B68D3F860223B685A614B
:104348007B68D3F864223B689A617B685A783B683B
:104358001A777B689A783B685A777B681A793B6842
:104368009A773B687A68127ADA777B68D3F84422BE
:104378003B681A627B68D3F848223B685A627B68BC
:10438800D3F84C223B689A627B68D3F850223B688A
:10439800DA627B68D3F8BC223B681A637B68D3F87F
:1043A800C0223B685A637B68D3F868223B689A63EB
:1043B8007B68D3F86C223B68DA637B68D3F8702299
:1043C8003B681A647B68D3F874223B685A647B683C
:1043D800D3F878223B689A647B68D3F888223B68D4
:1043E800DA647B6893F88C223B6883F850207B68FA
:1043F800B3F88E223B68A3F852207B68D3F890224A
:104408003B685A657B68D3F894223B689A657B6859
:10441800D3F898223B68DA657B6893F89C223B685E
:1044280083F860207B68B3F89E223B68A3F862207B
:104438007B68D3F8A0223B685A667B68D3F8A4222D
:104448003B689A667B68D3F8A8223B68DA667B6883
:1044580093F8AC223B6883F870207B68B3F8AE22EF
:104468003B68A3F872207B68D3F8B0223B685A6790
:104478007B68D3F8E4223B689A677B68D3F8E82224
:104488003B68DA677B68D3F8EC223B68C3F8802086
:104498007B6893F88C32002B0ED07B6893ED9C7A66
:1044A8007B68D3ED9D7A77EE677AB0EE670AFFF7FF
:1044B80079F8F0EE407A01E0DFED047A3B68C3ED6D
:1044C800217A00BF0837BD4680BD00BF000000004C
:1044D80080B584B000AF78607B68D3F8F0325A1C9E
:1044E8007B68C3F8F022786800F02CF9786800F04F
:1044F800B3FA786800F09AFC7868FDF715FF7B68D6
:104508001B78012B02D1786800F0CEFE7B681B78FF
:10451800022B47D17B6893F8FC32002B0FD07868C8
:1045280000F0C2FE7B68B3F830227B68B3F898309D
:104538009A423FD37B68002283F8FC223AE07B68EA
:104548001B6E002B36D07B68D3F8F8325A1C7B6878
:10455800C3F8F8227B68D3F8F8227B681B6E9A426E
:1045680028D37B680022A3F830227B684FF0000232
:10457800C3F820227B684FF00002C3F824227B682E
:104588004FF00002C3F828227B684FF00002C3F8FE
:104598002C227B68012283F8FC227B680022C3F866
:1045A800F82207E07B680022C3F8F8227B68002223
:1045B80083F8FC227B681B78032B60D17B689A7890
:1045C8007B685A707B681B79012B11D17B685B78FB
:1045D800012B0BD07B685B78022B07D07B685B785C
:1045E800032B03D07B685B78042B01D1012300E007
:1045F8000023FB73FB7B83F00103DBB2002B02D0AB
:10460800786800F08EFC7B681B79012B24D17B68CD
:104618005B78013B032B1BD801A252F823F000BFA3
:104628003946000841460008494600085146000836
:10463800786800F007FF22E0786801F08DF81EE046
:10464800786801F06FF91AE0786800F017FF16E053
:10465800786800F0D9FC12E07B681B79022B02D045
:10466800032B04D007E0786801F076F807E0786853
:1046780001F058F903E0786800F0C6FC00BF7B68D9
:10468800D3F88C30BB607B68D3EDB97AF0EE670A5B
:1046980097ED020AFEF782F8F0EE407AF0EE670A2C
:1046A8009FED270AFEF766F8F0EE407A7B68C3EDC7
:1046B800B97A7B68D3EDBA7AF0EE670A97ED020A09
:1046C800FEF76CF8F0EE407AF0EE670A9FED1C0AF0
:1046D800FEF750F8F0EE407A7B68C3EDBA7A7B6853
:1046E800D3EDBB7AF0EE670A97ED020AFEF756F8AB
:1046F800F0EE407AF0EE670A9FED110AFEF73AF8FD
:10470800F0EE407A7B68C3EDBB7A7B681B78032B9D
:1047180012D17B689B6E1B687A68D2EDB97A7A6889
:1047280092EDBA7A7A68D2EDBB6AB0EE661AF0EE0C
:10473800470AB0EE670A984700BF1037BD4680BDEC
:104748000000000090B58FB000AF78607B689B6E6A
:104758007B627B6A002B00F0798100237B82002337
:104768003B820023FB810023BB817B6A9C6907F1A4
:104778000C0307F10E0207F1100107F11200A04720
:104788007B68D3F814323B627B68D3F81832FB613C
:104798007B8A07EE903AB8EEE77A7B68D3ED8D7A9C
:1047A80077EE677A97ED087A67EE277AC7ED0D7A84
:1047B8003B8A07EE903AB8EEE77A7B68D3ED8E7ABB
:1047C80077EE677A97ED087A67EE277AC7ED0C7A65
:1047D800FB8907EE903AB8EEE77A7B68D3ED8F7ADB
:1047E80077EE677A97ED087A67EE277AC7ED0B7A46
:1047F8007B6893F8A630002B05D0D7ED0D7AF1EE43
:10480800677AC7ED0D7A7B6893F8A730002B05D03F
:10481800D7ED0C7AF1EE677AC7ED0C7A7B6893F8DE
:10482800A830002B05D0D7ED0B7AF1EE677AC7EDEB
:104838000B7A7B6893F8A530032B2CD07B6A1B7FFF
:1048480003F00103002B0AD197ED0C7AD7ED0B7A10
:1048580077EE277AF1EE677AC7ED0D7A1CE07B6A6E
:104868001B7F03F00203002B0AD197ED0D7AD7EDD9
:104878000B7A77EE277AF1EE677AC7ED0C7A0BE0C0
:1048880097ED0D7AD7ED0C7A77EE277AF1EE677A05
:10489800C7ED0B7A00E000BF7B680C3397ED0D0A7B
:1048A8001846FEF719F9F0EE407A7B68C3ED917A65
:1048B8007B681C3397ED0C0A1846FEF70DF9F0EEED
:1048C800407A7B68C3ED927A7B682C3397ED0B0AAC
:1048D8001846FEF701F9F0EE407A7B68C3ED937A4B
:1048E8007B6893F8C430002B1CD0BB8907EE903A44
:1048F800B8EEE77A7B68D3ED907A77EE677A97ED32
:10490800077A67EE277AC7ED067A7B683C3397ED1E
:10491800060A1846FEF7E0F8F0EE407A7B68C3ED29
:10492800947A04E07B684FF00002C3F850227B6859
:1049380093F8A930002B1CD07B6A1B6A9847034662
:10494800FB827B6803F14C02FB8A07EE903AB8EED3
:10495800E77A7B68D3ED877A67EE277AB0EE670A45
:104968001046FEF7B9F8F0EE407A7B68C3ED957A09
:1049780009E07B68D3ED247AB6EE007A67EE877A91
:104988007B68C3ED957A7B68B3F8F43201339AB249
:104998007B68A3F8F4227B68B3F8F432C3F3080306
:1049A800002B3BD1002387F82B3030E097F82B20E1
:1049B800796813465B001344DB000B44E0331B7833
:1049C80083F00103DBB2002B1BD17B6A5B6A97F88B
:1049D8002B20104698470346BB8297F82B4097F840
:1049E8002B20BB8A1946786801F022F9F0EE407A4C
:1049F8007A6804F194039B0013440833C3ED007AEA
:104A080000E000BF97F82B30013387F82B307B6824
:104A180093F8DC3097F82B209A42C7D37B68D3F8F9
:104A280044227B68C3F8B4227B6893ED917A7B6853
:104A3800D3ED927A77EEA77A77EE277A9FED057A0B
:104A480067EE877A7B68C3EDAE7A00E000BF3C373B
:104A5800BD4690BD3ACD133F90B595B002AF786092
:104A68007B6893F88C3287F847307B68D3F87832C4
:104A78003B647B68002283F88C227B68D3F844313E
:104A8800002B01D1012200E002227B68A3F88E22CC
:104A98007B68D3F84431002B00F099807B68D3F809
:104AA8007432BB634FF000037B637B68D3F87832C2
:104AB8003B637B68D3F88832FB627B6803F56D70D3
:104AC80007F1300407F1340207F1380107F12C032C
:104AD80000932346FEF788F8034687F83F307B6843
:104AE800D3F844311B69002B0CD07B68D3F84431D0
:104AF8001B697A68D2F84421D26910469847034660
:104B08001A4606E097F83F30002B01D0002200E05B
:104B180002227B68A3F88E2297F83F30002B56D0EC
:104B28007B68B3F88E32002B28D17B6893F85C3110
:104B3800002B23D07B68D3ED587AF5EEC07AF1EEDE
:104B480010FA1BDD97F84730002B17D097ED0C7A39
:104B5800D7ED107A77EE677AB0EE670AFEF722FD96
:104B6800F0EE407AB0EEE77A7B68D3ED587AB4EE8F
:104B7800E77AF1EE10FA01DD012300E00023002BB3
:104B880003D07B688022A3F88E227B68B3F88E322C
:104B9800002B1CD17B68012283F88C22BA6B7B68BE
:104BA800C3F874223A6B7B68C3F87822FA6A7B6888
:104BB800C3F88822D7ED0D7A9FED997A27EE877A88
:104BC800DFED986AC7EE267A7B68C3EDA17A7B6829
:104BD800002283F89C227B6893F84831002B01D08F
:104BE800022200E001227B68A3F89E227B6893F8EA
:104BF8004831002B5BD07B68D3F84C31002B56D062
:104C08007B68D3F89032BB624FF000037B627B680D
:104C1800D3F894323B627B68D3F89832FB617B68A7
:104C280003F56F7007F1200407F1240207F128014A
:104C380007F11C0300932346FDF7D6FF034687F8C8
:104C48003E307B68D3F84C311B69002B0CD07B6855
:104C5800D3F84C311B697A68D2F84C21D2691046D6
:104C6800984703461A4606E097F83E30002B01D0D5
:104C7800002200E002227B68A3F89E2297F83E30CB
:104C8800002B14D07B68B3F89E32002B0FD17B68C1
:104C9800012283F89C22BA6A7B68C3F890223A6A98
:104CA8007B68C3F89422FA697B68C3F898227B680A
:104CB800002283F8AC227B6893F85031002B01D096
:104CC800022200E001227B68A3F8AE227B6893F8F9
:104CD8005031002B56D07B68D3F85431002B51D07B
:104CE8004FF00003BB614FF000037B617B68D3F892
:104CF800A4323B617B68D3F8A832FB607B6803F57C
:104D0800717007F1100407F1140207F1180107F197
:104D18000C0300932346FDF767FF034687F83D30F1
:104D28007B68D3F854311B69002B0CD07B68D3F80F
:104D380054311B697A68D2F85421D26910469847D1
:104D480003461A4606E097F83D30002B01D00022B2
:104D580000E002227B68A3F8AE2297F83D30002BD2
:104D680010D07B68B3F8AE32002B0BD17B680122E0
:104D780083F8AC223A697B68C3F8A422FA687B6896
:104D8800C3F8A8227B6893F88C32002B13D07B6879
:104D980093F89C32002B0ED07B6893ED9D7A7B684C
:104DA800D3EDA47A77EE677AB0EE670AFEF7FAFBDE
:104DB800F0EE407A01E0DFED1C7A7B68C3EDA87A5B
:104DC8007B6893F88C32002B20D07B6893F8AC3248
:104DD800002B1BD07B68D3ED567AF5EEC07AF1EE46
:104DE80010FA13DD7B68D3ED9E6A7B68D3ED567AA3
:104DF80086EEA77A7B68D3EDA97A77EE677AB0EE6C
:104E0800670AFEF7CFFBF0EE407A01E0DFED067AA5
:104E18007B68C3EDAC7A00BF4C37BD4690BD00BF80
:104E280000007042DB0FC94000000000B0B584B03C
:104E380002AF78607B681B78002B6ED07B681B788C
:104E4800012B6AD07B6803F56B707B6803F18401E2
:104E58007B6803F198047B68D3ED917A7B6893EDC6
:104E6800927A7B68D3ED936A7B6893ED956A7B6849
:104E780003F516757B681B787A68063201920093F1
:104E88002B46F0EE461AB0EE661AF0EE470AB0EE80
:104E9800670A224601F0C2F87B6893F86631002B56
:104EA80036D07B6893F88C32002B31D07B6893F82E
:104EB8009C32002B2CD07B68D3EDA87AB0EEE77A31
:104EC8007B68D3ED5A7AB4EEE77AF1EE10FA1FDD7B
:104ED8007B68B3F8B03301339AB27B68A3F8B02388
:104EE8007B68B3F8B0237B68B3F86C319A422CBF67
:104EF80001230023DBB2002B10D04FF40061786847
:104F080000F018FF7B684FF40072A3F89E2205E0BA
:104F18007B680022A3F8B02300E000BF0837BD4635
:104F2800B0BD80B584B000AF78607B6893F871310C
:104F3800052B60D8022B58D2002B02D0012B4ED063
:104F480059E07B68D3F84431002B05D14FF48071C8
:104F5800786800F002FF54E07B6893F88C3283F0A5
:104F68000103DBB2002B29D07B68B3F8AE330133E1
:104F78009AB27B68A3F8AE237B68B3F8AE237B684C
:104F8800B3F864319A422CBF01230023DBB2002B13
:104F980036D07B68B3F88E32022B04D07B68B3F826
:104FA8008E32012B01D1082301E04FF48063FB818D
:104FB800FB891946786800F0D0FE21E07B68002262
:104FC800A3F8AE237B68D3F874227B68C3F8682201
:104FD8007B68D3F884227B68C3F87C2211E04FF405
:104FE8000071786800F0B9FE0BE04FF40071786842
:104FF80000F0B3FE05E08021786800F0AEFE00E026
:1050080000BF1037BD4680BD80B52DED028B8EB038
:1050180000AF78607B68D3F8E0323B637B68D3F8F5
:10502800DC327B637B6893EDAD8A7B68D3ED9A7A3B
:10503800B0EE670A09F0E4FBF0EE407A28EE278A22
:105048007B68D3EDAE8A7B68D3ED9A7AB0EE670AB7
:1050580009F00EFCF0EE407A68EEA77A78EE277A2F
:105068007B68C3EDAF7A7B68D3EDAD7AB1EE678A22
:105078007B68D3ED9A7AB0EE670A09F0F9FBF0EE97
:10508800407A28EE278A7B68D3EDAE8A7B68D3ED19
:105098009A7AB0EE670A09F0B3FBF0EE407A68EE50
:1050A800A77A78EE277A7B68C3EDB07A7B685B785D
:1050B800092B1FD17B6893EDB57A7B68D3ED9E7A77
:1050C80077EE677AB0EE670AFEF76CFA87ED0B0A9F
:1050D8007B6803F564727B68D3ED177AF0EE670A94
:1050E80097ED0B0A1046FDF79FFBF0EE407A7B68C0
:1050F800C3EDB67A7B685B78082B03D07B685B7856
:10510800092B1AD17B6803F55D727B6893EDB67A3B
:105118007B68D3ED9F7A77EE677A7B6893ED177A91
:10512800F0EE470AB0EE670A1046FDF77DFB87ED03
:105138000D0A7B687A6BC3F8DC227B6803F54F7233
:105148007B68D3EDAF7A97ED0C7A77EE677A7B6858
:1051580093ED177AF0EE470AB0EE670A1046FDF7AE
:1051680063FBF0EE407A7B68C3EDB17A7B6803F5A8
:1051780056727B68D3EDB07A97ED0D7A77EE677A41
:105188007B6893ED177AF0EE470AB0EE670A10468F
:10519800FDF74AFBF0EE407A7B68C3EDB27A7B6894
:1051A800D3ED9A7AB0EE670A09F02AFB87ED0A0A6E
:1051B8007B68D3ED9A7AB0EE670A09F059FB87ED60
:1051C800090A7B6893EDB17AD7ED0A7A27EE277A38
:1051D8007B68D3EDB26AD7ED097A66EEA77A77EEE7
:1051E800677A7B68C3EDB37A7B6893EDB17AD7EDC4
:1051F800097A27EE277A7B68D3EDB26AD7ED0A7A67
:1052080066EEA77A77EE277A7B68C3EDB47A7B6877
:1052180093F81132002B20D17B68D3EDB37A7B68E9
:1052280093EDB47A7B68D3ED956A07F118031846B5
:10523800B0EE661AF0EE470AB0EE670AFEF73AF9E2
:10524800BA697B68C3F8E422FA697B68C3F8E82284
:105258003A6A7B68C3F8EC2220E07B68D3EDB37A26
:105268007B6893EDB47A7B68D3ED956A07F10C03FC
:105278001846B0EE661AF0EE470AB0EE670AFEF777
:105288004BF8FA687B68C3F8E4223A697B68C3F88C
:10529800E8227A697B68C3F8EC2200BF00BF383780
:1052A800BD46BDEC028B80BD90B587B000AF78607D
:1052B80000237B8200233B820023FB810023BB81E8
:1052C8007B689B6E9C6907F10C0307F10E0207F1DE
:1052D800100107F11200A0477B6893ED887A7B8A5A
:1052E80007EE903AF8EEE77A77EE277A7B68C3ED17
:1052F800887A7B6893ED897A3B8A07EE903AF8EED4
:10530800E77A77EE277A7B68C3ED897A7B6893ED35
:105318008A7AFB8907EE903AF8EEE77A77EE277AF1
:105328007B68C3ED8A7A7B6893ED8B7ABB8907EE3D
:10533800903AF8EEE77A77EE277A7B68C3ED8B7AB6
:105348007B68B3F8303201339AB27B68A3F8302215
:105358007B68B3F830227B68B3F898309A426AD3F6
:105368007B68B3F8303207EE903AF8EE677AC7ED0B
:10537800057A7B68D3ED886A97ED057AC6EE877A59
:105388007B68C3ED8D7A7B68D3ED896A97ED057AE2
:10539800C6EE877A7B68C3ED8E7A7B68D3ED8A6A1E
:1053A80097ED057AC6EE877A7B68C3ED8F7A7B68BE
:1053B800D3ED8B6A97ED057AC6EE877A7B68C3EDE5
:1053C800907A7B680C339FED1E0A1846FDF7E7FBC1
:1053D8007B681C339FED1A0A1846FDF7E0FB7B68D3
:1053E8002C339FED170A1846FDF7D9FB7B683C3331
:1053F8009FED130A1846FDF7D2FB7B684FF00002B9
:10540800C3F844227B684FF00002C3F848227B6847
:105418004FF00002C3F84C227B684FF00002C3F83B
:1054280050227B684FF00002C3F8B4227B684FF02B
:105438000002C3F8B82200BF1C37BD4690BD00BFAC
:105448000000000080B483B000AF78607B68D3F8B8
:105458000C237B68C3F8E4227B68D3F810237B68AD
:10546800C3F8E8227B68D3F814237B68C3F8EC22DE
:1054780000BF0C37BD465DF8047B704780B592B01D
:1054880000AF78607B68D3F8D832FB607B68D3F8CC
:105498000833BB607B685B78042B10D17B681B7971
:1054A800012B0CD107F1080207F10C0319467868A3
:1054B800FEF7FEFC0346002B01D0012300E0002389
:1054C80087F82F30FA687B68C3F8D822BA687B68F7
:1054D800C3F8082397F82F30002B02D04FF00003B1
:1054E80002E07B68D3F80433BB627B6803F573730F
:1054F800D7ED037AD7ED0A0AB0EE670A1846FDF72A
:1055080043FC7B6803F573727B68D3ED177AB0EEC2
:10551800670A1046FDF770FC7B6803F5737318463D
:10552800FDF70CFD87ED090A7B6803F573731846D0
:10553800FDF713FD87ED080AD7ED027AF5EEC07A7C
:10554800F1EE10FA02D54FF00003BB60D7ED027AF6
:10555800B7EE007AF4EEC77AF1EE10FA02DD4FF0FA
:105568007E53BB6097ED090A09F04AF987ED070AEF
:1055780097ED090A09F07CF987ED060A7B68D3F8EC
:1055880054327B64D7ED117A9FED6F7AF4EEC77AC7
:10559800F1EE10FA01D56D4B7B647B687A6AC3F82B
:1055A8006C227B68D3F86C227B68C3F868227B681E
:1055B8003A6AC3F87C2297ED027AD7ED117A27EE82
:1055C800277AD7ED077A67EE277A7B68C3EDB37A37
:1055D80097ED027AD7ED117A27EE277AD7ED067A7A
:1055E80067EE277A7B68C3EDB47A594B7B61D7EDB8
:1055F800027A97ED077A67EE277AC7ED107AD7ED2A
:10560800077ABEEE007A27EE877AD7ED067ADFEDC5
:10561800516A67EEA67A37EE277AD7ED027A67EEF7
:10562800277AC7ED0F7AD7ED077ABEEE007A27EE14
:10563800877AD7ED067ADFED476A67EEA67A37EE06
:10564800677AD7ED027A67EE277AC7ED0E7A7B681C
:1056580093F81132012B56D13B6C7B6397ED0F7A8F
:10566800D7ED0D7AB4EEE77AF1EE10FA01DDFB6BB7
:105678007B6397ED0E7AD7ED0D7AB4EEE77AF1EE0B
:1056880010FA01DDBB6B7B633B6C3B6397ED0F7AD4
:10569800D7ED0C7AB4EEE77AF1EE10FA01D5FB6B90
:1056A8003B6397ED0E7AD7ED0C7AB4EEE77AF1EE1C
:1056B80010FA01D5BB6B3B6397ED0D7AD7ED0C7AE9
:1056C80077EE277AF1EE677AB6EE007A67EE877A98
:1056D800C7ED047A97ED107AD7ED047A77EE277A3A
:1056E800C7ED107A97ED0F7AD7ED047A77EE277A1F
:1056F800C7ED0F7A97ED0E7AD7ED047A77EE277A11
:10570800C7ED0E7A00E000BFD7ED107AB6EE007A4A
:1057180077EE877A7B68C3EDB97AD7ED0F7AB6EE64
:10572800007A77EE877A7B68C3EDBA7AD7ED0E7A7E
:10573800B6EE007A77EE877A7B68C3EDBB7A00BF56
:105748004837BD4680BD00BFCDCCCC3DCDCCCC3D8F
:10575800D7B35D3FD7B35D3F80B58AB000AF7860FF
:105768007B684FF00002C3F86C227B68D3F86C2288
:105778007B68C3F868227B68D3F8E0327B627B6879
:10578800D3F8DC323B627B681B79022B1CD1D7ED46
:10579800097AF0EEE77A9FED617AF4EEC77AF1EED6
:1057A80010FA11D5D7ED087AF0EEE77A9FED5B7A1B
:1057B800F4EEC77AF1EE10FA06D57B68D3F87431A7
:1057C8007B624FF000033B627B6893EDAD7A7B68A8
:1057D800D3EDAE7ADFED526A67EEA67A77EE277AD6
:1057E8007B68C3EDAF7A7B68D3EDAD7AF1EE677A6B
:1057F8009FED4B7A27EE877A7B68D3EDAE7A77EE0A
:10580800277A7B68C3EDB07A7B6803F54F727B68B3
:10581800D3EDAF7A97ED097A77EE677A7B6893EDE7
:10582800177AF0EE470AB0EE670A1046FCF7FCFF5D
:10583800F0EE407A7B68C3EDB17A7B6803F5567267
:105848007B68D3EDB07A97ED087A77EE677A7B6854
:1058580093ED177AF0EE470AB0EE670A1046FCF7A8
:10586800E3FFF0EE407A7B68C3EDB27A7B68D3F849
:10587800C4227B68C3F8CC227B68D3F8C8227B6833
:10588800C3F8D0227B6893F81132002B20D17B68B3
:10589800D3EDB37A7B6893EDB47A7B68D3ED956AE0
:1058A80007F114031846B0EE661AF0EE470AB0EE98
:1058B800670AFDF7FFFD7A697B68C3F8E422BA69D5
:1058C8007B68C3F8E822FA697B68C3F8EC2220E019
:1058D8007B68D3EDB37A7B6893EDB47A7B68D3EDBC
:1058E800956A07F108031846B0EE661AF0EE470A03
:1058F800B0EE670AFDF710FDBA687B68C3F8E422CA
:10590800FA687B68C3F8E8223A697B68C3F8EC2236
:1059180000BF00BF2837BD4680BD00BFBD378635F4
:105928000000000080B594B000AF78607B68D3F8C1
:10593800D832FB627B68D3F8E032BB627B68D3F86D
:10594800DC327B627B685B78032B11D17B681B7927
:10595800012B0DD107F1240307F1280207F12C01CF
:105968007868FEF7A0FB0346002B01D0012300E076
:10597800002387F84730FA6A7B68C3F8D822BA6AE6
:105988007B68C3F8E0227A6A7B68C3F8DC2297F860
:105998004730002B02D04FF0000302E07B68D3F8B9
:1059A8000433FB6497F8473083F00103DBB2002B24
:1059B80016D07B681B79032B12D17B68D3ED607AF4
:1059C800F5EEC07AF1EE10FA0ADDD7ED0B7AF0EEBB
:1059D800E76A7B6893ED607AC6EE877AC7ED137A3B
:1059E8007B6803F57373D7ED0B7AD7ED130AB0EE26
:1059F800670A1846FDF7C8F97B6803F573727B6878
:105A0800D3ED177AB0EE670A1046FDF7F5F97B6813
:105A180003F573731846FDF791FA87ED100A7B6852
:105A280003F573731846FDF798FA87ED0F0A7B683C
:105A38003A6CC3F86C227B68D3F86C227B68C3F895
:105A480068227B68FA6BC3F87C227B68D3F8E03263
:105A5800BB637B68D3F8DC32BB6497F8473083F0CC
:105A68000103DBB2002B0BD0D7ED127AF5EEC07A2A
:105A7800F1EE10FA04D87868FEF7D0F987ED120A2B
:105A880097ED100A08F0BCFE87ED0D0A97ED100A95
:105A980008F0EEFE87ED0C0A7B6893EDAD7AD7ED42
:105AA8000D7A27EE277A7B68D3EDAE6AD7ED0C7AAC
:105AB80066EEA77A77EE277A7B68C3EDAF7A7B68C4
:105AC800D3EDAD7AB1EE677AD7ED0C7A27EE277A67
:105AD8007B68D3EDAE6AD7ED0D7A66EEA77A77EEDE
:105AE800277A7B68C3EDB07A7B6803F54F727B68D1
:105AF800D3EDAF7A97ED0E7A77EE677A7B6893ED00
:105B0800177AF0EE470AB0EE670A1046FCF78CFEEB
:105B1800F0EE407A7B68C3EDB17A7B6803F5567284
:105B28007B68D3EDB07A97ED127A77EE677A7B6867
:105B380093ED177AF0EE470AB0EE670A1046FCF7C5
:105B480073FEF0EE407A7B68C3EDB27A7B6893ED22
:105B5800B17AD7ED0D7A27EE277A7B68D3EDB26A52
:105B6800D7ED0C7A66EEA77A77EE677A7B68C3ED95
:105B7800B37A7B6893EDB17AD7ED0C7A27EE277A62
:105B88007B68D3EDB26AD7ED0D7A66EEA77A77EE29
:105B9800277A7B68C3EDB47A7B6893F81132002BBF
:105BA80020D17B68D3EDB37A7B6893EDB47A7B68B8
:105BB800D3ED956A07F118031846B0EE661AF0EEB1
:105BC800470AB0EE670AFDF775FCBA697B68C3F847
:105BD800E422FA697B68C3F8E8223A6A7B68C3F86A
:105BE800EC2220E07B68D3EDB37A7B6893EDB47A3E
:105BF8007B68D3ED956A07F10C031846B0EE661A78
:105C0800F0EE470AB0EE670AFDF786FBFA687B6894
:105C1800C3F8E4223A697B68C3F8E8227A697B68AA
:105C2800C3F8EC2200BF00BF5037BD4680BD00005E
:105C380080B58CB000AF78600B467B8013467B70D4
:105C48007A7813465B001344DB00E0337A68134428
:105C5800BB627B68D3F8A0307B627B68D3F89C304A
:105C68003B62BB6A1B7C002B0FD17B8807EE903A06
:105C7800B8EEE77AD7ED087A67EE276A97ED097AE2
:105C8800C6EE877AC7ED0B7A12E07B8807EE903A6A
:105C9800B8EEE77AD7ED087A67EE276A97ED097AC2
:105CA800C6EE877A97ED087A77EE677AC7ED0B7AB2
:105CB800BB6A5B68FB6197ED077AD7ED0B7A67EEF5
:105CC800276A97ED087AD7ED0B7A37EE677AC6EE32
:105CD800877AC7ED067ABB6A9B687B61BB6ADB681B
:105CE8003B6197ED067AD7ED057AC7EE276AB0EEE5
:105CF800660A08F055FDF0EE406A97ED047AC6EEA4
:105D0800877A9FED0A7A37EE877AF7EE006AC6EE51
:105D1800877AC7ED037AD7ED037A9FED057A77EE98
:105D2800C77AB0EE670A3037BD4680BD0FCF5B3B00
:105D38003393884380B483B000AF78600B467B8090
:105D48007B68DA887B8813439AB27B68DA8000BF65
:105D58000C37BD465DF8047B704780B582B000AF54
:105D680078600B467B807B8819467868FFF7E2FFEE
:105D78007B684FF00002C3F8E4227B684FF0000212
:105D8800C3F8E8227B684FF00002C3F8EC227B6876
:105D98009B6E002B08D07B689B6E9B68002B03D002
:105DA8007B689B6E9B68984704217868FDF726FFFF
:105DB80000BF0837BD4680BD80B584B000AF7860AD
:105DC8007B6868331946786800F053F8034683F017
:105DD8000103DBB2002B05D080217868FFF7AAFF0A
:105DE800002342E07B6868331846FDF719F903463B
:105DF800FB81FB89002B06D0FB8919467868FFF7E1
:105E080099FF002331E07B6893F87131002B0DD1A5
:105E18007B6893F88C3283F00103DBB2002B05D04A
:105E280008217868FFF786FF00231EE07B689B78CF
:105E3800092B0DD17B6893F88C3283F00103DBB218
:105E4800002B05D008217868FFF774FF00230CE0C9
:105E58007B6893F87131012B01D8012305E04FF4D9
:105E680000717868FFF766FF002318461037BD46B3
:105E780080BD80B584B000AF786039603B681B682E
:105E8800002B01D1002393E03B681B79002B01D143
:105E980000238DE03B68D3ED557AF5EEC07AF1EE3C
:105EA80010FA01D8002383E03B6893F83D30022BB9
:105EB80006D03B6893F83D30032B01D0002377E0F0
:105EC8003B681B681B7FFB73FB7B03F0F803002B0D
:105ED80001D000236CE0FB7B032B05D0FB7B052B5B
:105EE80002D0FB7B062B01D1012300E00023BB730A
:105EF8003B6893F83D30022B07D1BB7B83F001034D
:105F0800DBB2002B01D0002352E03B6893F83D3010
:105F1800032B04D1FB7B072B01D0002348E03B680F
:105F2800D3ED1A7AB0EE670AFBF7C2FF034683F097
:105F38000103DBB2002B19D13B68D3ED1B7AB0EE1D
:105F4800670AFBF7B5FF034683F00103DBB2002BBA
:105F58000CD13B68D3ED1C7AB0EE670AFBF7A8FFBB
:105F6800034683F00103DBB2002B01D0012300E0DC
:105F78000023002B01D000231AE03B68D3ED1A7AE6
:105F8800F5EEC07AF1EE10FA0FD43B68D3ED1B7A28
:105F9800F5EEC07AF1EE10FA07D43B68D3ED1C7A1F
:105FA800F5EEC07AF1EE10FA01D5002300E00123E6
:105FB80018461037BD4680BD80B483B000AF786006
:105FC80039603B6893ED007A7B68D3ED007AB4EED4
:105FD800E77AF1EE10FA01D53B6800E07B681846D5
:105FE8000C37BD465DF8047B704780B483B000AFC2
:105FF800786039607B6893ED007A3B68D3ED007A6E
:10600800B4EEE77AF1EE10FA01D53B6800E07B6860
:1060180018460C37BD465DF8047B704780B48DB0D8
:1060280000AFF861B9617A6187ED040AC7ED030A28
:1060380087ED021AC7ED011A3B60FB6B002B00F0DD
:10604800A0800023FB85D7ED047AF0EEE77AC7ED50
:106058000A7AD7ED037AF0EEE77A97ED0A7AB4EE8A
:10606800E77AF1EE10FA05D5D7ED037AF0EEE77A84
:10607800C7ED0A7AD7ED027AF0EEE77A97ED0A7A59
:10608800B4EEE77AF1EE10FA05D5D7ED027AF0EE24
:10609800E77AC7ED0A7ABB69D3ED007A97ED0A7AF9
:1060A800B4EEE77AF1EE10FA03DDFB8D43F001035D
:1060B800FB85BB69D3ED037A97ED017AB4EEE77AF5
:1060C800F1EE10FA03DDFB8D43F00203FB85BB699B
:1060D800D3ED047A97ED017AB4EEE77AF1EE10FA8F
:1060E8000BD597F83830002B07D097F83830012BAC
:1060F80003D0FB8D43F01003FB85002387F827307E
:1061080030E097F82720796913465B001344DB00D9
:106118000B4448331B7883F00103DBB2002B1BD1FF
:1061280097F827309B003A68134493ED007A97F864
:106138002720796913465B001344DB000B445C336A
:10614800D3ED007AB4EEE77AF1EE10FA05DDFB8DB7
:1061580043F02003FB8500E000BF97F827300133A8
:1061680087F827307B6993F8443097F827209A42BC
:10617800C7D3FB6B1A88FB8D13439AB2FB6B1A804B
:1061880000E000BF3437BD465DF8047B704700006F
:1061980080B500AF034B044A1A600020FBF71AFED3
:1061A80000BF80BD400600209914000880B582B069
:1061B80000AF78600B46FB70FB7819467868FBF7F0
:1061C80027FE00BF0837BD4680BD80B400AF04235A
:1061D8001846BD465DF8047B7047000080B500AFE7
:1061E800FBF740FB0346B04A1360AF4BAF4A5A6314
:1061F800AD4B4FF08B429A63AB4B4FF47A721A86D1
:10620800A94BAB4AC3F8D820A74BAA4A9A66A64B13
:10621800A94ADA66A44BA84A1A67A34B002283F856
:106228003C20A14B022283F83D209F4B002283F89B
:106238005C209D4B002283F83E209B4B002283F874
:106248003F20994B002283F84020974B9B4ADA6401
:10625800954B9B4A1A65944B984A1A66924B984AF2
:106268005A66914B012283F841208F4B954A5A6414
:106278008D4B954A9A648C4B012283F874208A4B83
:10628800012283F87820884B002283F88820864BE7
:106298008E4ADA67844B8C4AC3F88020824B8C4A3A
:1062A800C3F88420804B8B4AC3F88C207E4B07228E
:1062B8001A717D4B884A9A607B4B884ADA607A4B20
:1062C800874A1A61784B874A5A61774B864ADA615E
:1062D800754B864A1A62744B854A9A62724B854A94
:1062E800DA62714B844A5A6200F054F903466E4AE6
:1062F800C2F8DC306C4B002283F8E0206A4B0022A5
:10630800C3F8E420684B002283F8E820664B00229B
:10631800C3F8EC20644B4FF07E52C3F8F020624B78
:10632800002283F8F420604B4FF00002C3F8F820F5
:106338005D4B0122A3F8FC205B4B002283F8FE2072
:10634800594B6E4AC3F80021574B0322A3F8042186
:10635800554B002283F80821534B002283F809216A
:10636800514B002283F82C214F4B002283F82D211A
:106378004D4B002283F82E214B4B604AC3F8302145
:10638800494B0322A3F83421474B4FF07E52C3F800
:106398000C21454B4FF07C52C3F81021424B4FF073
:1063A8007F52C3F81421404B554AC3F818213E4B7D
:1063B8004FF07E52C3F838213B4B4FF08042C3F870
:1063C8003C21394B4F4AC3F84021374B4E4AC3F85A
:1063D8004421354B4B4AC3F84821334B474AC3F84D
:1063E8004C21314B6422A3F850212F4B032283F810
:1063F800A8212D4B012283F8A921FFF7E6FE0346C9
:106408001A46294B83F8AA21274B404AC3F854213E
:10641800254B3F4AC3F85821234B4FF00002C3F8DD
:106428005C21214B4FF07C52C3F864211E4B394A42
:10643800C3F86C211C4B4FF00002C3F870211A4BB3
:10644800334AC3F87821184B324AC3F88021164BD7
:10645800314AC3F88421144B2D4AC3F88C21124BBE
:106468004FF00002C3F894210F4B4FF00002C3F81D
:1064780098210D4B294AC3F8A0210B492848FBF75E
:106488007BFD0346002B14BF01230023DBB2002B46
:1064980001D000BFFDE700F085F8FFF779FEFBF7B4
:1064A800EBF900BF80BD00BF3800002085EB5140EC
:1064B8000000F04117B751380AD7A33C17B7D138B5
:1064C80000003C42007C924800401C460050C347F4
:1064D80000A04D450000AA420000A04000009042E4
:1064E800CDCCCC3D6F12033A0000204200803B45E2
:1064F80000005842000040416666663F3333B33EB1
:1065080000007A44000048420000FA4300409C46DC
:10651800CDCC4C3ECDCC4C3D6F12833A0000484365
:106528004C06002080B500AF0248FBF7FDFC00BF19
:1065380080BD00BF4C06002080B500AFFFF7F2FF1A
:1065480080BD000080B582B000AF78607868FBF746
:10655800F7FA7B68044A934202D1044B01221A706D
:1065680000BF0837BD4680BD5406002080060020C5
:1065780080B500AF054B1B7883F00103DBB2002B1D
:1065880002D00348FFF7DEFF00BF80BD8006002071
:106598005406002080B400AF00231846BD465DF8BD
:1065A800047B704780B500AFFFF7E2FF00BF80BDF6
:1065B80080B400AF00BFBD465DF8047B70470000A3
:1065C80080B500AF03490448FBF778FD0346184639
:1065D80080BD00BF200200204C06002080B500AF1F
:1065E800044B01221A70FFF7F9FD024B02221A70C0
:1065F80000BF80BD8206002080B582B000AF264B68
:106608001B680133244A1360FFF7D2FF234B1B7822
:10661800FB71FB79002B3BD0204B00221A70204ADB
:10662800FB791370FB79013B032B2CD801A252F89C
:1066380023F000BF4D6600085B6600086D66000821
:106648007F660008FFF7BCFF03461A46154B1A6021
:106658001FE000211448FBF7BFFC03461A46114B04
:106668001A6016E001211048FBF7B6FC03461A46EB
:106678000C4B1A600DE00C48FBF7D2FC03461A4697
:10668800084B1A6005E0074B4FF0FF321A6000E034
:1066980000BF0837BD4680BD840600208106002063
:1066A800880600208C0600204C06002080B400AF2D
:1066B800064BD3F88830054A43F47003C2F8883093
:1066C80000BFBD465DF8047B704700BF00ED00E0E9
:1066D80080B483B000AF786039607B689B6823F42E
:1066E8007C123B681A437B689A6000BF0C37BD4632
:1066F8005DF8047B704780B483B000AF7860396080
:106708007B689B6823F0E0723B681A437B689A6059
:1067180000BF0C37BD465DF8047B704780B483B07A
:1067280000AF78607B689B6803F0E07318460C370D
:10673800BD465DF8047B704780B487B000AFF86051
:10674800B9607A603B60FB6860331A46BB689B009F
:1067580013447B617B691A68084B13407A6802F01E
:10676800F8413A680A43134343F000427B691A60D0
:1067780000BF1C37BD465DF8047B704700F0FF037F
:1067880080B485B000AF786039607B6860331A46A2
:106798003B689B001344FB60FB681B6803F0F843ED
:1067A80018461437BD465DF8047B704780B487B03F
:1067B80000AFF860B9607A60FB6860331A46BB685E
:1067C8009B0013447B617B691B6823F000427B6854
:1067D8001A437B691A6000BF1C37BD465DF8047B0D
:1067E800704780B487B000AFF860B9607A60FB6822
:1067F80060331A46BB689B0013447B617B691B6846
:1068080023F080727B681A437B691A6000BF1C37CB
:10681800BD465DF8047B704780B487B000AFF86070
:10682800B9607A60FB6860331A46BB689B00134402
:106838007B617B691B6823F000727B681A437B6964
:106848001A6000BF1C37BD465DF8047B704780B4F2
:1068580083B000AF786039607B685B6923F00042E1
:106868003B681A437B685A6100BF0C37BD465DF828
:10687800047B704780B483B000AF78607B68DB68C6
:1068880003F44063002B01D1012300E000231846E4
:106898000C37BD465DF8047B704780B487B000AF05
:1068A800F860B9607A60FB6830331A46BB681B0A27
:1068B8009B0003F00C0313447B617B691A68BB6877
:1068C80003F01F031F2101FA03F3DB431A407B681F
:1068D8009B0E03F01F01BB6803F01F0301FA03F3CB
:1068E8001A437B691A6000BF1C37BD465DF8047BFC
:1068F800704780B483B000AF78607B68DB6C03F4CA
:10690800C073002B01D1012300E0002318460C3787
:10691800BD465DF8047B704780B487B000AFF8606F
:10692800B9607A60FB6814331A46BB685B0E9B003B
:1069380003F0040313447B617B691A68BB681B0D71
:1069480003F01F03072101FA03F3DB431A40BB6876
:106958001B0D03F01F03796801FA03F31A437B69DF
:106968001A6000BF1C37BD465DF8047B7047000005
:1069780080B485B000AFF860B9607A60FB68D3F87E
:10698800B020BB68C3F31203DB431A407B6803F0F3
:1069980018030849D940BB680B40C3F312031A43D4
:1069A800FB68C3F8B02000BF1437BD465DF8047B10
:1069B800704700BFFFFF070080B483B000AF786066
:1069C8007B689B6803F01F0318460C37BD465DF8CB
:1069D800047B704780B483B000AF78607B689B68A5
:1069E80003F4604318460C37BD465DF8047B7047D6
:1069F80080B483B000AF78607B689B6823F0204345
:106A080023F03F037A68936000BF0C37BD465DF8FA
:106A1800047B704780B483B000AF78607B689B6864
:106A280003F00053B3F1005F01D1012300E000231C
:106A380018460C37BD465DF8047B704780B483B0B8
:106A480000AF78607B689B6823F0104323F03F0316
:106A580043F080527B689A6000BF0C37BD465DF8F2
:106A6800047B704780B483B000AF78607B689B6814
:106A780003F08053B3F1805F01D1012300E00023CC
:106A880018460C37BD465DF8047B704780B483B068
:106A980000AF78607B689B6823F0004323F03F03D6
:106AA80043F001027B689A6000BF0C37BD465DF871
:106AB800047B704780B483B000AF78607B689B68C4
:106AC80023F0004323F03F0343F002027B689A60FF
:106AD80000BF0C37BD465DF8047B704780B483B0B7
:106AE80000AF78607B689B6803F00103012B01D13C
:106AF800012300E0002318460C37BD465DF8047BEF
:106B0800704780B483B000AF78607B689B6803F0FF
:106B18000203022B01D1012300E0002318460C37A1
:106B2800BD465DF8047B704780B483B000AF7860E1
:106B38007B689B6823F0004323F03F0343F0040283
:106B48007B689A6000BF0C37BD465DF8047B7047D0
:106B580080B483B000AF78607B689B6803F004035F
:106B6800042B01D1012300E0002318460C37BD4651
:106B78005DF8047B704780B483B000AF78607B68B1
:106B88009B6803F00803082B01D1012300E00023D0
:106B980018460C37BD465DF8047B704790B589B040
:106BA80000AF78600023FB770023FB607B68002B35
:106BB80001D10123A9E17B685B69002B7B68DB6D50
:106BC800002B09D17868FAF76BF97B6800221A66FE
:106BD8007B68002283F858207B681B681846FFF7FB
:106BE80019FF0346002B04D07B681B681846FFF783
:106BF800FFFE7B681B681846FFF734FF0346002B2F
:106C080015D17B681B681846FFF718FF9C4B1B685B
:106C18009B099C4AA2FB03239B0901335B00FB6091
:106C280002E0FB68013BFB60FB68002BF9D17B6845
:106C38001B681846FFF716FF0346002B0DD17B682B
:106C4800DB6D43F010027B68DA657B681B6E43F0EE
:106C580001027B681A660123FB777B681B6818466C
:106C6800FFF776FF78617B68DB6D03F01003002B7C
:106C780040F042817B69002B40F03E817B68DB6DF0
:106C880023F4817343F002027B68DA657B681B6832
:106C98001846FFF723FF0346002B41D17B681B688A
:106CA800B3F1A04F04D07B681B68774A93420FD199
:106CB8004FF0A040FFF712FF04467348FFF70EFF9E
:106CC80003462343002B0CBF01230023DBB212E051
:106CD8006E48FFF703FF04466D48FFF7FFFE0346C3
:106CE8001C436C48FFF7FAFE03462343002B0CBFF6
:106CF80001230023DBB2002B12D07B681B68B3F1A1
:106D0800A04F04D07B681B685F4A934201D1624A56
:106D180000E0624A7B685B6819461046FFF7D8FCBA
:106D28007B685B7F5A037B68DB6B1A437B68DB6895
:106D38001A437B689B681A437B6893F824301B04CA
:106D48001343BB617B6893F82430012B06D17B6821
:106D58009B6A013B5B04BA691343BB617B68DB6ACE
:106D6800002B09D07B68DB6A03F478727B681B6BA5
:106D78001343BA691343BB617B681B68DA68484BE5
:106D880013407A681268B9690B43D3607B681B6843
:106D98001B6923F040617B685A6B7B681B680A4358
:106DA8001A617B681B681846FFF7E5FE38617B6946
:106DB800002B7FD13B69002B7CD17B681B7F9A031A
:106DC8007B6893F838305B001343BB617B681B68B2
:106DD800DB6823F4804323F002037A681268B969F8
:106DE8000B43D3607B681B69002B17D07B681B683B
:106DF8001A697B681B6842F480321A617B681B68D9
:106E0800D3F8C03023F47F5323F03F037A68116925
:106E18007A6812680B43C2F8C03013E07B681B68BD
:106E28001A697B681B6822F480321A617B681B68C8
:106E3800D3F8C0307A68126823F47F5323F03F03F5
:106E4800C2F8C0307B6893F84030012B2AD17B68A8
:106E58001B681B6923F4FF6323F004037A68516CF1
:106E68007A68926C11437A68D26C11437A68126D11
:106E78000A431A437B681B6842F001021A6119E051
:106E880028020020632D3E05000100500004005038
:106E98000005005000060050000300500007005095
:106EA8000740F0FF7B681B681A697B681B6822F043
:106EB80001021A617B685B69012B0CD17B681B6836
:106EC8001B6B23F00F017B681B6A5A1E7B681B68CB
:106ED8000A431A6307E07B681B681A6B7B681B68A8
:106EE80022F00F021A637B68DB6D23F0030343F083
:106EF80001027B68DA6507E07B68DB6D43F010020E
:106F08007B68DA650123FB77FB7F18462437BD468B
:106F180090BD00BF80B586B000AFF860B9607A60F8
:106F2800FB681B68B3F1A04F04D0FB681B685A4A82
:106F3800934201D1594B00E0594B1846FFF73CFDED
:106F48003861FB681B681846FFF702FE0346002BF2
:106F580040F09B80FB6893F85830012B01D1022345
:106F680096E0FB68012283F85820FB681B684D4AAD
:106F7800934208D03B69002B05D03B69052B02D012
:106F88003B69092B7AD1F86800F060FF0346FB756E
:106F9800FB7D002B6DD1FB68DB6D23F4706323F060
:106FA800010343F48072FB68DA65FB681B683A4AA0
:106FB800934209D0FB681B683B4A934202D0FB68A6
:106FC8001B6803E0394B01E04FF0A043FA681268F0
:106FD800934202D03B69002B05D1FB68DB6D23F49B
:106FE8008012FB68DA65FB68DB6D03F48053002BC5
:106FF80006D0FB681B6E23F00602FB681A6602E0E7
:10700800FB6800221A66FB685B6D294ADA62FB6836
:107018005B6D284A1A63FB685B6D274A5A63FB68F5
:107028001B681C221A60FB68002283F85820FB6842
:107038001B685A68FB681B6842F010025A60FB68BC
:107048001B68DA68FB681B6842F00102DA60FB68BB
:10705800586DFB681B6840331946BA687B6803F0B3
:1070680027FD0346FB75FB681B681846FFF75CFDA8
:107078000DE0FB68002283F8582008E00123FB7527
:10708800FB68002283F8582001E00223FB75FB7D92
:1070980018461837BD4680BD000100500003005057
:1070A8000007005000060050000500500004005082
:1070B8003F800008178100083381000880B58AB036
:1070C80000AF786000237B627B681B681B68FB61EC
:1070D8007B681B685B68BB617B681B68B3F1A04F6A
:1070E80004D07B681B688E4A934201D18D4B00E027
:1070F8008D4B1846FFF760FC7861FB6903F00203CB
:10710800002B17D0BB6903F00203002B12D07B6859
:10711800DB6D03F01003002B05D17B68DB6D43F4B6
:1071280000627B68DA65786801F04CFC7B681B6854
:1071380002221A60FB6903F00403002B04D0BB6928
:1071480003F00403002B0BD1FB6903F00803002BA9
:1071580000F09480BB6903F00803002B00F08E80D8
:107168007B68DB6D03F01003002B05D17B68DB6DBA
:1071780043F400727B68DA657B681B681846FFF782
:1071880079FB0346002B72D07B681B68644A9342E4
:1071980009D07B681B68654A934202D07B681B68EC
:1071A80003E0634B01E04FF0A0437A681268934212
:1071B80008D07B69002B05D07B69052B02D07B6941
:1071C800092B04D17B681B68DB683B6214E07B6891
:1071D8001B68534A934209D07B681B68534A934201
:1071E80002D07B681B6803E0514B01E04FF0A043DD
:1071F8003B613B69DB683B623B6A03F40053002B4D
:1072080035D17B681B681B6803F00803082B2ED157
:107218007B681B681846FFF79BFC0346002B1AD1B6
:107228007B681B685A687B681B6822F00C025A60EE
:107238007B68DB6D23F480727B68DA657B68DB6DC5
:1072480003F48053002B12D17B68DB6D43F00102FD
:107258007B68DA650BE07B68DB6D43F010027B68C6
:10726800DA657B681B6E43F001027B681A667868F2
:1072780000F084F97B681B680C221A60FB6903F034
:107288002003002B04D0BB6903F02003002B0BD193
:10729800FB6903F04003002B00F0B380BB6903F0E7
:1072A8004003002B00F0AD807B68DB6D03F010031A
:1072B800002B05D17B68DB6D43F400527B68DA65EF
:1072C8007B681B681846FFF714FBF8607B681B682F
:1072D8001846FFF7CFFAB8607B681B68104A9342DC
:1072E80009D07B681B68114A934202D07B681B68EF
:1072F80003E00F4B01E04FF0A0437A681268934215
:1073080008D07B69002B05D07B69062B02D07B69EE
:10731800072B0FD17B681B68DB683B621FE000BF4F
:107328000001005000030050000700500005005005
:10733800000400507B681B688B4A934209D07B6825
:107348001B688A4A934202D07B681B6803E0884B1B
:1073580001E04FF0A0433B613B69DB683B62FB689F
:10736800002B47D03B6A03F00073002B07D0BB68A3
:10737800002B3FD03B6A03F40053002B3AD17B68C3
:107388001B681B6803F04003402B33D13B6A03F4AE
:107398000013002B2ED17B681B681846FFF7EBFB08
:1073A8000346002B1AD17B681B685A687B681B68E8
:1073B80022F060025A607B68DB6D23F480527B68A0
:1073C800DA657B68DB6D03F48073002B12D17B6870
:1073D800DB6D43F001027B68DA650BE07B68DB6DEF
:1073E80043F010027B68DA657B681B6E43F001028C
:1073F8007B681A667868FAF789FA7B681B686022E6
:107408001A60FB6903F08003002B11D0BB6903F0FD
:107418008003002B0CD07B68DB6D43F480327B68E3
:10742800DA65786800F0BEF87B681B6880221A600D
:10743800FB6903F48073002B12D0BB6903F48073DB
:10744800002B0DD07B68DB6D43F400327B68DA6576
:10745800786801F0A3FA7B681B684FF480721A60A1
:10746800FB6903F40073002B12D0BB6903F40073AB
:10747800002B0DD07B68DB6D43F480227B68DA65D6
:10748800786801F095FA7B681B684FF400721A60FF
:10749800FB6903F01003002B43D0BB6903F0100312
:1074A800002B3ED07B68DB6B002B02D101237B6273
:1074B80021E07B69002B15D07B681B68B3F1A04FD6
:1074C80004D07B681B68284A934201D1294B00E00D
:1074D800294B1846FFF77EFA0346002B0BD00123F1
:1074E8007B6208E07B681B68DB6803F00103002B04
:1074F80001D001237B627B6A012B0ED17B68DB6D97
:1075080043F480627B68DA657B681B6E43F0020295
:107518007B681A66786800F04FF87B681B68102251
:107528001A60FB6903F48063002B18D0BB6903F46D
:107538008063002B13D07B68DB6D43F480427B684B
:10754800DA657B681B6E43F008027B681A667B6805
:107558001B684FF480621A60786801F015FA00BF62
:107568002837BD4680BD00BF00010050000500500F
:1075780000040050000300500007005080B483B09E
:1075880000AF786000BF0C37BD465DF8047B7047DC
:1075980080B483B000AF786000BF0C37BD465DF89B
:1075A800047B704780B483B000AF786000BF0C37AD
:1075B800BD465DF8047B704780B483B000AF786047
:1075C80000BF0C37BD465DF8047B704780B5B6B088
:1075D80000AF78603960002387F8D7300023FB605C
:1075E8007B6893F85830012B02D1022300F013BCBA
:1075F8007B68012283F858207B681B681846FFF7D0
:10760800A7FA0346002B40F0F3837B6818683B68B1
:1076180059683B681B681A46FFF73FF97B681B6887
:107628001846FFF795FAC7F8D0007B681B6818461C
:10763800FFF7A1FAC7F8CC00D7F8D030002B40F0FC
:10764800D981D7F8CC30002B40F0D4813B689B68B7
:10765800B3F1004F0FD17B6818683B681B680022A4
:107668001946FFF759F97B681B684FF00041184627
:10767800FFF7EDF80EE07B6818683B6819683B680F
:107688009B681A46FFF748F97B681B680021184673
:10769800FFF7DDF83B685A697B681B68DB68DB0825
:1076A80003F003035B0002FA03F3C7F8C8303B6832
:1076B8001B69042B22D07B6818683B6819693B68F2
:1076C8001A68D7F8C830FFF737F87B6818683B683E
:1076D80019693B689B691A46FFF783F87B68186845
:1076E8003B6819693B681B7F012B02D14FF000737F
:1076F80000E000231A46FFF78FF87BE17B681B68E0
:1077080000211846FFF73CF80346C3F31203002B89
:107718000AD17B681B6800211846FFF731F8034639
:107728009B0E03F01F021EE07B681B6800211846B1
:10773800FFF726F80346C7F8BC30D7F8BC3093FAF1
:10774800A3F3C7F8C030D7F8C030C7F8B830D7F8B7
:10775800B830002B01D1202304E0D7F8B830B3FAB1
:1077680083F3DBB21A463B681B68C3F31203002B92
:1077780005D13B681B689B0E03F01F0318E03B68AC
:107788001B68C7F8B030D7F8B03093FAA3F3C7F83E
:10779800AC30D7F8AC30C7F8B430D7F8B430002BD9
:1077A80001D1202304E0D7F8B430B3FA83F3DBB275
:1077B8009A4206D17B681B68002200211846FEF712
:1077C800F5FF7B681B6801211846FEF7D9FF0346C1
:1077D800C3F31203002B0AD17B681B6801211846EA
:1077E800FEF7CEFF03469B0E03F01F021EE07B68E8
:1077F8001B6801211846FEF7C3FF0346C7F8A430EB
:10780800D7F8A43093FAA3F3C7F8A030D7F8A0307C
:10781800C7F8A830D7F8A830002B01D1202304E0FE
:10782800D7F8A830B3FA83F3DBB21A463B681B6873
:10783800C3F31203002B05D13B681B689B0E03F0B2
:107848001F0318E03B681B68C7F89830D7F89830D2
:1078580093FAA3F3C7F89430D7F89430C7F89C305C
:10786800D7F89C30002B01D1202304E0D7F89C30B6
:10787800B3FA83F3DBB29A4206D17B681B68002215
:1078880001211846FEF792FF7B681B680221184603
:10789800FEF776FF0346C3F31203002B0AD17B6879
:1078A8001B6802211846FEF76BFF03469B0E03F088
:1078B8001F021EE07B681B6802211846FEF760FF66
:1078C8000346C7F88C30D7F88C3093FAA3F3C7F87F
:1078D8008830D7F88830C7F89030D7F89030002B28
:1078E80001D1202304E0D7F89030B3FA83F3DBB258
:1078F8001A463B681B68C3F31203002B05D13B688B
:107908001B689B0E03F01F0316E03B681B68C7F853
:107918008030D7F8803093FAA3F3FB67FB6FC7F882
:107928008430D7F88430002B01D1202304E0D7F825
:107938008430B3FA83F3DBB29A4206D17B681B68C2
:10794800002202211846FEF731FF7B681B680321DD
:107958001846FEF715FF0346C3F31203002B0AD19E
:107968007B681B6803211846FEF70AFF03469B0E37
:1079780003F01F0217E07B681B6803211846FEF717
:10798800FFFE03467B677B6F93FAA3F33B673B6F6E
:10799800BB67BB6F002B01D1202303E0BB6FB3FA99
:1079A80083F3DBB21A463B681B68C3F31203002B50
:1079B80005D13B681B689B0E03F01F0311E03B6871
:1079C8001B68BB66BB6E93FAA3F37B667B6EFB6694
:1079D800FB6E002B01D1202303E0FB6EB3FA83F387
:1079E800DBB29A4206D17B681B6800220321184645
:1079F800FEF7DCFE7B681B681846FFF76FF8034646
:107A0800002B40F03D817B6818683B6819683B682B
:107A1800DB681A46FEF7ACFF3B68DB68A24A934274
:107A280040F02E817B6818683B681B68C3F312031B
:107A3800002B0BD13B681B689B0E013303F01F031F
:107A4800092B94BF01230023DBB219E03B681B68B4
:107A5800FB65FB6D93FAA3F3BB65BB6D3B663B6EA1
:107A6800002B01D1202303E03B6EB3FA83F3DBB292
:107A7800013303F01F03092B94BF01230023DBB25A
:107A8800002B79D03B681B68C3F31203002B07D186
:107A98003B681B689B0E01339B0603F0F84215E018
:107AA8003B681B683B653B6D93FAA3F3FB64FB6C77
:107AB8007B657B6D002B01D1202303E07B6DB3FA3E
:107AC80083F3DBB201339B0603F0F8423B681B6883
:107AD800C3F31203002B09D13B681B689B0E0133CB
:107AE80003F01F03012101FA03F317E03B681B6849
:107AF8007B647B6C93FAA3F33B643B6CBB64BB6C09
:107B0800002B01D1202303E0BB6CB3FA83F3DBB273
:107B1800013303F01F03012101FA03F342EA0301D1
:107B28003B681B68C3F31203002B0AD13B681B6830
:107B38009B0E013303F01F0213465B0013441B0521
:107B480018E03B681B68BB63BB6B93FAA3F37B63CA
:107B58007B6BFB63FB6B002B01D1202303E0FB6BEA
:107B6800B3FA83F3DBB2013303F01F0213465B0061
:107B780013441B050B437EE03B681B68C3F31203E9
:107B8800002B07D13B681B689B0E01339B0603F053
:107B9800F84215E03B681B68FB62FB6A93FAA3F3A3
:107BA800BB62BB6A3B633B6B002B01D1202303E024
:107BB8003B6BB3FA83F3DBB201339B0603F0F84265
:107BC8003B681B68C3F31203002B09D13B681B6891
:107BD8009B0E013303F01F03012101FA03F317E0A1
:107BE8003B681B683B623B6A93FAA3F3FB61FB6942
:107BF8007B627B6A002B01D1202303E07B6AB3FA06
:107C080083F3DBB2013303F01F03012101FA03F30D
:107C180042EA03013B681B68C3F31203002B0DD132
:107C28003B681B689B0E013303F01F0213465B0081
:107C380013441E3B1B0543F000731BE03B681B68A5
:107C48007B617B6993FAA3F33B613B69BB61BB69C9
:107C5800002B01D1202303E0BB69B3FA83F3DBB225
:107C6800013303F01F0213465B0013441E3B1B0540
:107C780043F000730B433A6892681946FEF74CFECE
:107C88003B681A68094B1340002B00F0BE807B68E4
:107C98001B68B3F1A04F04D07B681B68044A934269
:107CA8000AD1044B09E000BF00007F4000000880B3
:107CB8000001005000030050594B1846FEF72EFDF6
:107CC800C7F8C4003B681B68564A934204D03B6817
:107CD8001B68554A93423AD1D7F8C43003F40003DD
:107CE800002B34D17B681B68B3F1A04F05D07B68AB
:107CF8001B684E4A934240F085807B681B68B3F14D
:107D0800A04F04D07B681B68494A934201D1494A75
:107D180000E0434AD7F8C43043F40003194610463C
:107D2800FEF7E9FC444B1B689B09444AA2FB03236A
:107D38009B095A1C13465B0013449B00FB6002E03E
:107D4800FB68013BFB60FB68002BF9D15AE03B68FC
:107D58001B683B4A934225D1D7F8C43003F080739F
:107D6800002B1FD17B681B68314A934204D17B6882
:107D78001B68344A934247D07B681B68B3F1A04F15
:107D880004D07B681B682A4A934201D1294A00E043
:107D9800234AD7F8C43043F0807319461046FEF7DB
:107DA800AAFC31E03B681B68274A93422DD1D7F8DB
:107DB800C43003F48003002B27D17B681B681C4A5E
:107DC800934222D07B681B68B3F1A04F04D07B6834
:107DD8001B68174A934201D1164A00E0104AD7F8A7
:107DE800C43043F4800319461046FEF784FC0CE0C7
:107DF8007B68DB6D43F020027B68DA65012387F836
:107E0800D73002E000BF00E000BF7B68002283F8A3
:107E1800582097F8D7301846D837BD4680BD00BFE0
:107E280000070050000021C31000C0900006005059
:107E3800000100500003005028020020632D3E0579
:107E4800000052C700050050000084CB80B584B004
:107E580000AF78600023BB607B681B681846FEF79C
:107E68003DFE0346002B76D17B681B689A683C4B25
:107E78001340002B0DD07B68DB6D43F010027B684C
:107E8800DA657B681B6E43F001027B681A66012382
:107E980062E07B681B681846FEF7F8FD7B681B6884
:107EA800B3F1A04F04D07B681B682E4A934201D1DE
:107EB8002D4B00E02D4B1846FEF730FC034603F42B
:107EC8000003002B13D02A4B1B689B09294AA2FBED
:107ED80003239B095A1C13465B0013449B00BB6099
:107EE80002E0BB68013BBB60BB68002BF9D101F025
:107EF8000BFCF86028E07B681B681846FEF7EEFD6F
:107F08000346002B04D17B681B681846FEF7BEFDAC
:107F180001F0FAFB0246FB68D31A022B14D97B68DE
:107F28001B681B6803F00103012B0DD07B68DB6D18
:107F380043F010027B68DA657B681B6E43F0010230
:107F48007B681A66012307E07B681B681B6803F0DF
:107F58000103012BCFD1002318461037BD4680BD41
:107F68003F0000800001005000030050000700504F
:107F780028020020632D3E0580B584B000AF7860EC
:107F88007B681B681846FEF7BCFDF8607B681B68B9
:107F98001846FEF7A3FD0346002B47D0FB68002BCD
:107FA80044D17B681B689B6803F00D03012B0CD13F
:107FB8007B681B681846FEF77DFD7B681B680322FB
:107FC8001A6001F0A1FBB86029E07B68DB6D43F023
:107FD80010027B68DA657B681B6E43F001027B68E0
:107FE8001A66012323E001F08FFB0246BB68D31A0F
:107FF800022B14D97B681B689B6803F00103002BD4
:108008000DD07B68DB6D43F010027B68DA657B6816
:108018001B6E43F001027B681A66012307E07B6848
:108028001B689B6803F00103002BDCD10023184672
:108038001037BD4680BD80B584B000AF78607B68DE
:108048009B6AFB60FB68DB6D03F05003002B4BD190
:10805800FB68DB6D43F40072FB68DA65FB681B683C
:108068001B6803F00803002B21D0FB681B68184627
:10807800FEF700FC0346002B32D0FB681B68DB6868
:1080880003F40053002B2BD1FB68DB6D23F48072C3
:10809800FB68DA65FB68DB6D03F48053002B1FD1A6
:1080A800FB68DB6D43F00102FB68DA6518E0FB68EA
:1080B8001B68DB6803F00203002B11D1FB68DB6D42
:1080C80023F48072FB68DA65FB68DB6D03F4805388
:1080D800002B05D1FB68DB6D43F00102FB68DA6514
:1080E800F868FFF74BFA0EE0FB68DB6D03F010034E
:1080F800002B03D0F868FFF75FFA04E0FB685B6DBC
:108108005B6B7868984700BF1037BD4680BD80B567
:1081180084B000AF78607B689B6AFB60F868FFF703
:1081280037FA00BF1037BD4680BD80B584B000AFB8
:1081380078607B689B6AFB60FB68DB6D43F04002FC
:10814800FB68DA65FB681B6E43F00402FB681A667D
:10815800F868FFF731FA00BF1037BD4680BD80B41C
:1081680083B000AF786039607B689B6823F0E07269
:108178003B681A437B689A6000BF0C37BD465DF8C0
:10818800047B704780B483B000AF78607B689B68DD
:1081980003F0E07318460C37BD465DF8047B704762
:1081A80080B487B000AFF860B9607A603B60FB6864
:1081B80060331A46BB689B0013447B617B691A686D
:1081C800084B13407A6802F0F8413A680A431343AF
:1081D80043F000427B691A6000BF1C37BD465DF85A
:1081E800047B704700F0FF0380B485B000AF78606F
:1081F80039607B6860331A463B689B001344FB6018
:10820800FB681B6803F0F84318461437BD465DF851
:10821800047B704780B487B000AFF860B9607A60BB
:10822800FB6860331A46BB689B0013447B617B691B
:108238001B6823F000427B681A437B691A6000BF01
:108248001C37BD465DF8047B704780B487B000AF2B
:10825800F860B9607A60FB6860331A46BB689B00B7
:1082680013447B617B691B6823F080727B681A4327
:108278007B691A6000BF1C37BD465DF8047B7047F8
:1082880080B487B000AFF860B9607A60FB6860338B
:108298001A46BB689B0013447B617B691B6823F00B
:1082A80000727B681A437B691A6000BF1C37BD46A1
:1082B8005DF8047B704780B483B000AF78603960A4
:1082C8007B685B6923F000423B681A437B685A610C
:1082D80000BF0C37BD465DF8047B704780B483B09F
:1082E80000AF78607B68DB6803F0007318460C37D2
:1082F800BD465DF8047B704780B487B000AFF86076
:10830800B9607A60FB6814331A46BB685B0E9B0041
:1083180003F0040313447B617B691A68BB681B0D77
:1083280003F01F03072101FA03F3DB431A40BB687C
:108338001B0D03F01F03796801FA03F31A437B69E5
:108348001A6000BF1C37BD465DF8047B704700000B
:1083580080B485B000AFF860B9607A60FB68D3F884
:10836800B020BB68C3F31203DB431A407B6803F0F9
:1083780018030849D940BB680B40C3F312031A43DA
:10838800FB68C3F8B02000BF1437BD465DF8047B16
:10839800704700BFFFFF070080B483B000AF78606C
:1083A8007B689B6803F01F0318460C37BD465DF8D1
:1083B800047B704780B483B000AF78607B689B68AB
:1083C80003F00103012B01D1012300E0002318462B
:1083D8000C37BD465DF8047B704780B483B000AFAE
:1083E800786039607B689B6823F0404323F03F0343
:1083F8003A6802F08042134343F000427B689A6077
:1084080000BF0C37BD465DF8047B704780B483B06D
:1084180000AF78607B689B6803F00043B3F1004FBE
:1084280001D1012300E0002318460C37BD465DF852
:10843800047B704780B483B000AF78607B689B682A
:1084480003F00403042B01D1012300E000231846A4
:108458000C37BD465DF8047B704780B483B000AF2D
:1084680078607B689B6823F0004323F03F0343F068
:1084780008027B689A6000BF0C37BD465DF8047B34
:10848800704780B483B000AF78607B689B6803F066
:108498000803082B01D1012300E0002318460C37FC
:1084A800BD465DF8047B704780B584B000AF786046
:1084B80039600023BB607B6893F85830012B01D1E9
:1084C80002234DE07B68012283F858207868FFF783
:1084D80053FD0346FB73FB7B002B36D17B68DB6DBA
:1084E80023F4885323F0020343F002027B68DA6521
:1084F8007B681B6839681846FFF76FFF14E0BB6894
:108508000133BB60BB68184A93420DD97B68DB6DA9
:1085180023F0120343F010027B68DA657B680022BF
:1085280083F8582001231BE07B681B681846FFF777
:108538006DFF0346002BE2D17B68DB6D23F003035C
:1085480043F001027B68DA6505E07B68DB6D43F088
:1085580010027B68DA657B68002283F85820FB7B71
:1085680018461037BD4680BD01DE040080B586B0D0
:1085780000AF78607B681B68B3F1A04F04D07B68BC
:108588001B685D4A934201D15C4B00E05C4B184686
:10859800FFF702FF78617B681B681846FFF771FFD9
:1085A8000346002B01D00223A2E07B681B68DB682E
:1085B80003F000433B617B681B68DB6C03F4C0730A
:1085C800002B0AD13B69002B07D17B68DB6D43F098
:1085D80020027B68DA6501238AE07B6893F85830CB
:1085E800012B01D1022383E07B68012283F8582004
:1085F8007868FFF72BFC0346FB73FB7B002B72D1DB
:108608007B68DB6D03F48073002B06D07B681B6EE0
:1086180023F008027B681A6602E07B6800221A666B
:108628007B68DB6D23F4405323F0010343F480524D
:108638007B68DA657B681B682F4A934209D07B68A0
:108648001B68304A934202D07B681B6803E02E4BBC
:1086580001E04FF0A0437A681268934202D07B6928
:10866800002B05D17B68DB6D23F480127B68DA650B
:108678007B681B6860221A607B68002283F8582098
:108688007B681B681C4A934209D07B681B681D4A9B
:10869800934202D07B681B6803E01B4B01E04FF05C
:1086A800A0437A681268934208D07B69002B05D0F2
:1086B8007B69062B02D07B69072B0DD17B681B6871
:1086C8001846FFF70BFE0346002B10D17B681B688A
:1086D8001846FFF7C2FE0AE07B68DB6D43F48012A0
:1086E8007B68DA6503E07B68002283F85820FB7B0F
:1086F80018461837BD4680BD0001005000030050E1
:1087080000070050000500500004005080B586B0F6
:1087180000AF78607B681B68B3F1A04F04D07B681A
:108728001B68784A934201D1774B00E0774B184693
:10873800FFF732FE78617B681B681846FFF7A1FED9
:108748000346002B01D00223D8E07B681B68DB6856
:1087580003F000433B617B681B68DB6C03F4C07368
:10876800002B0AD13B69002B07D17B68DB6D43F0F6
:1087780020027B68DA650123C0E07B6893F85830F3
:10878800012B01D10223B9E07B68012283F858202C
:108798007868FFF75BFB0346FB73FB7B002B40F01D
:1087A800A8807B68DB6D03F48073002B06D07B68A0
:1087B8001B6E23F008027B681A6602E07B680022C1
:1087C8001A667B68DB6D23F4405323F0010343F4FE
:1087D80080527B68DA657B681B684A4A934209D0F5
:1087E8007B681B684A4A934202D07B681B6803E097
:1087F800484B01E04FF0A0437A681268934202D0D8
:108808007B69002B05D17B68DB6D23F480127B68C4
:10881800DA657B681B6860221A607B68002283F82F
:1088280058207B681B68DB6803F40013002B07D013
:108838007B681B685A687B681B6842F480625A60D0
:108848007B689B69082B10D17B681B685A687B681A
:108858001B6822F020025A607B681B685A687B6894
:108868001B6842F040025A6010E07B681B685A6837
:108878007B681B6822F040025A607B681B685A6854
:108888007B681B6842F020025A6000BF7B681B6847
:108898001C4A934209D07B681B681D4A934202D048
:1088A8007B681B6803E01B4B01E04FF0A0437A682C
:1088B8001268934208D07B69002B05D07B69062B90
:1088C80002D07B69072B0DD17B681B681846FFF720
:1088D80005FD0346002B10D17B681B681846FFF77F
:1088E800BCFD0AE07B68DB6D43F480127B68DA65C7
:1088F80003E07B68002283F85820FB7B1846183772
:10890800BD4680BD00010050000300500007005024
:10891800000500500004005080B485B000AF7860B6
:1089280039603B6840F21B3293420ED03B68B3F586
:10893800477F1CD23B6840F20F12934211D03B682C
:1089480040F21522934206D011E07B681B68D3F8E9
:108958008C30FB6011E07B681B68D3F88830FB60C3
:108968000BE07B681B68D3F88430FB6005E07B680C
:108978001B68D3F88030FB6000BFFB6818461437CB
:10898800BD465DF8047B704780B483B000AF786063
:1089980000BF0C37BD465DF8047B704780B483B0D8
:1089A80000AF786000BF0C37BD465DF8047B7047A8
:1089B80080B483B000AF786000BF0C37BD465DF867
:1089C800047B704780B483B000AF786000BF0C3779
:1089D800BD465DF8047B704780B5B6B000AF7860DF
:1089E8003960002387F8D7300023BB600023C7F81D
:1089F800D0307B6893F85830012B02D1022300F065
:108A0800FDBC7B68012283F858207B685B69002BDA
:108A180003D03B681B6A012B30D13B685B68092B8C
:108A280079D13B689B6A002B10D03B681B689B0E72
:108A38005B0203F478523B689B6A03F07C031A4399
:108A48003B68DB6A1343C7F8D03007E03B681B6814
:108A58009B0E5B0203F47853C7F8D0307B681B6821
:108A6800DA6C844B13407A681268D7F8D0100B433D
:108A7800D3647B68D7F8D0205A664CE07B689B6E3D
:108A8800002B1DD13B681A6A7B689A667B680022B6
:108A98005A663B689B6A002B0DD03B681B6A5A1EBE
:108AA8003B689B6A03F07C031A433B68DB6A134309
:108AB800C7F8D03004E03B681B6A013BC7F8D030E8
:108AC8003B681B689B0E03F01F023B685B6803F062
:108AD8001F0302FA03F3D7F8D0201343C7F8D030A6
:108AE8007B689B6E5A1E7B689A667B685A6ED7F8BD
:108AF800D0301A437B685A667B689B6E002B0AD17C
:108B08007B681B68DA6C5B4B13407A68516E7A6835
:108B180012680B43D3647B681B681846FFF7B1FCE7
:108B28000346002B24D13B6893F82530002B12D143
:108B38007B681B68DB6823F440113B6893F8263098
:108B48005A053B6893F824301B051A437B681B6859
:108B58000A43DA600CE07B681B68DB6823F4401189
:108B68003B6893F826305A057B681B680A43DA602D
:108B78007B681B681846FFF75DFCC7F8CC007B686C
:108B88001B681846FFF77DFCC7F8C800D7F8CC303B
:108B9800002B40F02E82D7F8C830002B40F02982F5
:108BA8003B689B6A002B03D03B68DB6A002B16D11D
:108BB8003B6893F82530012B08D17B681B68DA687D
:108BC8007B681B6842F00072DA601FE07B681B68F4
:108BD800DA687B681B6822F00072DA6016E03B688E
:108BE80093F82530012B09D17B68DB6D43F0200217
:108BF8007B68DA65012387F8D73007E07B681B6854
:108C0800DA687B681B6822F00072DA603B6893F8C8
:108C18003030012B10D17B681B681B6923F4FF726D
:108C28003B68596B3B689B6B0B431A437B681B681B
:108C380042F002021A6107E07B681B681A697B68C8
:108C48001B6822F002021A613B689B68B3F1004F6F
:108C580012D17B6818683B681B6800221946FFF729
:108C68004BFB7B681B684FF000411846FFF723FB5E
:108C780011E000BF004010047B6818683B68196861
:108C88003B689B681A46FFF737FB7B681B68002127
:108C98001846FFF710FB3B685A697B681B68DB685E
:108CA800DB0803F003035B0002FA03F3C7F8C430E0
:108CB8003B681B69042B22D07B6818683B681969DC
:108CC8003B681A68D7F8C430FFF76AFA7B681868F7
:108CD8003B6819693B689B691A46FFF7B6FA7B68D7
:108CE80018683B6819693B681B7F012B02D14FF05C
:108CF800007300E000231A46FFF7C2FA79E17B68A7
:108D08001B6800211846FFF76FFA0346C3F31203E6
:108D1800002B0AD17B681B6800211846FFF764FA0C
:108D280003469B0E03F01F021EE07B681B680021B0
:108D38001846FFF759FA0346C7F8B430D7F8B430E5
:108D480093FAA3F3C7F8B830D7F8B830C7F8B030FB
:108D5800D7F8B030002B01D1202304E0D7F8B03089
:108D6800B3FA83F3DBB21A463B681B68C3F31203FA
:108D7800002B05D13B681B689B0E03F01F0318E00E
:108D88003B681B68C7F8AC30D7F8AC3093FAA3F34C
:108D9800C7F8A830D7F8A830C7F8BC30D7F8BC3027
:108DA800002B01D1202304E0D7F8BC30B3FA83F3B9
:108DB800DBB29A4206D17B681B6800220021184664
:108DC800FFF728FA7B681B6801211846FFF70CFAA1
:108DD8000346C3F31203002B0AD17B681B680121E9
:108DE8001846FFF701FA03469B0E03F01F021EE028
:108DF8007B681B6801211846FFF7F6F90346C7F898
:108E0800A030D7F8A03093FAA3F3C7F89C30D7F86E
:108E18009C30C7F8A430D7F8A430002B01D1202308
:108E280004E0D7F8A430B3FA83F3DBB21A463B6800
:108E38001B68C3F31203002B05D13B681B689B0E0C
:108E480003F01F0318E03B681B68C7F89430D7F895
:108E5800943093FAA3F3C7F89030D7F89030C7F856
:108E68009830D7F89830002B01D1202304E0D7F8A8
:108E78009830B3FA83F3DBB29A4206D17B681B6859
:108E8800002201211846FFF7C5F97B681B680221FB
:108E98001846FFF7A9F90346C3F31203002B0AD1BA
:108EA8007B681B6802211846FFF79EF903469B0E54
:108EB80003F01F021EE07B681B6802211846FFF7BB
:108EC80093F90346C7F88830D7F8883093FAA3F3A4
:108ED800C7F88430D7F88430C7F88C30D7F88C308E
:108EE800002B01D1202304E0D7F88C30B3FA83F3A8
:108EF800DBB21A463B681B68C3F31203002B05D18B
:108F08003B681B689B0E03F01F0314E03B681B685B
:108F1800FB67FB6F93FAA3F3BB67BB6FC7F880309F
:108F2800D7F88030002B01D1202304E0D7F8803017
:108F3800B3FA83F3DBB29A4206D17B681B6800223E
:108F480002211846FFF766F97B681B68032118465B
:108F5800FFF74AF90346C3F31203002B0AD17B68D3
:108F68001B6803211846FFF73FF903469B0E03F0E1
:108F78001F0217E07B681B6803211846FFF734F9C6
:108F880003463B673B6F93FAA3F3FB66FB6E7B6775
:108F98007B6F002B01D1202303E07B6FB3FA83F3AF
:108FA800DBB21A463B681B68C3F31203002B05D1DA
:108FB8003B681B689B0E03F01F0311E03B681B68AE
:108FC8007B667B6E93FAA3F33B663B6EBB66BB6E18
:108FD800002B01D1202303E0BB6EB3FA83F3DBB28D
:108FE8009A4206D17B681B68002203211846FFF7C6
:108FF80011F97B681B681846FFF7DCF90346002B5C
:1090080040F03D817B6818683B6819683B68DB68FD
:109018001A46FFF79DF93B68DB68A24A934240F085
:109028002E817B6818683B681B68C3F31203002B0A
:109038000BD13B681B689B0E013303F01F03092B00
:1090480094BF01230023DBB219E03B681B68BB65B2
:10905800BB6D93FAA3F37B657B6DFB65FB6D002B02
:1090680001D1202303E0FB6DB3FA83F3DBB20133B4
:1090780003F01F03092B94BF01230023DBB2002B4D
:1090880079D03B681B68C3F31203002B07D13B68F8
:109098001B689B0E01339B0603F0F84215E03B6802
:1090A8001B68FB64FB6C93FAA3F3BB64BB6C3B6566
:1090B8003B6D002B01D1202303E03B6DB3FA83F312
:1090C800DBB201339B0603F0F8423B681B68C3F32D
:1090D8001203002B09D13B681B689B0E013303F078
:1090E8001F03012101FA03F317E03B681B683B6487
:1090F8003B6C93FAA3F3FB63FB6B7B647B6C002BE9
:1091080001D1202303E07B6CB3FA83F3DBB2013394
:1091180003F01F03012101FA03F342EA03013B684C
:109128001B68C3F31203002B0AD13B681B689B0E14
:10913800013303F01F0213465B0013441B0518E0BC
:109148003B681B687B637B6B93FAA3F33B633B6BC6
:10915800BB63BB6B002B01D1202303E0BB6BB3FACD
:1091680083F3DBB2013303F01F0213465B001344A1
:109178001B050B437EE03B681B68C3F31203002BFF
:1091880007D13B681B689B0E01339B0603F0F8422E
:1091980015E03B681B68BB62BB6A93FAA3F37B626A
:1091A8007B6AFB62FB6A002B01D1202303E0FB6A88
:1091B800B3FA83F3DBB201339B0603F0F8423B6852
:1091C8001B68C3F31203002B09D13B681B689B0E75
:1091D800013303F01F03012101FA03F317E03B6891
:1091E8001B68FB61FB6993FAA3F3BB61BB693B6234
:1091F8003B6A002B01D1202303E03B6AB3FA83F3D7
:10920800DBB2013303F01F03012101FA03F342EA41
:1092180003013B681B68C3F31203002B0DD13B68A5
:109228001B689B0E013303F01F0213465B001344B7
:109238001E3B1B0543F000731BE03B681B683B614A
:109248003B6993FAA3F3FB60FB687B617B69002BA6
:1092580001D1202303E07B69B3FA83F3DBB2013346
:1092680003F01F0213465B0013441E3B1B0543F02B
:1092780000730B433A6892681946FFF73DF83B685C
:109288001A68094B1340002B00F0B2807B681B68FA
:10929800B3F1A04F04D07B681B68044A934209D1FC
:1092A800034B08E000007F400000088000010050E8
:1092B80000030050534B1846FEF764FFC7F8C00080
:1092C8003B681B68504A934204D03B681B684F4A6E
:1092D800934239D1D7F8C03003F40003002B33D1BF
:1092E8007B681B68B3F1A04F04D07B681B68484AB1
:1092F80093427AD17B681B68B3F1A04F04D07B6896
:109308001B68444A934201D1434A00E03D4AD7F8DA
:10931800C03043F4000319461046FEF720FF3F4BC8
:109328001B689B093E4AA2FB03239A0913465B006C
:1093380013449B001833BB6002E0BB68013BBB6071
:10934800BB68002BF9D150E03B681B68354A934253
:1093580025D1D7F8C03003F08073002B1FD17B686C
:109368001B682C4A934204D17B681B682E4A93429F
:109378003DD07B681B68B3F1A04F04D07B681B68A5
:10938800244A934201D1244A00E01E4AD7F8C0304B
:1093980043F0807319461046FEF7E1FE27E03B686C
:1093A8001B68224A934223D1D7F8C03003F48003C4
:1093B800002B1DD17B681B68164A934218D07B6826
:1093C8001B68B3F1A04F04D07B681B68114A934215
:1093D80001D1114A00E00B4AD7F8C03043F48003AA
:1093E80019461046FEF7BBFE02E000BF00E000BFD2
:1093F8007B68002283F8582097F8D7301846D8376A
:10940800BD4680BD00070050000021C31000C09079
:109418000006005000010050000300502802002000
:10942800632D3E05000052C700050050000084CBA4
:1094380090B5A1B000AF78603960002387F87F301D
:109448007B6893F85830012B01D10223E7E07B6851
:10945800012283F8582000237B660023BB667B68C3
:109468001B68B3F1A04F02D16F4BBB6009E07B686A
:109478001B686E4A934202D16D4BBB6001E000232A
:10948800BB60BB68002B0BD17B68DB6D43F020020F
:109498007B68DA657B68002283F858200123BEE0E8
:1094A800BB681846FEF7C6FFB8677B681B68184696
:1094B800FEF7C0FF0346002B40F0A080BB6F002BD7
:1094C80040F09C807B681B68B3F1A04F04D07B6898
:1094D8001B68554A934201D1564B00E0564B7B67B7
:1094E8003B681B68002B4BD07B6F9B6823F4604262
:1094F8003B6859687B6893F838305B030B431A4321
:109508007B6F9A607B681B68B3F1A04F04D07B68BF
:109518001B68454A93420FD14FF0A040FEF74AFF1F
:1095280004464148FEF746FF03462343002B0CBF81
:1095380001230023DBB212E03C48FEF73BFF044660
:109548003B48FEF737FF03461C433C48FEF732FF13
:1095580003462343002B0CBF01230023DBB2002B5F
:1095680056D07B6F9B6823F4716323F00F033A682E
:1095780011683A6892680A431A437B6F9A6047E019
:109588007B6F9B6823F460427B6F9A607B681B68E3
:10959800B3F1A04F04D07B681B68234A93420FD1D4
:1095A8004FF0A040FEF706FF04461F48FEF702FFF3
:1095B80003462343002B0CBF01230023DBB212E038
:1095C8001A48FEF7F7FE04461948FEF7F3FE03466D
:1095D8001C431A48FEF7EEFE03462343002B0CBF3C
:1095E80001230023DBB2002B12D07B6F9B6823F48E
:1095F800716323F00F037A6F936009E07B68DB6D7A
:1096080043F020027B68DA65012387F87F3000E0A9
:1096180000BF7B68002283F8582097F87F301846EF
:109628008437BD4690BD00BF0001005000040050C3
:1096380000050050000300500007005000060050CD
:1096480080B582B000AF0023FB71032001F080FEDB
:109658000F2000F00DF80346002B02D00123FB7108
:1096680001E0F7F7F9FBFB7918460837BD4680BDDE
:1096780080B584B000AF78600023FB73164B1B687D
:10968800002B22D0154B1A68134B1B684FF47A71C4
:10969800B1FBF3F3B2FBF3F3184601F09AFE03466D
:1096A800002B0FD17B680F2B09D8002279684FF067
:1096B800FF3001F058FE0A4A7B68136007E0012377
:1096C800FB7304E00123FB7301E00123FB73FB7BC5
:1096D80018461037BD4680BD300200202802002001
:1096E8002C02002080B400AF054B1A68054B1B689C
:1096F8001344034A136000BFBD465DF8047B7047FE
:10970800900600203002002080B400AF034B1B6895
:109718001846BD465DF8047B704700BF90060020E0
:1097280080B584B000AF7860FFF7EEFFB8607B6863
:10973800FB60FB68B3F1FF3F04D0094B1B68FA6874
:109748001344FB6000BFFFF7DFFF0246BB68D31A74
:10975800FA689A42F7D800BF00BF1037BD4680BDEF
:109768003002002080B588B000AF78607B68002B9D
:1097780001D10123FEE27B681B6803F00103002B83
:1097880075D0974B9B6803F00C03BB61944BDB6867
:1097980003F003037B61BB690C2B02D17B69032BAC
:1097A80002D0BB69082B0BD18D4B1B6803F4003327
:1097B800002B5BD07B685B68002B57D10123D9E273
:1097C8007B685B68B3F5803F06D1854B1B68844A8C
:1097D80043F4803313601DE07B685B68B3F5A02F0A
:1097E8000CD17F4B1B687E4A43F4802313607C4B6B
:1097F8001B687B4A43F4803313600BE0784B1B688B
:10980800774A23F480331360754B1B68744A23F43A
:10981800802313607B685B68002B13D0FFF774FF0D
:10982800386108E0FFF770FF02463B69D31A642BE2
:1098380001D903239EE26A4B1B6803F40033002B13
:10984800F0D014E0FFF760FF386108E0FFF75CFF35
:1098580002463B69D31A642B01D903238AE2604B81
:109868001B6803F40033002BF0D100E000BF7B68D5
:109878001B6803F00203002B75D0594B9B6803F05B
:109888000C03BB61564BDB6803F003037B61BB69C8
:109898000C2B02D17B69022B02D0BB69042B1FD190
:1098A8004F4B1B6803F48063002B05D07B68DB6893
:1098B800002B01D101235DE2494B5B6823F0FE4296
:1098C8007B681B691B06464913434B60454B1B6865
:1098D8001846FFF7CDFE0346002B43D0012349E28B
:1098E8007B68DB68002B23D03D4B1B683C4A43F464
:1098F80080731360FFF708FF386108E0FFF704FF83
:1099080002463B69D31A022B01D9032332E2344BB6
:109918001B6803F48063002BF0D0314B5B6823F0A5
:10992800FE427B681B691B062D4913434B601AE0F6
:109938002B4B1B682A4A23F480731360FFF7E4FE5D
:10994800386108E0FFF7E0FE02463B69D31A022BB4
:1099580001D903230EE2224B1B6803F48063002B1A
:10996800F0D100E000BF7B681B6803F00803002B00
:1099780041D07B685B69002B1CD0194BD3F894301D
:10998800174A43F00103C2F89430FFF7BDFE38616F
:1099980008E0FFF7B9FE02463B69D31A022B01D94A
:1099A8000323E7E10E4BD3F8943003F00203002BB6
:1099B800EFD020E00A4BD3F89430094A23F0010392
:1099C800C2F89430FFF7A0FE38610DE0FFF79CFE67
:1099D80002463B69D31A022B06D90323CAE100BF0A
:1099E800001002402C0200208C4BD3F8943003F076
:1099F8000203002BEAD17B681B6803F00403002BE9
:109A080000F0A6800023FB77844B9B6D03F0805306
:109A1800002B01D1012300E00023002B0DD07F4B48
:109A28009B6D7E4A43F0805393657C4B9B6D03F09E
:109A38008053FB60FB680123FB77794B1B6803F4B9
:109A48008073002B18D1764B1B68754A43F48073DA
:109A58001360FFF759FE386108E0FFF755FE02462C
:109A68003B69D31A022B01D9032383E16C4B1B6892
:109A780003F48073002BF0D07B689B68012B08D11E
:109A8800664BD3F89030654A43F00103C2F8903032
:109A980024E07B689B68052B10D1604BD3F890308D
:109AA8005E4A43F00403C2F890305C4BD3F8903020
:109AB8005A4A43F00103C2F890300FE0574BD3F8ED
:109AC8009030564A23F00103C2F89030534BD3F834
:109AD8009030524A23F00403C2F890307B689B68A8
:109AE800002B16D0FFF710FE38610AE0FFF70CFED6
:109AF80002463B69D31A41F28832934201D90323C3
:109B080038E1464BD3F8903003F00203002BEDD038
:109B180015E0FFF7F9FD38610AE0FFF7F5FD0246A9
:109B28003B69D31A41F28832934201D9032321E1D8
:109B38003A4BD3F8903003F00203002BEDD1FB7FB2
:109B4800012B05D1354B9B6D344A23F08053936527
:109B58007B681B6803F02003002B3CD07B689B6963
:109B6800002B1CD02D4BD3F898302C4A43F001031E
:109B7800C2F89830FFF7C8FD386108E0FFF7C4FD68
:109B880002463B69D31A022B01D90323F2E0234B87
:109B9800D3F8983003F00203002BEFD01BE01F4BE3
:109BA800D3F898301D4A23F00103C2F89830FFF724
:109BB800ABFD386108E0FFF7A7FD02463B69D31A01
:109BC800022B01D90323D5E0144BD3F8983003F0C6
:109BD8000203002BEFD17B68DB69002B00F0C98002
:109BE8000E4B9B6803F00C030C2B00F083807B6802
:109BF800DB69022B5ED1094B1B68084A23F080738E
:109C08001360FFF781FD38610CE0FFF77DFD024628
:109C18003B69D31A022B05D90323ABE0001002409D
:109C280000700040554B1B6803F00073002BECD10B
:109C3800524BDA68524B13407A68116A7A68526A52
:109C4800013A120111437A68926A120211437A6842
:109C5800126B5208013A520511437A68526B520846
:109C6800013A520611437A68D26AD2060A43434936
:109C78001343CB60414B1B68404A43F08073136029
:109C88003E4BDB683D4A43F08073D360FFF73CFDF1
:109C9800386108E0FFF738FD02463B69D31A022B0A
:109CA80001D9032366E0354B1B6803F00073002BD2
:109CB800F0D05EE0314B1B68304A23F080731360AC
:109CC800FFF722FD386108E0FFF71EFD02463B69F9
:109CD800D31A022B01D903234CE0284B1B6803F04D
:109CE8000073002BF0D1254BDA682449254B13402B
:109CF800CB603EE07B68DB69012B01D1012339E0B1
:109D08001E4BDB687B617B6903F003027B681B6A7F
:109D18009A422CD17B6903F0F0027B685B6A013BB5
:109D28001B019A4223D17B6903F4FE427B689B6A3C
:109D38001B029A421BD17B6903F078427B68DB6A7D
:109D4800DB069A4213D17B6903F4C0027B681B6B64
:109D58005B08013B5B059A4209D17B6903F0C0624D
:109D68007B685B6B5B08013B5B069A4201D0012371
:109D780000E0002318462037BD4680BD0010024091
:109D88000C809F01FCFFEEFE80B586B000AF7860C6
:109D9800396000237B617B68002B01D101231EE120
:109DA800914B1B6803F00F033A689A4210D98E4B07
:109DB8001B6823F00F028C493B6813430B608A4BE6
:109DC8001B6803F00F033A689A4201D0012306E1A9
:109DD8007B681B6803F00103002B73D07B685B680A
:109DE800032B29D1814B1B6803F00073002B01D191
:109DF8000123F4E000F09EF938613B697C4A934204
:109E08003FD97A4B9B6803F0F003002B09D07B689D
:109E18001B6803F00203002B33D07B689B68002B80
:109E28002FD1724B9B6823F0F003704A43F08003F4
:109E3800936080237B6124E07B685B68022B07D1F9
:109E48006A4B1B6803F40033002B09D10123C6E0D9
:109E5800664B1B6803F48063002B01D10123BEE02D
:109E680000F0CEF838613B69614A934209D95F4BEB
:109E78009B6823F0F0035D4A43F0800393608023DE
:109E88007B615A4B9B6823F003027B685B685749E8
:109E980013438B60FFF738FCF8600AE0FFF734FCE7
:109EA8000246FB68D31A41F28832934201D9032350
:109EB80095E04E4B9B6803F00C027B685B689B0047
:109EC8009A42EBD17B681B6803F00203002B23D076
:109ED8007B681B6803F00403002B05D0434B9B6889
:109EE800424A43F4E06393607B681B6803F008030D
:109EF800002B07D03D4B9B6823F47C533B4A43F42B
:109F0800E0639360394B9B6823F0F0027B689B68A1
:109F1800364913438B6008E07B69802B05D1334BAE
:109F28009B68324A23F0F00393602F4B1B6803F0C1
:109F38000F033A689A421DD22B4B1B6823F00F027D
:109F480029493B6813430B60FFF7DEFBF8600AE022
:109F5800FFF7DAFB0246FB68D31A41F288329342D4
:109F680001D903233BE0204B1B6803F00F033A6839
:109F78009A42EDD17B681B6803F00403002B08D0DC
:109F88001A4B9B6823F4E0627B68DB68174913432C
:109F98008B607B681B6803F00803002B09D0134B08
:109FA8009B6823F460527B681B69DB000F491343ED
:109FB8008B6000F025F802460C4B9B681B0903F0E8
:109FC8000F030C49CB5C03F01F0322FA03F30A4A80
:109FD80013600A4B1B681846FFF74AFB03461846EE
:109FE8001837BD4680BD00BF002002400010024067
:109FF80000B4C40494FA0008280200202C020020AF
:10A0080080B487B000AF2C4B9B6803F00C03042B83
:10A0180002D12A4B3B6147E0274B9B6803F00C03B6
:10A02800082B02D1264B3B613EE0234B9B6803F093
:10A038000C030C2B36D1204BDB6803F00303FB60C9
:10A048001D4BDB681B0903F00F030133BB60FB6882
:10A05800032B0CD11A4ABB68B2FBF3F3164AD26839
:10A06800120A02F07F0202FB03F37B610CE0134A41
:10A07800BB68B2FBF3F3104AD268120A02F07F02FF
:10A0880002FB03F37B6100BF0B4BDB685B0E03F045
:10A09800030301335B007B607A697B68B2FBF3F3EF
:10A0A8003B6101E000233B613B6918461C37BD4614
:10A0B8005DF8047B704700BF001002400024F400E4
:10A0C80000366E0180B400AF034B1B681846BD46CE
:10A0D8005DF8047B704700BF2802002080B500AF00
:10A0E800FFF7F0FF0246064B9B681B0A03F00703C5
:10A0F8000449CB5C03F01F0322FA03F3184680BD22
:10A1080000100240A4FA000880B500AFFFF7DAFF9C
:10A118000246064B9B68DB0A03F007030449CB5C45
:10A1280003F01F0322FA03F3184680BD0010024013
:10A13800A4FA000880B487B000AF1E4BDB6803F0B8
:10A1480003033B611B4BDB681B0903F00F0301335F
:10A15800FB603B69032B0CD1174AFB68B2FBF3F396
:10A16800144AD268120A02F07F0202FB03F37B61F1
:10A178000CE0124AFB68B2FBF3F30E4AD268120AEB
:10A1880002F07F0202FB03F37B6100BF094BDB682F
:10A198005B0E03F0030301335B00BB607A69BB68A5
:10A1A800B2FBF3F37B607B6818461C37BD465DF84D
:10A1B800047B70470010024000366E010024F40052
:10A1C80080B586B000AF78600023FB740023BB74B1
:10A1D8007B681B6803F40023002B00F098800023A1
:10A1E8007B74434B9B6D03F08053002B0DD1404B88
:10A1F8009B6D3F4A43F0805393653D4B9B6D03F045
:10A208008053BB60BB6801237B743A4B1B68394A97
:10A2180043F480731360FFF777FAF86009E0FFF7FB
:10A2280073FA0246FB68D31A022B02D90323FB7484
:10A2380005E0304B1B6803F48073002BEFD0FB7CE8
:10A24800002B59D12A4BD3F8903003F440737B612B
:10A258007B69002B1ED07B681B6D7A699A4219D0E6
:10A26800234BD3F8903023F440737B61204BD3F811
:10A2780090301F4A43F48033C2F890301C4BD3F817
:10A2880090301B4A23F48033C2F89030184A7B6917
:10A29800C2F890307B6903F00103002B16D0FFF75A
:10A2A80033FAF8600BE0FFF72FFA0246FB68D31A7F
:10A2B80041F28832934202D90323FB7406E00C4B27
:10A2C800D3F8903003F00203002BECD0FB7C002B7A
:10A2D8000BD1074BD3F8903023F440727B681B6D89
:10A2E80003491343C1F8903008E0FB7CBB7405E0D8
:10A2F8000010024000700040FB7CBB747B7C012B8B
:10A3080005D1A74B9B6DA64A23F0805393657B68C4
:10A318001B6803F00103002B0AD0A14BD3F8883047
:10A3280023F003027B685B689D491343C1F88830BA
:10A338007B681B6803F00203002B0AD0984BD3F804
:10A34800883023F00C027B689B6895491343C1F859
:10A3580088307B681B6803F00403002B0AD0904BFD
:10A36800D3F8883023F030027B68DB688C491343CC
:10A37800C1F888307B681B6803F00803002B0AD0FB
:10A38800874BD3F8883023F0C0027B681B69844967
:10A398001343C1F888307B681B6803F01003002B57
:10A3A8000AD07F4BD3F8883023F440727B685B690E
:10A3B8007B491343C1F888307B681B6803F020038E
:10A3C800002B0AD0764BD3F8883023F440627B68A0
:10A3D8009B6973491343C1F888307B681B6803F095
:10A3E8004003002B0AD06E4BD3F8883023F4405238
:10A3F8007B68DB696A491343C1F888307B681B684E
:10A4080003F08003002B0AD0654BD3F8883023F47F
:10A4180040427B681B6A62491343C1F888307B68F5
:10A428001B6803F48073002B0AD05D4BD3F8883087
:10A4380023F440327B685B6A59491343C1F888307A
:10A448007B681B6803F40033002B0AD0544BD3F805
:10A458009C3023F003027B689B6A51491343C1F87F
:10A468009C307B681B6803F40073002B0AD04C4BAC
:10A47800D3F8883023F440227B68DB6A48491343C9
:10A48800C1F888307B681B6803F48063002B15D003
:10A49800434BD3F8883023F440127B681B6B404948
:10A4A8001343C1F888307B681B6BB3F5801F05D157
:10A4B8003B4BDB683A4A43F48013D3607B681B68E4
:10A4C80003F40063002B15D0354BD3F8883023F400
:10A4D80040027B685B6B32491343C1F888307B6864
:10A4E8005B6BB3F5800F05D12D4BDB682C4A43F429
:10A4F8008013D3607B681B6803F48053002B15D04E
:10A50800274BD3F8883023F040727B689B6B244933
:10A518001343C1F888307B689B6BB3F1807F05D10A
:10A528001F4BDB681E4A43F48013D3607B681B68AB
:10A5380003F40053002B15D0194BD3F8883023F0BF
:10A5480040627B68DB6B16491343C1F888307B682F
:10A55800DB6BB3F1006F05D1114BDB68104A43F494
:10A568008013D3607B681B6803F48043002B19D0E9
:10A578000B4BD3F8883023F040627B681B6C08498A
:10A588001343C1F888307B681B6CB3F1006F09D1A5
:10A59800034BDB68024A43F48013D36002E000BF38
:10A5A800001002407B681B6803F40043002B15D0A1
:10A5B800294BD3F8883023F040527B685B6C2649DE
:10A5C8001343C1F888307B685B6CB3F1805F05D1B9
:10A5D800214BDB68204A43F48033D3607B681B68D7
:10A5E80003F48033002B15D01B4BD3F8883023F0AD
:10A5F80040427B689B6C18491343C1F888307B68DC
:10A608009B6CB3F1804F05D1134BDB68124A43F4BE
:10A618008033D3607B681B6803F48023002B15D03C
:10A628000D4BD3F89C3023F440127B68DB6C0A494D
:10A638001343C1F89C307B68DB6CB3F5001F05D170
:10A64800054BDB68044A43F48013D360BB7C18468F
:10A658001837BD4680BD00BF0010024080B487B0E7
:10A6680000AF7860396000237B615AE13B681A6863
:10A6780001217B6901FA03F31340FB60FB68002B9F
:10A6880000F04C813B685B6803F00303012B05D0A5
:10A698003B685B6803F00303022B30D17B689B683F
:10A6A8003B617B695B00032202FA03F3DB433A69EF
:10A6B80013403B613B68DA687B695B0002FA03F38D
:10A6C8003A6913433B617B683A699A607B685B68C7
:10A6D8003B6101227B6902FA03F3DB433A691340C9
:10A6E8003B613B685B681B0903F001027B6902FA66
:10A6F80003F33A6913433B617B683A695A603B68E4
:10A708005B6803F00303032B17D07B68DB683B61AE
:10A718007B695B00032202FA03F3DB433A691340C7
:10A728003B613B689A687B695B0002FA03F33A690C
:10A7380013433B617B683A69DA603B685B6803F006
:10A748000303022B23D17B69DA087B68083253F8AC
:10A7580022303B617B6903F007039B000F2202FA5A
:10A7680003F3DB433A6913403B613B681A697B6931
:10A7780003F007039B0002FA03F33A6913433B61B2
:10A788007B69DA087B680832396943F822107B68EC
:10A798001B683B617B695B00032202FA03F3DB431E
:10A7A8003A6913403B613B685B6803F003027B69CD
:10A7B8005B0002FA03F33A6913433B617B683A6929
:10A7C8001A603B685B6803F44033002B00F0A680F6
:10A7D8005B4B1B6E5A4A43F001031366584B1B6EC2
:10A7E80003F00103BB60BB68564A7B699B080233D0
:10A7F80052F823303B617B6903F003039B000F226F
:10A8080002FA03F3DB433A6913403B617B68B3F117
:10A81800904F1FD07B684C4A934219D07B684B4AB3
:10A82800934213D07B684A4A93420DD07B68494AC9
:10A83800934207D07B68484A934201D105230AE036
:10A84800062308E0042306E0032304E0022302E0D1
:10A85800012300E000237A6902F00302920093408A
:10A868003A6913433B6137497B699B0802333A696C
:10A8780041F82320394B9B683B61FB68DB433A690D
:10A8880013403B613B685B6803F48013002B03D0E3
:10A898003A69FB6813433B61304A3B6993602F4B2D
:10A8A800DB683B61FB68DB433A6913403B613B680B
:10A8B8005B6803F40013002B03D03A69FB68134369
:10A8C8003B61264A3B69D360244B5B683B61FB686C
:10A8D800DB433A6913403B613B685B6803F4003330
:10A8E800002B03D03A69FB6813433B611B4A3B6961
:10A8F80053601A4B1B683B61FB68DB433A691340A2
:10A908003B613B685B6803F48033002B03D03A69F2
:10A91800FB6813433B61114A3B6913607B69013350
:10A928007B613B681A687B6922FA03F3002B7FF48A
:10A938009DAE00BF00BF1C37BD465DF8047B704765
:10A9480000100240000001400004004800080048D0
:10A95800000C0048001000480014004800040140A2
:10A9680080B584B000AF78607B68002B01D10123EB
:10A978008DE07B681B681A46474B9A420FD87B6864
:10A988001B681A46454B1344454AA2FB03231B097F
:10A998009A007B685A647B68424A1A640EE07B68B6
:10A9A8001B681A46404B13443D4AA2FB03231B096C
:10A9B8009A007B685A647B683C4A1A647B68022266
:10A9C80083F825207B681B681B68FB60FB6823F401
:10A9D800FF4323F07003FB607B689A687B68DB6841
:10A9E8001A437B681B691A437B685B691A437B6857
:10A9F8009B691A437B68DB691A437B681B6A1343AC
:10AA0800FA681343FB607B681B68FA681A60786809
:10AA180000F076FA7B689B68B3F5804F02D17B68BB
:10AA280000225A607B685A687B689B6CD2B21A60B5
:10AA38007B68DB6C7A68126D5A607B685B68002BF8
:10AA480010D07B685B68042B0CD8786800F096FA05
:10AA58007B685B6D00221A607B689B6D7A68D26D9B
:10AA68005A6008E07B6800225A657B6800229A6574
:10AA78007B680022DA657B680022DA637B68012242
:10AA880083F825207B68002283F8242000231846B9
:10AA98001037BD4680BD00BF07040240F8FFFDBF68
:10AAA800CDCCCCCC00000240F8FBFDBF0004024036
:10AAB80080B586B000AFF860B9607A603B6000236B
:10AAC800FB75FB6893F82430012B01D1022366E063
:10AAD800FB68012283F82420FB6893F82530DBB259
:10AAE800012B55D1FB68022283F82520FB68002240
:10AAF800DA63FB681B681A68FB681B6822F00102AE
:10AB08001A603B687A68B968F86800F0BBF9FB68B6
:10AB18001B6B002B08D0FB681B681A68FB681B6856
:10AB280042F00E021A600FE0FB681B681A68FB68A7
:10AB38001B6822F004021A60FB681B681A68FB682D
:10AB48001B6842F00A021A60FB689B6C1B6803F4DE
:10AB58008033002B07D0FB689B6C1A68FB689B6CE2
:10AB680042F480721A60FB685B6D002B07D0FB68AB
:10AB78005B6D1A68FB685B6D42F480721A60FB6853
:10AB88001B681A68FB681B6842F001021A6005E03E
:10AB9800FB68002283F824200223FB75FB7D1846FE
:10ABA8001837BD4680BD80B485B000AF78600023FB
:10ABB800FB737B6893F82530DBB2022B05D07B68EA
:10ABC8000422DA630123FB7337E07B681B681A6889
:10ABD8007B681B6822F00E021A607B689B6C1A68FF
:10ABE8007B689B6C22F480721A607B681B681A6809
:10ABF8007B681B6822F001021A607B685B6C03F0BB
:10AC08001F027B681B6C012101FA02F25A607B6803
:10AC1800DB6C7A68126D5A607B685B6D002B0CD018
:10AC28007B685B6D1A687B685B6D22F480721A60C2
:10AC38007B689B6D7A68D26D5A607B68012283F8C5
:10AC480025207B68002283F82420FB7B18461437D4
:10AC5800BD465DF8047B704780B584B000AF78606E
:10AC68000023FB737B6893F82530DBB2022B0DD0F1
:10AC78007B680422DA637B68012283F825207B68DD
:10AC8800002283F824200123FB7347E07B681B68BC
:10AC98001A687B681B6822F00E021A607B681B68C2
:10ACA8001A687B681B6822F001021A607B689B6C3B
:10ACB8001A687B689B6C22F480721A607B685B6CF4
:10ACC80003F01F027B681B6C012101FA02F25A6033
:10ACD8007B68DB6C7A68126D5A607B685B6D002B51
:10ACE8000CD07B685B6D1A687B685B6D22F48072A0
:10ACF8001A607B689B6D7A68D26D5A607B68012206
:10AD080083F825207B68002283F824207B689B6BCE
:10AD1800002B03D07B689B6B78689847FB7B1846B1
:10AD28001037BD4680BD80B584B000AF78607B68C1
:10AD38001B6C1B68FB607B681B681B68BB607B68BF
:10AD48005B6C03F01F0304229A40FB681340002B3E
:10AD580026D0BB6803F00403002B21D07B681B6856
:10AD68001B6803F02003002B07D17B681B681A6857
:10AD78007B681B6822F004021A607B685B6C03F036
:10AD88001F027B681B6C042101FA02F25A607B687F
:10AD98001B6B002B71D07B681B6B786898476CE045
:10ADA8007B685B6C03F01F0302229A40FB68134028
:10ADB800002B2ED0BB6803F00203002B29D07B6840
:10ADC8001B681B6803F02003002B0BD17B681B68F2
:10ADD8001A687B681B6822F00A021A607B680122E5
:10ADE80083F825207B685B6C03F01F027B681B6C73
:10ADF800022101FA02F25A607B68002283F82420BB
:10AE08007B68DB6A002B38D07B68DB6A78689847F8
:10AE180033E07B685B6C03F01F0308229A40FB68F1
:10AE28001340002B2AD0BB6803F00803002B25D061
:10AE38007B681B681A687B681B6822F00E021A6020
:10AE48007B685B6C03F01F027B681B6C012101FAB5
:10AE580002F25A607B680122DA637B68012283F878
:10AE680025207B68002283F824207B685B6B002BFD
:10AE780004D07B685B6B7868984700BF00BF1037C9
:10AE8800BD4680BD80B485B000AFF860B9607A6017
:10AE98003B60FB68DB6CFA68126D5A60FB685B6D9F
:10AEA800002B04D0FB689B6DFA68D26D5A60FB6872
:10AEB8005B6C03F01F02FB681B6C012101FA02F2B4
:10AEC8005A60FB681B683A685A60FB689B68102BDD
:10AED80008D1FB681B687A689A60FB681B68BA68C7
:10AEE800DA6007E0FB681B68BA689A60FB681B6851
:10AEF8007A68DA6000BF1437BD465DF8047B704796
:10AF080080B487B000AF78607B681B681A46164B20
:10AF18009A4202D8154B7B6101E0154B7B617B6936
:10AF28003B617B681B68DBB2083B124AA2FB032328
:10AF38001B09FB607B685B6C9B089A003B691344A8
:10AF48001A467B689A647B680B4ADA64FB6803F0EC
:10AF58001F0301229A407B681A6500BF1C37BD4653
:10AF68005DF8047B704700BF0704024000080240F8
:10AF780020080240CDCCCCCC8008024080B485B0FB
:10AF880000AF78607B685B68DBB2FB60FA680B4BEC
:10AF980013449B001A467B685A657B68084A9A6581
:10AFA800FB68013B03F01F0301229A407B68DA65C6
:10AFB80000BF1437BD465DF8047B70473F82001020
:10AFC8004009024080B485B000AF78607B68002BF0
:10AFD80041D14B4B1B6803F4C063B3F5806F31D18B
:10AFE800474BD3F88030464A23F48073C2F8803048
:10AFF800434B1B6823F4C063414A43F40073136056
:10B00800404B1B68322202FB03F33F4AA2FB032397
:10B018009B0C0133FB6002E0FB68013BFB60384B93
:10B028005B6903F48063B3F5806F02D1FB68002B82
:10B03800F2D1334B5B6903F48063B3F5806F58D169
:10B04800032357E02E4BD3F880302D4A23F4807326
:10B05800C2F880304DE07B68B3F5007F41D1284BC2
:10B068001B6803F4C063B3F5806F31D1244BD3F868
:10B078008030234A43F48073C2F88030204B1B6829
:10B0880023F4C0631E4A43F4007313601D4B1B680E
:10B09800322202FB03F31C4AA2FB03239B0C01335D
:10B0A800FB6002E0FB68013BFB60154B5B6903F446
:10B0B8008063B3F5806F02D1FB68002BF2D1104B8F
:10B0C8005B6903F48063B3F5806F12D1032311E049
:10B0D8000B4BD3F880300A4A43F48073C2F88030AF
:10B0E80007E0074B1B6823F4C063054A43F48063F9
:10B0F8001360002318461437BD465DF8047B70477B
:10B10800007000402802002083DE1B4380B400AF9B
:10B11800054B9B68044A43F48043936000BFBD46D7
:10B128005DF8047B704700BF0070004080B485B0B4
:10B1380000AF78607B6803F00703FB600C4BDB68AB
:10B14800BB60BA684FF6FF031340BB60FB681A0286
:10B15800BB68134343F0BF6343F40033BB60044A46
:10B16800BB68D36000BF1437BD465DF8047B7047E9
:10B1780000ED00E080B400AF044BDB681B0A03F06D
:10B1880007031846BD465DF8047B704700ED00E0F4
:10B1980080B483B000AF0346FB7197F90730002BEA
:10B1A8000BDBFB7903F01F02074997F907305B09AE
:10B1B800012000FA02F241F8232000BF0C37BD46F7
:10B1C8005DF8047B704700BF00E100E080B483B005
:10B1D80000AF0346FB7197F90730002B12DBFB79B0
:10B1E80003F01F020A4997F907305B09012000FAAA
:10B1F80002F2203341F82320BFF34F8F00BFBFF383
:10B208006F8F00BF00BF0C37BD465DF8047B7047E9
:10B2180000E100E080B483B000AF0346FB7197F90A
:10B228000730002B0CDBFB7903F01F02074997F965
:10B2380007305B09012000FA02F2603341F823204D
:10B2480000BF0C37BD465DF8047B704700E100E0A5
:10B2580080B483B000AF03463960FB7197F90730BB
:10B26800002B0ADB3B68DAB20C4997F90730120168
:10B27800D2B20B4483F800230AE03B68DAB20849EB
:10B28800FB7903F00F03043B1201D2B20B441A7688
:10B2980000BF0C37BD465DF8047B704700E100E055
:10B2A80000ED00E080B489B000AFF860B9607A6062
:10B2B800FB6803F00703FB61FB69C3F10703042B79
:10B2C80028BF0423BB61FB690433062B02D9FB6941
:10B2D800033B00E000237B614FF0FF32BB6902FAB9
:10B2E80003F3DA43BB681A407B699A404FF0FF3199
:10B2F8007B6901FA03F3D9437B680B401343184673
:10B308002437BD465DF8047B7047000080B582B0E5
:10B3180000AF78607B68013BB3F1807F01D30123E4
:10B328000FE00A4A7B68013B53600F214FF0FF3062
:10B33800FFF78EFF054B00229A60044B07221A6024
:10B34800002318460837BD4680BD00BF10E000E066
:10B3580080B582B000AF78607868FFF7E7FE00BF7D
:10B368000837BD4680BD80B586B000AF0346B960DA
:10B378007A60FB73FFF7FEFE78617A68B9687869CE
:10B38800FFF790FF024697F90F3011461846FFF76E
:10B398005FFF00BF1837BD4680BD80B582B000AFE3
:10B3A8000346FB7197F907301846FFF7F1FE00BF17
:10B3B8000837BD4680BD80B582B000AF0346FB713B
:10B3C80097F907301846FFF701FF00BF0837BD4659
:10B3D80080BD80B582B000AF78607868FFF796FFCF
:10B3E800034618460837BD4680BD80B582B000AF19
:10B3F8000346FB7197F907301846FFF70BFF00BFAC
:10B408000837BD4680BD80B582B000AF78607B68E4
:10B41800002B01D1012349E07B6893F83D30DBB272
:10B42800002B06D17B68002283F83C207868F5F76A
:10B4380035FE7B68022283F83D207B681A687B68AA
:10B4480004331946104600F01BFE7B68012283F87E
:10B4580048207B68012283F83E207B68012283F81C
:10B468003F207B68012283F840207B68012283F813
:10B4780041207B68012283F842207B68012283F8FF
:10B4880043207B68012283F844207B68012283F8EB
:10B4980045207B68012283F846207B68012283F8D7
:10B4A80047207B68012283F83D200023184608378F
:10B4B800BD4680BD80B584B000AF786039603B6818
:10B4C800002B09D17B6893F83E30DBB2012B14BF07
:10B4D80001230023DBB23CE03B68042B09D17B68E5
:10B4E80093F83F30DBB2012B14BF01230023DBB2FA
:10B4F8002FE03B68082B09D17B6893F84030DBB21A
:10B50800012B14BF01230023DBB222E03B680C2B84
:10B5180009D17B6893F84130DBB2012B14BF0123BA
:10B528000023DBB215E03B68102B09D17B6893F848
:10B538004230DBB2012B14BF01230023DBB208E049
:10B548007B6893F84330DBB2012B14BF012300233F
:10B55800DBB2002B01D00123A6E03B68002B04D10D
:10B568007B68022283F83E2023E03B68042B04D149
:10B578007B68022283F83F201BE03B68082B04D13C
:10B588007B68022283F8402013E03B680C2B04D12F
:10B598007B68022283F841200BE03B68102B04D122
:10B5A8007B68022283F8422003E07B68022283F84A
:10B5B80043207B681B6801223968184601F068FA45
:10B5C8007B681B683A4A934218D07B681B68394AE3
:10B5D800934213D07B681B68374A93420ED07B682E
:10B5E8001B68364A934209D07B681B68344A9342E9
:10B5F80004D07B681B68334A934201D1012300E0E1
:10B608000023002B07D07B681B685A6C7B681B687B
:10B6180042F400425A647B681B68254A934222D050
:10B628007B681B68B3F1804F1DD07B681B68264A76
:10B63800934218D07B681B68244A934213D07B68D6
:10B648001B68234A93420ED07B681B68194A9342B1
:10B6580009D07B681B68184A934204D07B681B6832
:10B66800184A934215D17B681B689A68194B134096
:10B67800FB60FB68062B15D0FB68B3F5803F11D043
:10B688007B681B681A687B681B6842F001021A60B5
:10B6980008E07B681B681A687B681B6842F0010237
:10B6A8001A6000E000BF002318461037BD4680BD71
:10B6B800002C01400034014000400140004401409A
:10B6C80000480140005001400004004000080040CC
:10B6D800000C00400700010080B582B000AF786020
:10B6E80039607B681B6800223968184601F0D0F978
:10B6F8007B681B68404A934218D07B681B683F4AA6
:10B70800934213D07B681B683D4A93420ED07B68F6
:10B718001B683C4A934209D07B681B683A4A9342AB
:10B7280004D07B681B68394A934201D1012300E0A9
:10B738000023002B17D07B681B681A6A41F211138B
:10B748001340002B0FD17B681B681A6A44F24443EC
:10B758001340002B07D17B681B685A6C7B681B68F9
:10B7680022F400425A647B681B681A6A41F211137A
:10B778001340002B0FD17B681B681A6A44F24443BC
:10B788001340002B07D17B681B681A687B681B680D
:10B7980022F001021A603B68002B04D17B68012269
:10B7A80083F83E2023E03B68042B04D17B68012208
:10B7B80083F83F201BE03B68082B04D17B680122FB
:10B7C80083F8402013E03B680C2B04D17B680122EE
:10B7D80083F841200BE03B68102B04D17B680122E1
:10B7E80083F8422003E07B68012283F8432000238A
:10B7F80018460837BD4680BD002C01400034014082
:10B808000040014000440140004801400050014010
:10B8180080B582B000AF78607B68002B01D101232E
:10B8280049E07B6893F83D30DBB2002B06D17B689A
:10B83800002283F83C207868F5F750FC7B680222E8
:10B8480083F83D207B681A687B68043319461046E4
:10B8580000F016FC7B68012283F848207B680122EF
:10B8680083F83E207B68012283F83F207B68012211
:10B8780083F840207B68012283F841207B680122FD
:10B8880083F842207B68012283F843207B680122E9
:10B8980083F844207B68012283F845207B680122D5
:10B8A80083F846207B68012283F847207B680122C1
:10B8B80083F83D20002318460837BD4680BD80B573
:10B8C80086B000AF786039607B68002B01D1012316
:10B8D80097E07B6893F83D30DBB2002B06D17B689C
:10B8E800002283F83C20786800F08FF87B680222F9
:10B8F80083F83D207B681B689B687A68126823F48C
:10B90800A03323F0070393607B681A687B680433CD
:10B918001946104600F0B4FB7B681B689B687B6186
:10B928007B681B689B693B617B681B681B6AFB60C3
:10B938003B681B687A6913437B613B6923F4407356
:10B9480023F003033B613B689A683B689B691B02D1
:10B9580013433A6913433B613B6923F4406323F083
:10B968000C033B613B6923F4704323F0F0033B6114
:10B978003B68DA683B68DB691B0213433A69134387
:10B988003B613B681B691A013B681B6A1B03134335
:10B998003A6913433B61FB6823F02203FB60FB68B1
:10B9A80023F08803FB603B685A683B685B691B01AE
:10B9B8001343FA681343FB607B681B687A699A60D3
:10B9C8007B681B683A699A617B681B68FA681A6227
:10B9D8007B68012283F848207B68012283F83E2097
:10B9E8007B68012283F83F207B68012283F844208A
:10B9F8007B68012283F845207B68012283F83D207B
:10BA0800002318461837BD4680BD80B483B000AF08
:10BA1800786000BF0C37BD465DF8047B704780B581
:10BA280084B000AF78607B681B68DB68FB607B686C
:10BA38001B681B69BB60BB6803F00203002B20D0A6
:10BA4800FB6803F00203002B1BD07B681B686FF0B8
:10BA580002021A617B6801221A777B681B689B695E
:10BA680003F00303002B03D0786800F0EBFA05E03D
:10BA7800786800F0DDFA786800F0EEFA7B6800225A
:10BA88001A77BB6803F00403002B20D0FB6803F08F
:10BA98000403002B1BD07B681B686FF004021A613B
:10BAA8007B6802221A777B681B689B6903F44073E2
:10BAB800002B03D0786800F0C5FA05E0786800F03C
:10BAC800B7FA786800F0C8FA7B6800221A77BB6872
:10BAD80003F00803002B20D0FB6803F00803002BB9
:10BAE8001BD07B681B686FF008021A617B68042210
:10BAF8001A777B681B68DB6903F00303002B03D00C
:10BB0800786800F09FFA05E0786800F091FA7868A4
:10BB180000F0A2FA7B6800221A77BB6803F01003D2
:10BB2800002B20D0FB6803F01003002B1BD07B6890
:10BB38001B686FF010021A617B6808221A777B680D
:10BB48001B68DB6903F44073002B03D0786800F0AE
:10BB580079FA05E0786800F06BFA786800F07CFA0A
:10BB68007B6800221A77BB6803F00103002B0CD016
:10BB7800FB6803F00103002B07D07B681B686FF09C
:10BB880001021A61786800F049FABB6803F0800383
:10BB9800002B04D1BB6803F40053002B0CD0FB68C6
:10BBA80003F08003002B07D07B681B686FF40252F8
:10BBB8001A61786801F0E6F9BB6803F48073002B1A
:10BBC8000CD0FB6803F08003002B07D07B681B6850
:10BBD8006FF480721A61786801F0DEF9BB6803F0CF
:10BBE8004003002B0CD0FB6803F04003002B07D068
:10BBF8007B681B686FF040021A61786800F036FABB
:10BC0800BB6803F02003002B0CD0FB6803F0200373
:10BC1800002B07D07B681B686FF020021A617868D8
:10BC280001F0A6F9BB6803F48013002B0CD0FB6865
:10BC380003F48013002B07D07B681B686FF4801215
:10BC48001A61786801F0B2F9BB6803F40013002B9D
:10BC58000CD0FB6803F40013002B07D07B681B682B
:10BC68006FF400121A61786801F0AAF9BB6803F44E
:10BC78008003002B0CD0FB6803F48003002B07D053
:10BC88007B681B686FF480021A61786801F0A2F97A
:10BC9800BB6803F40003002B0CD0FB6803F400031B
:10BCA800002B07D07B681B686FF400021A61786864
:10BCB80001F09AF900BF1037BD4680BD80B586B047
:10BCC80000AFF860B9607A600023FB75FB6893F8F1
:10BCD8003C30012B01D1022388E0FB68012283F864
:10BCE8003C207B68002B1BD1FB681868BB6819686F
:10BCF800BB685A68BB68DB6800F0A0FDFB681B687E
:10BD08009A69FB681B6822F00C029A61FB681B6841
:10BD18009969BB689A68FB681B680A439A6160E086
:10BD28007B68042B1CD1FB681868BB681968BB6862
:10BD38005A68BB68DB6800F0F5FDFB681B689A6908
:10BD4800FB681B6822F440629A61FB681B6899696A
:10BD5800BB689B681A02FB681B680A439A6140E04B
:10BD68007B68082B1BD1FB681868BB681968BB681F
:10BD78005A68BB68DB6800F012FEFB681B68DA696A
:10BD8800FB681B6822F00C02DA61FB681B68D96942
:10BD9800BB689A68FB681B680A43DA6121E07B6824
:10BDA8000C2B1CD1FB681868BB681968BB685A68FB
:10BDB800BB68DB6800F02FFEFB681B68DA69FB686C
:10BDC8001B6822F44062DA61FB681B68D969BB68AA
:10BDD8009B681A02FB681B680A43DA6101E00123C9
:10BDE800FB75FB68002283F83C20FB7D184618375A
:10BDF800BD4680BD80B586B000AFF860B9607A6096
:10BE08000023FB75FB6893F83C30012B01D102231A
:10BE1800FFE0FB68012283F83C207B68142B00F2CA
:10BE2800F08001A252F823F085BE00080BC000087C
:10BE38000BC000080BC00008C5BE00080BC00008F6
:10BE48000BC000080BC0000807BF00080BC00008A3
:10BE58000BC000080BC0000847BF00080BC0000853
:10BE68000BC000080BC0000889BF00080BC0000801
:10BE78000BC000080BC00008C9BF0008FB681B689E
:10BE8800B968184600F0B0F9FB681B689A69FB6846
:10BE98001B6842F008029A61FB681B689A69FB6894
:10BEA8001B6822F004029A61FB681B689969BB68E9
:10BEB8001A69FB681B680A439A61A5E0FB681B685E
:10BEC800B968184600F02AFAFB681B689A69FB688B
:10BED8001B6842F400629A61FB681B689A69FB68F8
:10BEE8001B6822F480629A61FB681B689969BB68C9
:10BEF8001B691A02FB681B680A439A6184E0FB68A5
:10BF08001B68B968184600F09DFAFB681B68DA6977
:10BF1800FB681B6842F00802DA61FB681B68DA6993
:10BF2800FB681B6822F00402DA61FB681B68D969A8
:10BF3800BB681A69FB681B680A43DA6164E0FB683E
:10BF48001B68B968184600F00FFBFB681B68DA69C4
:10BF5800FB681B6842F40062DA61FB681B68DA69F7
:10BF6800FB681B6822F48062DA61FB681B68D96988
:10BF7800BB681B691A02FB681B680A43DA6143E065
:10BF8800FB681B68B968184600F082FBFB681B68F1
:10BF98001A6DFB681B6842F008021A65FB681B688B
:10BFA8001A6DFB681B6822F004021A65FB681B689F
:10BFB800196DBB681A69FB681B680A431A6523E098
:10BFC800FB681B68B968184600F0CCFBFB681B6867
:10BFD8001A6DFB681B6842F400621A65FB681B68EF
:10BFE8001A6DFB681B6822F480621A65FB681B687F
:10BFF800196DBB681B691A02FB681B680A431A653E
:10C0080002E00123FB7500BFFB68002283F83C2097
:10C01800FB7D18461837BD4680BD00BF80B483B08D
:10C0280000AF786000BF0C37BD465DF8047B7047F1
:10C0380080B483B000AF786000BF0C37BD465DF8B0
:10C04800047B704780B483B000AF786000BF0C37C2
:10C05800BD465DF8047B704780B483B000AF78605C
:10C0680000BF0C37BD465DF8047B704780B483B0D1
:10C0780000AF786000BF0C37BD465DF8047B7047A1
:10C0880080B485B000AF786039607B681B68FB605E
:10C098007B684C4A934217D07B68B3F1804F13D02A
:10C0A8007B68494A93420FD07B68484A93420BD039
:10C0B8007B68474A934207D07B68464A934203D03D
:10C0C8007B68454A934208D1FB6823F07003FB6004
:10C0D8003B685B68FA681343FB607B68394A9342A4
:10C0E80023D07B68B3F1804F1FD07B68364A9342D8
:10C0F8001BD07B68354A934217D07B68344A9342F9
:10C1080013D07B68334A93420FD07B68334A9342FB
:10C118000BD07B68324A934207D07B68314A9342FE
:10C1280003D07B682C4A934208D1FB6823F4407300
:10C13800FB603B68DB68FA681343FB60FB6823F02D
:10C1480080023B685B691343FB607B68FA681A608E
:10C158003B689A687B68DA623B681A687B689A620F
:10C168007B68184A934213D07B681A4A93420FD0CF
:10C178007B681A4A93420BD07B68194A934207D0CE
:10C188007B68184A934203D07B68134A934203D1D1
:10C198003B681A697B681A637B6801225A617B686D
:10C1A8001B6903F00103012B05D17B681B6923F090
:10C1B80001027B681A6100BF1437BD465DF8047B35
:10C1C800704700BF002C01400004004000080040F8
:10C1D800000C004000340140005001400040014084
:10C1E800004401400048014080B487B000AF786047
:10C1F80039607B681B6A7B617B681B6A23F00102DC
:10C208007B681A627B685B683B617B689B69FB6043
:10C21800FB6823F4803323F07003FB60FB6823F092
:10C228000303FB603B681B68FA681343FB607B6988
:10C2380023F002037B613B689B687A6913437B6147
:10C248007B68304A934213D07B682F4A93420FD0C1
:10C258007B682E4A93420BD07B682D4A934207D0C5
:10C268007B682C4A934203D07B682B4A93420CD1BB
:10C278007B6923F008037B613B68DB687A691343B9
:10C288007B617B6923F004037B617B681D4A9342D1
:10C2980013D07B681C4A93420FD07B681B4A934299
:10C2A8000BD07B681A4A934207D07B68194A93429D
:10C2B80003D07B68184A934211D13B6923F48073F9
:10C2C8003B613B6923F400733B613B685B693A69F6
:10C2D80013433B613B689B693A6913433B617B6845
:10C2E8003A695A607B68FA689A613B685A687B6861
:10C2F8005A637B687A691A6200BF1C37BD465DF8CD
:10C30800047B7047002C014000340140004001408C
:10C3180000440140004801400050014080B487B00B
:10C3280000AF786039607B681B6A7B617B681B6A39
:10C3380023F010027B681A627B685B683B617B684C
:10C348009B69FB60FB6823F0807323F4E043FB6088
:10C35800FB6823F44073FB603B681B681B02FA68A8
:10C368001343FB607B6923F020037B613B689B6878
:10C378001B017A6913437B617B682C4A934207D07F
:10C388007B682B4A934203D07B682A4A93420DD19B
:10C398007B6923F080037B613B68DB681B017A695A
:10C3A80013437B617B6923F040037B617B681F4AF1
:10C3B800934213D07B681E4A93420FD07B681E4A73
:10C3C80093420BD07B681D4A934207D07B681C4A76
:10C3D800934203D07B68174A934213D13B6923F4F5
:10C3E80080633B613B6923F400633B613B685B69A5
:10C3F8009B003A6913433B613B689B699B003A6920
:10C4080013433B617B683A695A607B68FA689A61B2
:10C418003B685A687B689A637B687A691A6200BFCE
:10C428001C37BD465DF8047B704700BF002C0140F7
:10C4380000340140005001400040014000440140E8
:10C448000048014080B487B000AF786039607B68ED
:10C458001B6A7B617B681B6A23F480727B681A62A3
:10C468007B685B683B617B68DB69FB60FB6823F486
:10C47800803323F07003FB60FB6823F00303FB6049
:10C488003B681B68FA681343FB607B6923F40073FD
:10C498007B613B689B681B027A6913437B617B68FD
:10C4A8002B4A934207D07B682A4A934203D07B6881
:10C4B800294A93420DD17B6923F400637B613B6871
:10C4C800DB681B027A6913437B617B6923F4806311
:10C4D8007B617B681E4A934213D07B681D4A934256
:10C4E8000FD07B681D4A93420BD07B681C4A93424D
:10C4F80007D07B681B4A934203D07B68164A934255
:10C5080013D13B6923F480533B613B6923F4005307
:10C518003B613B685B691B013A6913433B613B68BC
:10C528009B691B013A6913433B617B683A695A600E
:10C538007B68FA68DA613B685A687B68DA637B680B
:10C548007A691A6200BF1C37BD465DF8047B7047E4
:10C55800002C0140003401400050014000400140DF
:10C56800004401400048014080B487B000AF7860C3
:10C5780039607B681B6A7B617B681B6A23F4805285
:10C588007B681A627B685B683B617B68DB69FB6080
:10C59800FB6823F0807323F4E043FB60FB6823F41B
:10C5A8004073FB603B681B681B02FA681343FB601F
:10C5B8007B6923F400537B613B689B681B037A69A2
:10C5C80013437B617B682C4A934207D07B682B4AD4
:10C5D800934203D07B682A4A93420DD17B6923F4A6
:10C5E80000437B613B68DB681B037A6913437B610B
:10C5F8007B6923F480437B617B681F4A934213D095
:10C608007B681E4A93420FD07B681E4A93420BD028
:10C618007B681D4A934207D07B681C4A934203D02B
:10C628007B68174A934213D13B6923F480433B61EB
:10C638003B6923F400433B613B685B699B013A69B2
:10C6480013433B613B689B699B013A6913433B6118
:10C658007B683A695A607B68FA68DA613B685A68AD
:10C668007B681A647B687A691A6200BF1C37BD460A
:10C678005DF8047B704700BF002C01400034014086
:10C688000050014000400140004401400048014082
:10C6980080B487B000AF786039607B681B6A3B6103
:10C6A8007B681B6A23F480327B681A627B685B684C
:10C6B8007B617B681B6DFB60FB6823F4803323F090
:10C6C8007003FB603B681B68FA681343FB603B69B7
:10C6D80023F400333B613B689B681B043A691343AE
:10C6E8003B617B68194A934213D07B68184A93428E
:10C6F8000FD07B68174A93420BD07B68164A934247
:10C7080007D07B68154A934203D07B68144A93424A
:10C7180009D17B6923F480337B613B685B691B0229
:10C728007A6913437B617B687A695A607B68FA6827
:10C738001A653B685A687B689A647B683A691A622A
:10C7480000BF1C37BD465DF8047B7047002C0140D4
:10C7580000340140004001400044014000480140CD
:10C768000050014080B487B000AF786039607B68C2
:10C778001B6A3B617B681B6A23F480127B681A6220
:10C788007B685B687B617B681B6DFB60FB6823F0E3
:10C79800807323F4E043FB603B681B681B02FA6864
:10C7A8001343FB603B6923F400133B613B689B68C0
:10C7B8001B053A6913433B617B681A4A934213D0BD
:10C7C8007B68194A93420FD07B68184A93420BD072
:10C7D8007B68174A934207D07B68164A934203D076
:10C7E8007B68154A934209D17B6923F480237B61D6
:10C7F8003B685B699B027A6913437B617B687A6952
:10C808005A607B68FA681A653B685A687B68DA641C
:10C818007B683A691A6200BF1C37BD465DF8047B25
:10C82800704700BF002C0140003401400040014027
:10C8380000440140004801400050014080B487B0E6
:10C8480000AFF860B9607A603B60FB681B6A3B61C7
:10C85800FB681B6A23F00102FB681A62FB689B698C
:10C868007B61FB68284A93421BD0FB68B3F1804F79
:10C8780017D0FB68254A934213D0FB68244A934299
:10C888000FD0FB68234A93420BD0FB68224A93429D
:10C8980007D0FB68214A934203D0FB68204A9342A1
:10C8A80001D1012300E00023002B08D07B6923F08D
:10C8B80003037B617A697B6813437B6103E07B69CF
:10C8C80043F001037B617B6923F0F0037B613B68E4
:10C8D8001B01DBB27A6913437B613B6923F00A03CE
:10C8E8003B61BB6803F00A033A6913433B61FB6889
:10C8F8007A699A61FB683A691A6200BF1C37BD46BB
:10C908005DF8047B704700BF002C01400004004024
:10C9180000080040000C0040003401400040014085
:10C928000050014080B487B000AFF860B9607A6009
:10C938003B60FB681B6A7B61FB681B6A23F0100283
:10C94800FB681A62FB689B693B613B6923F440738F
:10C958003B617B681B023A6913433B613B6923F4E3
:10C9680070433B613B681B039BB23A6913433B61CD
:10C978007B6923F0A0037B61BB681B0103F0A00364
:10C988007A6913437B61FB683A699A61FB687A6943
:10C998001A6200BF1C37BD465DF8047B704780B43F
:10C9A80087B000AFF860B9607A603B60FB681B6ACB
:10C9B8007B61FB681B6A23F48072FB681A62FB6860
:10C9C800DB693B613B6923F003033B613A697B68A0
:10C9D80013433B613B6923F0F0033B613B681B0158
:10C9E800DBB23A6913433B617B6923F420637B61C3
:10C9F800BB681B0203F420637A6913437B61FB68FD
:10CA08003A69DA61FB687A691A6200BF1C37BD4669
:10CA18005DF8047B704780B487B000AFF860B960F8
:10CA28007A603B60FB681B6A7B61FB681B6A23F4C6
:10CA38008052FB681A62FB68DB693B613B6923F43F
:10CA480040733B617B681B023A6913433B613B6956
:10CA580023F470433B613B681B039BB23A69134361
:10CA68003B617B6923F420437B61BB681B0303F4B0
:10CA780020437A6913437B61FB683A69DA61FB6892
:10CA88007A691A6200BF1C37BD465DF8047B70479F
:10CA980080B487B000AFF860B9607A60BB6803F013
:10CAA8001F03012202FA03F37B61FB681A6A7B69A0
:10CAB800DB431A40FB681A62FB681A6ABB6803F01A
:10CAC8001F03796801FA03F31A43FB681A6200BF6F
:10CAD8001C37BD465DF8047B7047000080B584B004
:10CAE80000AF786039603B68002B09D17B6893F808
:10CAF8004430DBB2012B14BF01230023DBB222E058
:10CB08003B68042B09D17B6893F84530DBB2012BD5
:10CB180014BF01230023DBB215E03B68082B09D1C1
:10CB28007B6893F84630DBB2012B14BF0123002346
:10CB3800DBB208E07B6893F84730DBB2012B14BF07
:10CB480001230023DBB2002B01D0012373E03B68F3
:10CB5800002B04D17B68022283F8442013E03B6851
:10CB6800042B04D17B68022283F845200BE03B6844
:10CB7800082B04D17B68022283F8462003E07B68F7
:10CB8800022283F847207B681B680422396818460C
:10CB980000F034FA7B681B685A6C7B681B6842F4A7
:10CBA80000425A647B681B68254A934222D07B68FE
:10CBB8001B68B3F1804F1DD07B681B68214A9342E4
:10CBC80018D07B681B68204A934213D07B681B6887
:10CBD8001E4A93420ED07B681B681D4A934209D0B7
:10CBE8007B681B681B4A934204D07B681B681A4AFF
:10CBF800934215D17B681B689A68184B1340FB60F9
:10CC0800FB68062B15D0FB68B3F5803F11D07B6815
:10CC18001B681A687B681B6842F001021A6008E00A
:10CC28007B681B681A687B681B6842F001021A60FF
:10CC380000E000BF002318461037BD4680BD00BF86
:10CC4800002C01400004004000080040000C004097
:10CC5800003401400040014000500140070001003D
:10CC680080B582B000AF786039607B681B680022AD
:10CC78003968184600F0C2F97B681B681A6A41F2E5
:10CC880011131340002B0FD17B681B681A6A44F2FA
:10CC980044431340002B07D17B681B685A6C7B68A0
:10CCA8001B6822F400425A647B681B681A6A41F2C6
:10CCB80011131340002B0FD17B681B681A6A44F2CA
:10CCC80044431340002B07D17B681B681A687B68B4
:10CCD8001B6822F001021A603B68002B04D17B68B4
:10CCE800012283F8442013E03B68042B04D17B68BD
:10CCF800012283F845200BE03B68082B04D17B68B0
:10CD0800012283F8462003E07B68012283F847204C
:10CD1800002318460837BD4680BD000080B485B0A2
:10CD280000AF786039607B6893F83C30012B01D103
:10CD3800022374E07B68012283F83C207B6802228E
:10CD480083F83D207B681B685B68FB607B681B6819
:10CD58009B68BB607B681B68344A934209D07B6838
:10CD68001B68334A934204D07B681B68314A93425C
:10CD780008D1FB6823F47003FB603B685B68FA68C2
:10CD88001343FB60FB6823F0007323F07003FB6020
:10CD98003B681B68FA681343FB607B681B68FA688A
:10CDA8005A607B681B68214A934222D07B681B68C3
:10CDB800B3F1804F1DD07B681B681F4A934218D07F
:10CDC8007B681B681D4A934213D07B681B681C4A0A
:10CDD80093420ED07B681B68154A934209D07B6842
:10CDE8001B68184A934204D07B681B68114A934217
:10CDF8000CD1BB6823F08003BB603B689B68BA68B2
:10CE08001343BB607B681B68BA689A607B68012221
:10CE180083F83D207B68002283F83C2000231846D5
:10CE28001437BD465DF8047B704700BF002C0140F5
:10CE38000034014000500140000400400008004058
:10CE4800000C00400040014080B485B000AF78601D
:10CE580039600023FB607B6893F83C30012B01D1DB
:10CE6800022378E07B68012283F83C20FB6823F0EA
:10CE7800FF023B68DB681343FB60FB6823F44072E6
:10CE88003B689B681343FB60FB6823F480623B6844
:10CE98005B681343FB60FB6823F400623B681B6814
:10CEA8001343FB60FB6823F480523B681B69134300
:10CEB800FB60FB6823F400523B685B691343FB602B
:10CEC800FB6823F480423B681B6B1343FB60FB68E1
:10CED80023F470223B689B691B041343FB60FB68C7
:10CEE80023F080523B68DB691343FB607B681B6857
:10CEF8001C4A934209D07B681B681B4A934204D0A2
:10CF08007B681B68194A93421CD1FB6823F47002A2
:10CF18003B689B6A1B051343FB60FB6823F0807228
:10CF28003B681B6A1343FB60FB6823F000723B6895
:10CF38005B6A1343FB60FB6823F000523B68DB6AC3
:10CF48001343FB607B681B68FA685A647B6800229D
:10CF580083F83C20002318461437BD465DF8047B4F
:10CF6800704700BF002C01400034014000500140D0
:10CF780080B483B000AF786000BF0C37BD465DF861
:10CF8800047B704780B483B000AF786000BF0C3773
:10CF9800BD465DF8047B704780B483B000AF78600D
:10CFA80000BF0C37BD465DF8047B704780B483B082
:10CFB80000AF786000BF0C37BD465DF8047B704752
:10CFC80080B483B000AF786000BF0C37BD465DF811
:10CFD800047B704780B483B000AF786000BF0C3723
:10CFE800BD465DF8047B704780B483B000AF7860BD
:10CFF80000BF0C37BD465DF8047B704780B487B02E
:10D0080000AFF860B9607A60BB6803F00F030422D0
:10D0180002FA03F37B61FB681A6A7B69DB431A40F7
:10D02800FB681A62FB681A6ABB6803F00F03796829
:10D0380001FA03F31A43FB681A6200BF1C37BD46A6
:10D048005DF8047B704780B582B000AF78607B687C
:10D05800002B01D1012342E07B68D3F88830002BF4
:10D0680006D17B68002283F884207868F4F7FEF8FC
:10D078007B682422C3F888207B681B681A687B6851
:10D088001B6822F001021A607B689B6A002B02D0A1
:10D09800786800F011FF786800F012FC0346012B55
:10D0A80001D101231BE07B681B685A687B681B68F9
:10D0B80022F490425A607B681B689A687B681B68F8
:10D0C80022F02A029A607B681B681A687B681B68D2
:10D0D80042F001021A60786800F090FF0346184693
:10D0E8000837BD4680BD000080B58AB000AFF86043
:10D0F800B9601346FB80FB68D3F88830202B67D1D2
:10D10800BB68002B02D0FB88002B01D1012360E013
:10D11800FB68BA681A65FB68FA88A3F85420FB68AC
:10D12800FA88A3F85620FB680022C3F89020FB6811
:10D138002122C3F88820FB68DB6F002B28D0FB680E
:10D14800DB6F264ADA62FB68DB6F254A1A63FB68E5
:10D15800DB6F244A5A63FB68DB6F00229A63FB6823
:10D16800D86FFB681B6D1946FB681B6828331A4685
:10D17800FB88FDF79DFC0346002B09D0FB681022B5
:10D18800C3F89020FB682022C3F88820012320E000
:10D19800FB681B6840221A62FB681B6808337B61C6
:10D1A8007B6953E8003F3B613B6943F080037B6246
:10D1B800FB681B6808337A6A3A62FB61F9693A6A64
:10D1C80041E80023BB61BB69002BE5D1002300E0E7
:10D1D800022318462837BD4680BD00BF81E30008FA
:10D1E8001BE4000837E4000880B5BAB000AF7860E7
:10D1F8007B681B68DB69C7F8E4307B681B681B68C1
:10D20800C7F8E0307B681B689B68C7F8DC30D7F844
:10D21800E42040F60F031340C7F8D830D7F8D830C9
:10D22800002B1BD1D7F8E43003F02003002B15D0D6
:10D23800D7F8E03003F02003002B05D1D7F8DC3015
:10D2480003F08053002B09D07B685B6F002B00F044
:10D2580000837B685B6F78689847FAE2D7F8D83024
:10D26800002B00F02381D7F8DC208D4B1340002BD6
:10D2780006D1D7F8E0208B4B1340002B00F0168125
:10D28800D7F8E43003F00103002B11D0D7F8E030D1
:10D2980003F48073002B0BD07B681B6801221A6291
:10D2A8007B68D3F8903043F001027B68C3F8902084
:10D2B800D7F8E43003F00203002B11D0D7F8DC30A4
:10D2C80003F00103002B0BD07B681B6802221A6253
:10D2D8007B68D3F8903043F004027B68C3F8902051
:10D2E800D7F8E43003F00403002B11D0D7F8DC3072
:10D2F80003F00103002B0BD07B681B6804221A6221
:10D308007B68D3F8903043F002027B68C3F8902022
:10D31800D7F8E43003F00803002B17D0D7F8E03033
:10D3280003F02003002B05D1D7F8DC205C4B134019
:10D33800002B0BD07B681B6808221A627B68D3F825
:10D34800903043F008027B68C3F89020D7F8E430A7
:10D3580003F40063002B12D0D7F8E03003F08063A9
:10D36800002B0CD07B681B684FF400621A627B6844
:10D37800D3F8903043F020027B68C3F890207B6894
:10D38800D3F89030002B00F06682D7F8E43003F031
:10D398002003002B13D0D7F8E03003F02003002B34
:10D3A80005D1D7F8DC3003F08053002B07D07B6819
:10D3B8005B6F002B03D07B685B6F786898477B684E
:10D3C800D3F89030C7F8D4307B681B689B6803F0AB
:10D3D8004003402B05D0D7F8D43003F02803002BA6
:10D3E80054D0786800F062FF7B681B689B6803F084
:10D3F8004003402B46D17B681B680833C7F89C3034
:10D40800D7F89C3053E8003FC7F89830D7F89830E1
:10D4180023F04003C7F8D0307B681B680833D7F87F
:10D42800D020C7F8A820C7F8A430D7F8A410D7F898
:10D43800A82041E80023C7F8A030D7F8A030002B77
:10D44800D9D17B68D3F88030002B17D07B68D3F80C
:10D458008030154A9A637B68D3F880301846FDF708
:10D46800FBFB0346002B19D07B68D3F880309B6BFD
:10D478007A68D2F88020104698470FE0786800F064
:10D4880009FA0BE0786800F005FA07E0786800F020
:10D4980001FA7B680022C3F89020DCE100BFDAE1E2
:10D4A8000100001020010004B7E400087B68DB6E6F
:10D4B800012B40F07081D7F8E43003F01003002B03
:10D4C80000F06981D7F8E03003F01003002B00F07A
:10D4D80062817B681B6810221A627B681B689B68E4
:10D4E80003F04003402B40F0D8807B68D3F88030AD
:10D4F8001B685B68A7F8BE30B7F8BE30002B00F099
:10D50800AF807B68B3F85C30B7F8BE209A4280F0F1
:10D51800A7807B68B7F8BE20A3F85E207B68D3F8A5
:10D5280080301B681B6803F02003002B40F08780C5
:10D538007B681B68C7F88830D7F8883053E8003F05
:10D54800C7F88430D7F8843023F48073C7F8B8302C
:10D558007B681B681A46D7F8B830C7F89430C7F804
:10D568009020D7F89010D7F8942041E80023C7F806
:10D578008C30D7F88C30002BDAD17B681B680833E5
:10D588007B677B6F53E8003F3B673B6F23F00103EA
:10D59800C7F8B4307B681B680833D7F8B420C7F8DD
:10D5A8008020FB67F96FD7F8802041E80023BB672C
:10D5B800BB6F002BE1D17B681B6808333B663B6E71
:10D5C80053E8003FFB65FB6D23F04003C7F8B0301C
:10D5D8007B681B680833D7F8B020FA66BB66B96E5B
:10D5E800FA6E41E800237B667B6E002BE3D17B68F3
:10D5F8002022C3F88C207B680022DA667B681B68CF
:10D60800FB64FB6C53E8003FBB64BB6C23F0100366
:10D61800C7F8AC307B681B681A46D7F8AC30BB65D6
:10D628007A65796DBA6D41E800233B653B6D002B47
:10D63800E4D17B68D3F880301846FDF7B4FA7B68EC
:10D6480002221A677B68B3F85C207B68B3F85E3007
:10D658009BB2D31A9BB21946786800F025F9FCE012
:10D668007B68B3F85C30B7F8BE209A4240F0F5808A
:10D678007B68D3F880301B681B6803F02003202BDD
:10D6880040F0EB807B6802221A677B68B3F85C3055
:10D698001946786800F008F9DFE07B68B3F85C2089
:10D6A8007B68B3F85E309BB2D31AA7F8CE307B689C
:10D6B800B3F85E309BB2002B00F0D180B7F8CE30C3
:10D6C800002B00F0CC807B681B68BB63BB6B53E806
:10D6D800003F7B637B6B23F49073C7F8C8307B688B
:10D6E8001B681A46D7F8C8307B643A64396C7A6C80
:10D6F80041E80023FB63FB6B002BE4D17B681B68CC
:10D7080008337B627B6A53E8003F3B623B6A23F045
:10D71800805323F00103C7F8C4307B681B680833C3
:10D72800D7F8C4203A63FB62F96A3A6B41E80023F0
:10D73800BB62BB6A002BE1D17B682022C3F88C2036
:10D748007B680022DA667B6800225A677B681B6860
:10D758003B613B6953E8003FFB60FB6823F0100323
:10D76800C7F8C0307B681B681A46D7F8C030FB6121
:10D77800BA61B969FA6941E800237B617B69002BCA
:10D78800E4D17B6802221A67B7F8CE301946786868
:10D7980000F08AF863E0D7F8E43003F48013002B34
:10D7A8000ED0D7F8DC3003F48003002B08D07B6858
:10D7B8001B684FF480121A62786800F0B5FE51E0D9
:10D7C800D7F8E43003F08003002B14D0D7F8E0300A
:10D7D80003F08003002B05D1D7F8DC3003F40003F5
:10D7E800002B08D07B689B6F002B3AD07B689B6F1F
:10D7F8007868984735E0D7F8E43003F04003002B09
:10D8080009D0D7F8E03003F04003002B03D0786844
:10D8180000F05FFE26E0D7F8E43003F40003002BA5
:10D8280009D0D7F8E03003F08043002B03D07868A4
:10D8380000F08EFE16E0D7F8E43003F08073002B7A
:10D8480010D0D7F8E030002B0CDA786800F076FEBC
:10D8580008E000BF06E000BF04E000BF02E000BF30
:10D8680000E000BFE837BD4680BD00BF80B483B08C
:10D8780000AF786000BF0C37BD465DF8047B704789
:10D8880080B483B000AF786000BF0C37BD465DF848
:10D89800047B704780B483B000AF786000BF0C375A
:10D8A800BD465DF8047B704780B483B000AF7860F4
:10D8B8000B467B8000BF0C37BD465DF8047B704784
:10D8C8002DE9B04F8CB000AF7861002387F82A307B
:10D8D8007B699A687B691B691A437B695B691A4390
:10D8E8007B69DB691343FB627B691B681A68AA4B77
:10D8F80013407A691268F96A0B4313607B691B68E5
:10D908005B6823F440517B69DA687B691B680A43CA
:10D918005A607B699B69FB627B691B689F4A9342DB
:10D9280004D07B691B6AFA6A1343FB627B691B6834
:10D938009B6823F06E4323F430637A691268F96AAE
:10D948000B4393607B691B68DB6A23F00F017B69DB
:10D958005A6A7B691B680A43DA627B691B68904ACA
:10D96800934225D18F4BD3F8883003F00303032B60
:10D978001AD801A252F823F091D90008A1D90008B9
:10D9880099D90008A9D90008012387F82B3016E196
:10D99800022387F82B3012E1042387F82B300EE19D
:10D9A800082387F82B300AE1102387F82B3006E18B
:10D9B8007B691B687C4A934238D17A4BD3F888300C
:10D9C80003F00C030C2B2DD801A252F823F000BF52
:10D9D8000DDA00082DDA00082DDA00082DDA000823
:10D9E8001DDA00082DDA00082DDA00082DDA000803
:10D9F80015DA00082DDA00082DDA00082DDA0008FB
:10DA080025DA0008002387F82B30D8E0022387F8AE
:10DA18002B30D4E0042387F82B30D0E0082387F894
:10DA28002B30CCE0102387F82B30C8E07B691B68CB
:10DA38005E4A934225D15B4BD3F8883003F030031C
:10DA4800302B16D0302B18D8202B0AD0202B14D8E6
:10DA5800002B02D0102B08D00FE0002387F82B30C2
:10DA6800ADE0022387F82B30A9E0042387F82B3098
:10DA7800A5E0082387F82B30A1E0102387F82B3086
:10DA88009DE07B691B684A4A934225D1454BD3F8F0
:10DA9800883003F0C003C02B16D0C02B18D8802BB9
:10DAA8000AD0802B14D8002B02D0402B08D00FE0CE
:10DAB800002387F82B3082E0022387F82B307EE0A2
:10DAC800042387F82B307AE0082387F82B3076E098
:10DAD800102387F82B3072E07B691B68354A934224
:10DAE8002AD1304BD3F8883003F44073B3F5407F24
:10DAF8001AD0B3F5407F1BD8B3F5007F0CD0B3F52F
:10DB0800007F15D8002B03D0B3F5807F08D00FE035
:10DB1800002387F82B3052E0022387F82B304EE0A1
:10DB2800042387F82B304AE0082387F82B3046E097
:10DB3800102387F82B3042E07B691B68174A934211
:10DB48003AD1184BD3F8883003F44063B3F5406FEB
:10DB58001AD0B3F5406F1BD8B3F5006F0CD0B3F5EE
:10DB6800006F15D8002B03D0B3F5806F08D00FE0F5
:10DB7800002387F82B3022E0022387F82B301EE0A1
:10DB8800042387F82B301AE0082387F82B3016E097
:10DB9800102387F82B3012E0F369FFCF0080004094
:10DBA8000038014000100240004400400048004096
:10DBB800004C004000500040102387F82B307B6950
:10DBC8001B68AE4A934240F0978097F82B30082B99
:10DBD80023D801A252F823F005DC000823DC000852
:10DBE8000DDC000823DC000813DC000823DC000837
:10DBF80023DC000823DC00081BDC0008FCF76EFAB5
:10DC0800786210E09E4B7B620DE0FCF7F9F97862D0
:10DC180009E04FF400437B6205E000237B620123A7
:10DC280087F82A3000BF7B6A002B00F030817B69BF
:10DC38005B6A944A32F813301A467B6AB3FBF2F3F4
:10DC4800BB617B695A6813465B001344BA699A4200
:10DC580005D37B695B681B03BA699A4203D9012320
:10DC680087F82A3013E17B6A0022BB60FA607B697F
:10DC78005B6A844A32F813309BB200223B607A60B8
:10DC8800D7E90023D7E90201F2F7C2FA02460B46A8
:10DC9800104619464FF000024FF000030B0243EA0A
:10DCA8001063020279694968490800200C46054654
:10DCB80012EB040843EB05097B695B6800229A466E
:10DCC800934652465B4640464946F2F7A1FA024659
:10DCD8000B4613463B623B6AB3F5407F08D33B6A69
:10DCE800B3F5801F04D27B691B683A6ADA60CEE01C
:10DCF800012387F82A30CAE07B69DB69B3F5004F56
:10DD080066D197F82B30082B27D801A252F823F0B8
:10DD18003DDD000845DD00084DDD000863DD000835
:10DD280053DD000863DD000863DD000863DD0008DB
:10DD38005BDD0008FCF7D2F9786214E0FCF7E4F93F
:10DD4800786210E04E4B7B620DE0FCF759F978627F
:10DD580009E04FF400437B6205E000237B62012366
:10DD680087F82A3000BF7B6A002B00F090807B691F
:10DD78005B6A444A32F813301A467B6AB3FBF2F303
:10DD88005A007B695B685B081A447B695B68B2FB75
:10DD9800F3F33B623B6A0F2B16D93B6AB3F5803F1E
:10DDA80012D23B6A9BB223F00F03FB833B6A5B08EA
:10DDB8009BB203F007039AB2FB8B1343FB837B6987
:10DDC8001B68FA8BDA6062E0012387F82A305EE08C
:10DDD80097F82B30082B28D801A252F823F000BF5F
:10DDE8000DDE000815DE00081DDE000833DE000821
:10DDF80023DE000833DE000833DE000833DE0008C7
:10DE08002BDE0008FCF76AF9786214E0FCF77CF96D
:10DE1800786210E01A4B7B620DE0FCF7F1F878624B
:10DE280009E04FF400437B6205E000237B62012395
:10DE380087F82A3000BF7B6A002B28D07B695B6A91
:10DE4800104A32F813301A467B6AB3FBF2F27B6948
:10DE58005B685B081A447B695B68B2FBF3F33B625F
:10DE68003B6A0F2B10D93B6AB3F5803F0CD23B6A53
:10DE78009AB27B691B68DA6009E000BF0080004045
:10DE88000024F400ACFA0008012387F82A307B69E3
:10DE98000122A3F86A207B690122A3F868207B6924
:10DEA80000225A677B6900229A6797F82A30184639
:10DEB8003037BD46BDE8B08F80B483B000AF78601E
:10DEC8007B689B6A03F00803002B0AD07B681B68F9
:10DED8005B6823F400417B689A6B7B681B680A4384
:10DEE8005A607B689B6A03F00103002B0AD07B68A9
:10DEF8001B685B6823F400317B68DA6A7B681B68FF
:10DF08000A435A607B689B6A03F00203002B0AD01D
:10DF18007B681B685B6823F480317B681A6B7B68BD
:10DF28001B680A435A607B689B6A03F00403002B52
:10DF38000AD07B681B685B6823F480217B685A6B76
:10DF48007B681B680A435A607B689B6A03F010036E
:10DF5800002B0AD07B681B689B6823F480517B6880
:10DF6800DA6B7B681B680A439A607B689B6A03F0DC
:10DF78002003002B0AD07B681B689B6823F40051A0
:10DF88007B681A6C7B681B680A439A607B689B6A8B
:10DF980003F04003002B1AD07B681B685B6823F4EE
:10DFA80080117B685A6C7B681B680A435A607B68DF
:10DFB8005B6CB3F5801F0AD17B681B685B6823F430
:10DFC800C0017B689A6C7B681B680A435A607B684F
:10DFD8009B6A03F08003002B0AD07B681B685B6890
:10DFE80023F400217B68DA6C7B681B680A435A605B
:10DFF80000BF0C37BD465DF8047B704780B598B00C
:10E0080002AF78607B680022C3F89020FBF77CFBA6
:10E0180078657B681B681B6803F00803082B2FD101
:10E028006FF07E4300937B6D00224FF400117868F7
:10E0380000F08EF80346002B22D07B681B68BB6378
:10E04800BB6B53E8003F7B637B6B23F080033B652E
:10E058007B681B681A463B6D7B643A64396C7A6C42
:10E0680041E80023FB63FB6B002BE6D17B68202291
:10E07800C3F888207B68002283F88420032363E0A8
:10E088007B681B681B6803F00403042B49D16FF0FD
:10E098007E4300937B6D00224FF48001786800F086
:10E0A80057F80346002B3CD07B681B687B627B6A71
:10E0B80053E8003F3B623B6A23F49073FB647B6840
:10E0C8001B681A46FB6C3B63FA62F96A3A6B41E8D3
:10E0D8000023BB62BB6A002BE6D17B681B68083350
:10E0E8003B613B6953E8003FFB60FB6823F0010399
:10E0F800BB647B681B680833BA6CFA61BB61B96999
:10E10800FA6941E800237B617B69002BE5D17B68D4
:10E118002022C3F88C207B68002283F88420032304
:10E1280012E07B682022C3F888207B682022C3F88D
:10E138008C207B680022DA667B6800221A677B687D
:10E14800002283F88420002318465837BD4680BD36
:10E1580080B584B000AFF860B9603B601346FB71CE
:10E168004FE0BB69B3F1FF3F4BD0FBF7CDFA024656
:10E178003B68D31ABA699A4202D3BB69002B01D112
:10E1880003234EE0FB681B681B6803F00403002BA5
:10E1980037D0BB68802B34D0BB68402B31D0FB68AC
:10E1A8001B68DB6903F00803082B10D1FB681B68A8
:10E1B80008221A62F86800F079F8FB680822C3F8A8
:10E1C8009020FB68002283F88420012329E0FB6863
:10E1D8001B68DB6903F40063B3F5006F11D1FB68BA
:10E1E8001B684FF400621A62F86800F05FF8FB6879
:10E1F8002022C3F89020FB68002283F884200323A0
:10E208000FE0FB681B68DA69BB681340BA689A427A
:10E218000CBF01230023DBB21A46FB799A42A0D037
:10E22800002318461037BD4680BD80B48FB000AFBC
:10E2380078607B681B683B623B6A53E8003FFB6180
:10E24800FB6923F0C0037B637B681B681A467B6B02
:10E25800FB62BA62B96AFA6A41E800237B627B6AA8
:10E26800002BE6D17B681B680833FB60FB6853E82A
:10E27800003FBB60BB6823F400033B637B681B68FB
:10E2880008333A6BBA617B617969BA6941E800235E
:10E298003B613B69002BE5D17B682022C3F88820CD
:10E2A80000BF3C37BD465DF8047B704780B495B02D
:10E2B80000AF78607B681B687B637B6B53E8003F2B
:10E2C8003B633B6B23F49073FB647B681B681A46C3
:10E2D800FB6C3B64FA63F96B3A6C41E80023BB635F
:10E2E800BB6B002BE6D17B681B6808333B623B6A3B
:10E2F80053E8003FFB61FB6923F0805323F00103DF
:10E30800BB647B681B680833BA6CFA62BB62B96A83
:10E31800FA6A41E800237B627B6A002BE3D17B68C1
:10E32800DB6E012B18D17B681B68FB60FB6853E828
:10E33800003FBB60BB6823F010037B647B681B68ED
:10E348001A467B6CBB617A617969BA6941E8002336
:10E358003B613B69002BE6D17B682022C3F88C2007
:10E368007B680022DA667B6800225A6700BF543750
:10E37800BD465DF8047B704780B590B000AF78600B
:10E388007B689B6AFB637B681B681B6803F0200340
:10E39800002B37D1FB6B0022A3F85620FB6B1B68C0
:10E3A80008337B627B6A53E8003F3B623B6A23F099
:10E3B8008003BB63FB6B1B680833BA6B3A63FB6271
:10E3C800F96A3A6B41E80023BB62BB6A002BE5D1CE
:10E3D800FB6B1B683B613B6953E8003FFB60FB68D4
:10E3E80043F040037B63FB6B1B681A467B6BFB6146
:10E3F800BA61B969FA6941E800237B617B69002B3E
:10E40800E6D102E0F86BFFF731FA00BF4037BD46AE
:10E4180080BD80B584B000AF78607B689B6AFB6084
:10E42800F868FFF72DFA00BF1037BD4680BD80B5EC
:10E4380086B000AF78607B689B6A7B617B69D3F8A4
:10E4480088303B617B69D3F88C30FB607B691B6843
:10E458009B6803F08003802B09D13B69212B06D1EF
:10E468007B690022A3F856207869FFF7DEFE7B69F6
:10E478001B689B6803F04003402B09D1FB68222BE3
:10E4880006D17B690022A3F85E207869FFF70EFFAA
:10E498007B69D3F8903043F010027B69C3F8902071
:10E4A8007869FFF7F7F900BF1837BD4680BD80B51A
:10E4B80084B000AF78607B689B6AFB60FB680022D1
:10E4C800A3F85E20F868FFF7E5F900BF1037BD46EE
:10E4D80080BD80B588B000AF78607B681B68FB6042
:10E4E800FB6853E8003FBB60BB6823F04003FB6157
:10E4F8007B681B681A46FB69BB617A617969BA69EE
:10E5080041E800233B613B69002BE6D17B68202270
:10E51800C3F888207B6800229A677868FFF7A6F915
:10E5280000BF2037BD4680BD80B483B000AF78609F
:10E5380000BF0C37BD465DF8047B704780B483B0DC
:10E5480000AF786000BF0C37BD465DF8047B7047AC
:10E5580080B483B000AF786000BF0C37BD465DF86B
:10E56800047B704780B485B000AF78607B6893F80F
:10E578008430012B01D1022327E07B68012283F834
:10E5880084207B682422C3F888207B681B681B686A
:10E59800FB607B681B681A687B681B6822F00102B5
:10E5A8001A60FB6823F00053FB607B6800225A6600
:10E5B8007B681B68FA681A607B682022C3F8882089
:10E5C8007B68002283F88420002318461437BD4650
:10E5D8005DF8047B704780B584B000AF786039601F
:10E5E8007B6893F88430012B01D102232DE07B68EE
:10E5F800012283F884207B682422C3F888207B6862
:10E608001B681B68FB607B681B681A687B681B6853
:10E6180022F001021A607B681B689B6823F0604146
:10E628007B681B683A680A439A60786800F050F87B
:10E638007B681B68FA681A607B682022C3F8882008
:10E648007B68002283F88420002318461037BD46D3
:10E6580080BD80B584B000AF786039607B6893F87E
:10E668008430012B01D102232DE07B68012283F83D
:10E6780084207B682422C3F888207B681B681B6879
:10E68800FB607B681B681A687B681B6822F00102C4
:10E698001A607B681B689B6823F060617B681B6855
:10E6A8003A680A439A60786800F012F87B681B6839
:10E6B800FA681A607B682022C3F888207B680022E9
:10E6C80083F88420002318461037BD4680BD00001B
:10E6D80080B485B000AF78607B685B6E002B08D192
:10E6E8007B680122A3F86A207B680122A3F86820CE
:10E6F80031E00823FB730823BB737B681B689B68A6
:10E708005B0EDBB203F007037B737B681B689B68B7
:10E718005B0FDBB203F007033B73BB7B3A7B11490A
:10E728008A5C02FB03F33A7B0F498A5C93FBF2F3A2
:10E738009AB27B68A3F86A20FB7B7A7B09498A5CDA
:10E7480002FB03F37A7B08498A5C93FBF2F39AB2E3
:10E758007B68A3F8682000BF1437BD465DF8047BCA
:10E76800704700BFC4FA0008CCFA0008012838BF77
:10E77800012010B50446204601F02EF800B110BD66
:10E7880000F006F808B901F01FF88047F3E7000029
:10E79800024B1868BFF35B8F704700BF94060020D8
:10E7A80008B52DED028BB0EE408A00F0D7F9B4EE33
:10E7B800488AF1EE10FA0FD6B5EEC08AF1EE10FADB
:10E7C8000ADCB5EE408AF1EE10FA08D101F016F92C
:10E7D80022239FED090A0360BDEC028B08BD01F0FE
:10E7E8000DF9BDEC028B034621221A600348BDE8EF
:10E7F800084000F077B800BF000080FFD4FA000896
:10E8080010EE103A184923F000428A4219D9B2F1A1
:10E81800FF4F02D330EE400A704700B583B0684618
:10E8280000F096FA00F0030001289DED000ADDEDE6
:10E83800010A0FD0022808D088B900F0C5F803B043
:10E8480000BDDFED0A0A00F0BFB800F0BDF8B1EE78
:10E85800400AF4E700F03AF9B1EE400AEFE7012088
:10E8680000F034F9EBE700BFD80F493F0000000083
:10E8780010EE103A194923F000428A421AD9B2F12F
:10E88800FF4F02D330EE400A704700B583B06846A8
:10E8980000F05EFA00F0030001289DED000ADDEDAE
:10E8A800010A12D002280AD090B9012000F00EF90E
:10E8B80003B000BDDFED0A0A002000F007B901200F
:10E8C80000F004F9B1EE400AF2E700F07DF8EFE756
:10E8D80000F07AF8B1EE400AEAE700BFD80F493FE6
:10E8E800000000009FED010A704700BF0000C07FD4
:10E8F80008B52DED028BF0EE408AB0EE608A00F08C
:10E9080047F820B9B0EE480ABDEC028B08BDB0EE5E
:10E91800480A00F03DF858B1F4EEC88AF1EE10FA52
:10E92800C8BFB0EE688AB0EE480ABDEC028B08BDDD
:10E93800B0EE688AB0EE480ABDEC028B08BD00BF95
:10E9480008B52DED028BF0EE408AB0EE608A00F03B
:10E958001FF820B9B0EE480ABDEC028B08BDB0EE36
:10E96800480A00F015F858B1B4EEE88AF1EE10FA4A
:10E97800C8BFB0EE688AB0EE480ABDEC028B08BD8D
:10E98800B0EE688AB0EE480ABDEC028B08BD00BF45
:10E9980010EE103A33F000400ED0A0F50003B3F1AA
:10E9A800FE4F0DD3074B421E9A4207D9A0F1FF40F4
:10E9B800B0FA80F040097047022070470320704782
:10E9C80004207047FEFF7F0010EE103A23F000434A
:10E9D800B3F1485F2CD2FDEEC07A17EE903A002BC7
:10E9E80060D060EE007A9FED317A9FED315ADFED0D
:10E9F800315A9FED316ADFED316AA7EE875A9FEDF4
:10EA0800307AE7EE855AA7EEA56AA7EE867AE7EE92
:10EA1800876A67EEA66A60EEC00AB6EE007AE7EE8D
:10EA2800A60AB7EE000AD7EE870A30EE600A7047EA
:10EA380060EE007A9FED1D7A9FED1D5ADFED1D5A9D
:10EA48009FED1D6ADFED1D6A1E4AA7EE875A9342A5
:10EA58009FED1B7AE5EE275AA5EEA76AA6EE277A60
:10EA6800E7EE276A66EEA76AD5D9174A934214D803
:10EA780003F17F4307EE103AB7EE006A36EE476AB5
:10EA880060EEC00AF6EE005A97EEA57AE7EEA60AFF
:10EA980037EE607A36EE470A7047B6EE076AB5EE8B
:10EAA800027AEDE7B7EE000A704700BF4ED747ADD0
:10EAB800F6740F317CF293B4010DD037ABAA2A3D1E
:10EAC800610BB6BA9999993E0000483F10EE103A8A
:10EAD80023F00043B3F1485F04D2FDEEC07A17EE8D
:10EAE800903A5BB360EE007A9FED157ADFED155A28
:10EAF8009FED156ADFED156AE7EE875A9FED147AE8
:10EB0800A5EEA76A20EE275AE6EE276AA6EEA77AB0
:10EB180030B9DFED106AE7EE876AA6EE850A70471E
:10EB280027EE457AF6EE006AA0EEA67ADFED0A6ACD
:10EB3800D7EE270AE5EE260A30EE600A704700BFD6
:10EB4800D3C92E2F342FD7B21BEF3836010D50B949
:10EB58008988083CABAA2ABEABAA2A3E10EE102A26
:10EB680032F000432FD0002A134633DBB2F1FF4FB7
:10EB780040DAB2F5000F34DB4FF0000C6448C3F301
:10EB88001601084400F4000282F07E520A43DB15A5
:10EB980000EE102A7F3B5F4A634401F10F0CF7EE49
:10EBA800007A0CEA020230EE670A03EBD05322BB6C
:10EBB800B5EE400AF1EE10FA62D1002B40F09080D9
:10EBC8009FED550A70479FED557ADFED537A87EE32
:10EBD800270A704770EE407A9FED4F7A87EE870AD2
:10EBE8007047DFED4F7A60EE277A6FF0180C17EE5A
:10EBF800903AC3E730EE000A7047F0EE007A70EE04
:10EC0800277A07EE103A80EE274A4648C1F5571290
:10EC1800084402F522720243002A9FED433ADFEDD1
:10EC2800434ADFED435ADFED433A9FED435ADFEDA8
:10EC3800437ADFED436A24EE046AF8EEC72A26EE2B
:10EC4800067AE7EE034AA7EE235AE4EE875AE5EE82
:10EC5800076AE5EE877A67EE867AE6EE877A2ADD36
:10EC6800B6EE007A20EE077A27EE007A77EE877AFA
:10EC780067EE847A3BBB37EE677A30EE470A704717
:10EC88009FED307AF6EE007AE0EE477A20EE007AD1
:10EC980027EE277A002BF0D007EE903A9FED2A6AEC
:10ECA800DFED2A6AF8EEE77AA7EEC67A37EE400A71
:10ECB80097EEA60A704770EE677A67EE847AE3B932
:10ECC80030EE670A70479FED206ADFED206AE2EEBA
:10ECD800867A37EE677A37EE400A92EEA60A7047D0
:10ECE80007EE903A9FED180A9FED187AF8EEE77A4A
:10ECF80027EE800AA7EE870A7047DFED136A9FEDBB
:10ED0800137AE2EEE67A37EEC00A92EE870A704787
:10ED180020FB4A00F0FF7F0000000000000000CC4C
:10ED28000000004C305CCFFF9788173E25333A3EF1
:10ED38002549923E4FD01C3E298E633EABAA2A3FFE
:10ED4800CDCCCC3EABAAAA3ED1F717378071313F64
:10ED580070B510EE103A8B4A23F00044944286B006
:10ED6800054671D9884A94421E4624D823F00042A9
:10ED7800002BDFED867A864922F00F02B0EE407A4A
:10ED880040F3E6808A4270EE677A09BF9FED817A88
:10ED9800DFED816ADFED816A77EEC77A37EEE67AD2
:10EDA80077EEC77A80ED007A77EEE67AC0ED017AE1
:10EDB800012006B070BD7A4A944253D9B4F1FF4F8E
:10EDC80049D2E215863AA4EBC25307EE903ABDEE5B
:10EDD800E77ADFED746AB8EEC77A77EEC77A8DED19
:10EDE800037A67EEA67ABDEEE77AB8EEC77A77EED1
:10EDF800C77A8DED047A67EEA67AF5EE407AF1EEE1
:10EE080010FACDED057A40F08E80B5EE407AF1EE3D
:10EE180010FA40F08A800123634901910221009190
:10EE280003A8294600F0D2F8002EC2DA95ED007A40
:10EE3800D5ED017AB1EE477AF1EE677A85ED007A81
:10EE4800C5ED017A4042B4E7002285ED000A426030
:10EE5800002006B070BD70EE407AC0ED017AC0EDBA
:10EE6800007AF5E700F0AAF89FED507A9FED476A1F
:10EE7800F6EE007AE0EE077A9FED477AFDEEE77A44
:10EE8800F8EEE76A17EE900AA6EEC60A1F2866EEA5
:10EE9800877AB1EE666A30EE677A1EDC444A411E14
:10EEA80026F0004352F8212023F0FF03934214D0A8
:10EEB80085ED007A30EE470A002E30EE670A85EDC0
:10EEC800010ABFF676AFB1EE477AB1EE400A85ED9A
:10EED800007A85ED010A40426BE717EE103AC3F35A
:10EEE800C753C3EBD453082B4FEAE452E0DD9FED40
:10EEF800297A9FED2A5AF0EE405AE6EE075A70EE4C
:10EF0800657AE6EE077AD6EE857A35EEE77A17EE79
:10EF1800103AC3F3C753D21A192A08DCB0EE650AAF
:10EF280085ED007AC6E7032376E7022374E79FEDB1
:10EF3800217A9FED215AB0EE650AA6EE070A75EE12
:10EF4800C07AE6EE077AD6EE857A30EE677AAFE7D2
:10EF58008A4270EE277A09BF9FED0E7ADFED0E6ABE
:10EF6800DFED0E6A77EE877A37EEA67A77EEC77A04
:10EF780080ED007A77EEA67AC0ED017A4FF0FF3087
:10EF880017E700BFD80F493FE3CB1640800FC93FB2
:10EF9800D00FC93F004435374344353708A3852E81
:10EFA800800F49430000804358FB000884F9223F42
:10EFB800D8FA000800A3852E32318D2410EE103ABD
:10EFC80023F0004300EE103A704700BF2DE9F04FE0
:10EFD8002DED048BDBB01C46944603930A46BA4BCE
:10EFE80068991CF1040F53F82170824604F1FF3927
:10EFF800C0F25682BCF1030348BF0CF10403DB10D6
:10F00800029301334FEAC30EACEB0E030593029B48
:10F0180017EB0900A3EB090316D401309FEDAB7A77
:10F02800699C18441EA9002BA4BF54F8235007EE6E
:10F03800905A03F10103ACBFF8EEE77AF0EE477A95
:10F048008342E1EC017AEED1002FC0F2E28203990B
:10F058001EA800EB81004FEA81087E18002346AD08
:10F068004C460AEB8101B9F1000F80F2C8800134E7
:10F07800B44245F8043B00F10400F4D10DF1280B2B
:10F088000BEB8703CDE9062E043B9FED929ADFED4B
:10F09800908A059804930AEB080446AE0BEB8708A0
:10F0A8000097CDF820C00DEB8703002F93ED460A9B
:10F0B8004FEA870515DD73195A4660EE097AB0EEF6
:10F0C800407AFDEEE77A73ED016AF8EEE77AB3422B
:10F0D800A7EEE87A37EEA60ABDEEC77AA2EC017A67
:10F0E800EBD1019000F0B8FAF4EE007AB0EE408A65
:10F0F80020EE270A00F01EFBF2EE007AA0EE678AE7
:10F1080001980028FDEEC89AF8EEE97A38EE678A89
:10F1180040F38280791EC0F108035BF821E04EFAC3
:10F1280003FC0CFA03F3AEEB030EC0F1070219EE71
:10F13800903A4EFA02F26344002A09EE903A4BF8EC
:10F1480021E000F3AF80B5EE408AF1EE10FA74D1F9
:10F15800009B9F420ADD5D44002355F8041D454588
:10F1680043EA0103F9D1002B40F00281009B013BE7
:10F178005BF823207B1C9C46002A40F0F780049A09
:10F18800012152F8045D0131002DFAD03944029D65
:10F19800039A05EB030E0EF1804E699D0EF1FF3EBA
:10F1A8003A4405EB8E0E1EAD06EB830705EB820590
:10F1B800DEED017AF8EEE77AB9F1000F0EF1040EF0
:10F1C800E5EC017ADFED417A09DB2A465346F3EC98
:10F1D800016A32ED017AA342E6EE877AF7D10CF1A3
:10F1E800010C8C45E7EC017AE2DD0F465BE7013460
:10F1F800B442E5EC017A00F104003FF43FAFDFEDE3
:10F20800337A83465346F3EC016A3BED017A8B422D
:10F21800E6EE877AF7D1EAE700F09180F6EE007A19
:10F22800B4EEE78AF1EE10FA80F22981B5EE408A51
:10F23800F1EE10FA4FF000028AD09246DDE9062E70
:10F24800DDF820C00197AEEB0C00B0EE480A009F35
:10F25800009200F001FADFED1E6AB4EEE60AF1EE64
:10F2680010FADDE90023F0EE407AC0F29C819FEDB0
:10F27800197A059920EE077A0831BDEEC77A05910B
:10F28800B8EEC77A5C1CE7EE667ABDEEC77AFDEE8B
:10F29800E77A17EE901A4BF8231017EE103A4BF84E
:10F2A80024307EE00133002F09EE903A40F39D812F
:10F2B80059464FF0000E51F8043B002B39D0C3F5E6
:10F2C800807341F8043C0CE09CFE0008000000003C
:10F2D800000080430000803B0B68C3F1FF0341F846
:10F2E800043B0EF1010E7745F6DC01239E4600280B
:10F2F8000BDD012800F0BB80022806D1791E5BF8DF
:10F30800213003F03F0C4BF821C0022A7FF41BAFD9
:10F31800B7EE000A734630EE488A002B3FF413AF6D
:10F328000992019000F098F90198099A38EE408AFC
:10F3380009E70EF1010E7745BDDC9E46D7E77B1E37
:10F348005BF82320D211002A7FF7FDAE19EE903A20
:10F35800002F03F1010309EE903AA9DC022A7FF499
:10F36800F2AEF7EE007A37EEC88AECE619460EE7F9
:10F378003B469246DDE905125C1EA1F108005BF8E8
:10F388002410009F059061B903F18043013B0BEB0A
:10F398008303014653F8040D013C08390028F9D0CD
:10F3A800059105980092B7EE000A00F055F9002C77
:10F3B800009AB0EE407AC0F22281601C46AD5FED43
:10F3C8003B6A81000BEB800305EB800073ED017A4B
:10F3D800F8EEE77A5B4567EE877A27EE267A60EDE6
:10F3E800017AF3D10DF1C8080E1F2E44C646A44673
:10F3F8000025002F7DDBDFF85C92DFED957A304643
:10F40800002307E0F9EC016AB0EC017A9F42E6EECE
:10F41800877A03DB9D4203F10103F3DA0CF1FF3C29
:10F42800BCF1FF3FEEEC017A05F10105A6F10406F7
:10F43800E1D1689B022B6ADC002B36DC0ED1DFEDB4
:10F44800847A414431ED017A884577EE877AF9D19B
:10F458005346002B40F0C680C2ED007A19EE903A70
:10F4680003F007005BB0BDEC048BBDE8F08F791E9C
:10F478005BF8213003F07F0C4BF821C045E719EE0B
:10F48800903A002F03F1010309EE903AC8BF022217
:10F498003FF70EAFF7EE007A37EEC88A022252E63F
:10F4A80000234FF0080E0293AEE5DDED327A9FEDB2
:10F4B800687A414471ED016A884537EE267AF9D1B8
:10F4C8005346002B40F0848077EEC77A82ED007AAD
:10F4D80064B133A90123B1EC017A01339C4277EE80
:10F4E800877AF8DA53460BB1F1EE677AC2ED017A02
:10F4F800B4E70CF1FF3C0023BCF1FF3F4EF8043B9E
:10F5080005F10105A6F104067FF473AF91E7689B46
:10F51800032BA3D1002C00F08C8008EB840595ED1B
:10F52800007AA0002B46294671ED017AF0EE476A71
:10F5380037EE277A884577EEC77A81ED007A77EE3D
:10F54800A67AC1ED017AEFD1012C72D095ED007A3F
:10F5580008F1040173ED017AF0EE476A37EE277A75
:10F56800994277EEC77A83ED007A77EEA67AC3EDF3
:10F57800017AEFD1031DDFED367A434408F108081C
:10F5880033ED017A984577EE877AF9D15346DDED68
:10F59800326A9DED337A73B9C2ED006A82ED017A61
:10F5A800C2ED027A5AE7FDEEC07A1C4617EE901AB1
:10F5B8004BF82310F5E6F1EE666AB1EE477AF1EE04
:10F5C800677AC2ED006A82ED017AC2ED027A45E7F8
:10F5D800F1EE476A77EEC77AC2ED006A002C7FF435
:10F5E80078AF81E7F1EE677A36E7012815D002286F
:10F5F8007FF4B4AE0EF03F034BF82130AEE6689BC3
:10F60800022B12DC002B17DC7FF428AFDFED107A19
:10F618001EE7039B4FEA830830E50EF07F03022ABA
:10F628004BF821307FF48FAD9BE6689B032B7FF46A
:10F6380015AFDFED077AA9E75346DDED327A1BB146
:10F648004FF0004313604FE7002313604EE700BFFD
:10F658000000000070FE000810EE103A33F0004180
:10F668001A4625D0B1F1FF4F1FD213F0FF4F20D11A
:10F67800DFED297A294A60EE277A904217EE903A10
:10F6880031DB4CF2503CC3F3C75160451A46A1F137
:10F69800190114DD002BDFED227A9FED210AB8BF96
:10F6A800DFED207A27EE800A704730EE000A7047B7
:10F6B80070474CF2503C60454FEAD151EADC0144B6
:10F6C800FE29E7DC002915DC11F1160F19DB1931C9
:10F6D80022F0FF4242EAC15207EE902A9FED120A39
:10F6E80027EE800A7047DFED117A07EE103A27EE11
:10F6F800270A704722F0FF4242EAC15300EE103A4F
:10F708007047002BDFED097A9FED080AB8BFDFEDDF
:10F71800087A27EE800A70470000004CB03CFFFFD3
:10F72800CAF24971CAF249F1000000336042A20DE1
:10F738006042A28D10EE102AC2F3C7537F3B162BEE
:10F7480022F000411BDC002B10461EDB1A49194130
:10F758000A4223D0DFED197A70EE277AF5EEC07AE7
:10F76800F1EE10FA1ADD002A04DA4FF4000242FA28
:10F7780003F3184420EA010300EE103A7047B1F190
:10F78800FF4F0BD330EE000A7047DFED0C7A70EEB6
:10F79800277AF5EEC07AF1EE10FA00DC7047002AFD
:10F7A80002DB9FED070A704711B99FED060A704703
:10F7B800BFEE000AF2E700BFFFFF7F00CAF24971FF
:10F7C800000000000000008008B5062000F0EAF8FC
:10F7D8000120F1F727FE0000024B0146186800F0EF
:10F7E80025B800BF3402002070B50F4E0C463168B2
:10F7F800054611B900F0F2F830602146284600F0BD
:10F80800EDF8431C03D14FF0FF34204670BDC41CF3
:10F8180024F00304A042F8D0211A284600F0DEF8AC
:10F828000130F2D1EFE700BF980600202DE9F84338
:10F83800CD1C25F0030508350C2D38BF0C25002DEF
:10F84800064601DBA94204D90C2333600020BDE839
:10F85800F883DFF8D48000F069F8D8F800301C4647
:10F8680044BB29463046FFF7BFFF431C044658D126
:10F87800D8F800402746002F43D1002C4BD02368EE
:10F888003946304604EB030900F0A8F8814542D117
:10F8980021686D1A29463046FFF7A6FF01303AD095
:10F8A80023682B442360D8F800305A6862BBC8F834
:10F8B80000700FE02268521B20D40B2A17D9611957
:10F8C800A342256018BF5960636808BFC8F80010D4
:10F8D80062514B60304600F02FF804F10B00231DF5
:10F8E80020F00700C21A1CBF1B1AA350AFE76268BA
:10F8F800A3420CBFC8F800205A60EBE723466468AF
:10F90800AEE73C467F68B6E71A465B68A342FBD180
:10F9180000235360DEE70C233360304600F00CF818
:10F9280094E70560D6E700BF9C060020014800F078
:10F938008FB800BFDC070020014800F08AB800BF7C
:10F94800DC07002002440346934200D1704703F8C5
:10F95800011BF9E71F2938B505460C4604D91623BB
:10F9680003604FF0FF3038BDC26B12B152F821303E
:10F978004BB9284600F030F8224601462846BDE833
:10F98800384000F017B8012B0AD0591C03D11623B0
:10F9980003600120E7E7002142F824102046984739
:10F9A8000020E0E7024B01461868FFF7D3BF00BF0D
:10F9B8003402002038B5074D002304460846114696
:10F9C8002B60F1F71FFD431C02D12B6803B12360A4
:10F9D80038BD00BFD8070020F1F70CBD38B5064D7B
:10F9E8000023044608462B60F1F7CEFC431C02D1E5
:10F9F8002B6803B1236038BDD8070020014B186875
:10FA0800704700BF3402002070B50D4B0D4D5B1BD5
:10FA18009C100026A64209D100F02AF80A4D0B4B8B
:10FA28005B1B9C100026A64205D170BD55F8043B0F
:10FA380098470136EEE755F8043B98470136F2E758
:10FA4800B0FE0008B0FE0008B0FE0008BCFE0008CA
:10FA5800704770470A44914200F1FF3300D1704764
:10FA680010B511F8014B03F8014F9142F9D110BDBF
:10FA7800F8B500BFF8BC08BC9E467047F8B500BF93
:08FA8800F8BC08BC9E46704763
:10FA90000000807F0000000000000000010203045D
:10FAA000060708090000000001020304010002002B
:10FAB0000400060008000A000C00100020004000AE
:10FAC0008000000101010103070100000804020495
:10FAD0000801010100000000000FC93F000F49406C
:10FAE00000CB9640000FC9400053FB4000CB1641AD
:10FAF00000ED2F41000F49410031624100537B412D
:10FB0000003A8A4100CB9641005CA34100EDAF4131
:10FB1000007EBC41000FC94100A0D5410031E24147
:10FB200000C2EE410053FB4100F20342003A0A4298
:10FB30000083104200CB164200141D42005C234299
:10FB400000A5294200ED2F4200363642007E3C429D
:10FB500000C74242000F4942A2000000F900000025
:10FB6000830000006E0000004E0000004400000012
:10FB70001500000029000000FC0000002700000024
:10FB800057000000D1000000F50000003400000024
:10FB9000DD000000C0000000DB000000620000008B
:10FBA00095000000990000003C00000043000000A8
:10FBB0009000000041000000FE0000005100000025
:10FBC00063000000AB000000DE000000BB0000008E
:10FBD000C500000061000000B70000002400000024
:10FBE0006E0000003A000000420000004D000000DE
:10FBF000D2000000E0000000060000004900000004
:10FC00002E000000EA00000009000000D100000002
:10FC1000920000001C000000FE0000001D0000001B
:10FC2000EB0000001C000000B100000029000000F3
:10FC3000A70000003E000000E80000008200000075
:10FC400035000000F50000002E000000BB000000A1
:10FC50004400000084000000E90000009C00000057
:10FC60007000000026000000B40000005F000000EB
:10FC70007E000000410000003900000091000000FB
:10FC8000D60000003900000083000000530000008F
:10FC900039000000F40000009C0000008400000017
:10FCA0005F0000008B000000BD000000F9000000B4
:10FCB000280000003B0000001F000000F8000000CA
:10FCC00097000000FF000000DE00000005000000BB
:10FCD000980000000F000000EF0000002F0000005F
:10FCE000110000008B0000005A0000000A00000014
:10FCF0006D0000001F0000006D00000036000000D5
:10FD00007E000000CF00000027000000CB000000B4
:10FD100009000000B70000004F000000460000008E
:10FD20003F000000660000009E0000005F00000031
:10FD3000EA0000002D000000750000002700000010
:10FD4000BA000000C7000000EB000000E500000062
:10FD5000F10000007B0000003D00000007000000F3
:10FD600039000000F70000008A0000005200000087
:10FD700092000000EA0000006B000000FB000000A1
:10FD80005F000000B10000001F0000008D000000B7
:10FD90005D000000080000005600000003000000A5
:10FDA0003000000046000000FC0000007B00000066
:10FDB0006B000000AB000000F0000000CF0000006E
:10FDC000BC000000200000009A000000F4000000C9
:10FDD000360000001D000000A9000000E300000044
:10FDE00091000000610000005E000000E6000000DD
:10FDF0001B000000080000006500000099000000E2
:10FE0000850000005F00000014000000A00000005A
:10FE100068000000400000008D000000FF000000AE
:10FE2000D8000000800000004D00000073000000BA
:10FE3000270000003100000006000000060000005E
:10FE40001500000056000000CA000000730000000A
:10FE5000A8000000C900000060000000E2000000EF
:10FE60007B000000C00000008C0000006B00000060
:10FE70000000C93F0000F0390000DA370000A2336B
:10FE80000000842E0000502B0000C2270000D0226A
:10FE90000000C41F0000C61B00004417040000003F
:08FEA00007000000090000004A
:08FEA800A003FF7F0100000030
:0CFEB000FD010008AD1E000841650008BF
:04FEBC00D901000860
:10FEC0003D150008511600089D1600081D17000872
:10FED00029170008A5170008E11700080300000013
:10FEE0002D180008451800082B1500081B150008E0
:10FEF000FFFFFFFFFFFFFFFF000000000700000003
:10FF00000000803F0000C041CDCCCC3D6F12833A51
:10FF10000000C8420000A04000803B453333733FDF
:10FF20000000F04100002041E8030000333353405B
:10FF30000000804500020000000100000050C3479F
:10FF400000C0C1456F12833A0000484200002040C3
:10FF5000CDCC8C40000000006F12833A0000A0411D
:10FF600017B751380AD7A33C0AD7A33C01000000B9
:10FF70000100000000401C4600401C4600E07645A1
:10FF8000000000000000AA420100000000401C46E2
:10FF900000401C4600E07645000000000000AA4238
:10FFA0000100000000401C4600401C4600E0764571
:10FFB000000000000000AA420100000000401C46B2
:10FFC00000401C4600E07645000000000000AA4208
:10FFD0000000F041000000000000000000000000F0
:10FFE00000000000000000000000803F0000000052
:10FFF00000000000010000003333B33E03000000A6
:020000040801F1
:10000000010100000000803F0000003F0000C03FF1
:1000100000007A440000A04000007A440000A040A4
:100020000000C842000000003333B33E030000006C
:100030000000803F00000040000048420000FA43FA
:10004000000048423333B33E6400000000401C46C9
:1000500000000000000000000000000000000000A0
:100060000000000000000000000000000000000090
:100070000000000000000000000000000000000080
:100080000000000000000000000000000000000070
:100090000000000000000000000000000000000060
:1000A000030100000000803F000000000AD7233D4C
:1000B0000000803F000048430AD7233D0000803FF6
:1000C00000001644AE47613D0000803F00004844F8
:1000D000295C8F3D0000803F000096440AD7A33D75
:1000E000E4010020010000000024F40010000000E2
:1000F000010000003802002000000000A0060020DF
:100100000807002070070020000000000000000029
:1001100000000000000000000000000000000000DF
:1001200000000000000000000000000000000000CF
:1001300000000000000000000000000000000000BF
:0401400000000000BB
:040000050800144596
:00000001FF
